user_id,signup_date,city,age,spend,frequency,recency,avg_order_value,Cluster
0,2023-03-31,Lahore,33.0,93469.0,13.0,9.0,7189.923076923077,0
1,2025-02-12,Islamabad,22.0,10281.0,5.0,88.0,2056.2,1
2,2024-10-16,Quetta,31.0,62810.0,11.0,98.0,5710.0,0
3,2024-03-14,Multan,25.0,42328.0,7.0,20.0,6046.857142857143,1
4,2024-03-09,Lahore,31.0,49045.0,6.0,74.0,8174.166666666667,1
5,2025-05-08,Lahore,18.0,76914.0,8.0,49.0,9614.25,0
6,2023-03-27,Quetta,23.0,114581.0,14.0,6.0,8184.357142857143,0
7,2024-11-28,Quetta,46.0,45262.0,10.0,17.0,4526.2,1
8,2023-07-21,Karachi,40.0,27525.0,5.0,69.0,5505.0,1
9,2023-04-05,Islamabad,45.0,35287.0,6.0,116.0,5881.166666666667,1
10,2024-06-10,Karachi,45.0,46209.0,7.0,20.0,6601.285714285715,1
11,2025-09-02,Karachi,39.0,50476.0,9.0,0.0,5608.444444444444,1
12,2025-01-05,Lahore,29.0,50615.0,7.0,7.0,7230.714285714285,1
13,2025-01-31,Lahore,24.0,38871.0,7.0,5.0,5553.0,1
14,2024-12-18,Lahore,43.0,17153.0,6.0,62.0,2858.833333333333,1
15,2025-02-25,Multan,34.0,129549.0,14.0,39.0,9253.5,0
16,2024-05-28,Lahore,55.0,40490.0,5.0,41.0,8098.0,1
17,2023-05-09,Lahore,30.0,64054.0,9.0,12.0,7117.111111111111,0
18,2025-04-19,Karachi,51.0,68544.0,9.0,30.0,7616.0,0
19,2024-03-26,Lahore,32.0,65378.0,12.0,34.0,5448.166666666667,0
20,2024-05-15,Lahore,45.0,60504.0,10.0,21.0,6050.4,0
21,2024-01-06,Karachi,48.0,92520.0,11.0,12.0,8410.90909090909,0
22,2023-07-02,Karachi,24.0,21697.0,6.0,21.0,3616.1666666666665,1
23,2025-07-15,Islamabad,29.0,2730.0,1.0,202.0,2730.0,1
24,2025-02-20,Multan,24.0,47552.0,7.0,8.0,6793.142857142857,1
25,2024-10-05,Lahore,22.0,70366.0,10.0,24.0,7036.6,0
26,2024-02-07,Multan,39.0,32925.0,5.0,19.0,6585.0,1
27,2025-04-02,Multan,31.0,28521.0,7.0,115.0,4074.428571428572,1
28,2024-06-29,Multan,33.0,76402.0,12.0,38.0,6366.833333333333,0
29,2024-03-19,Islamabad,38.0,104077.0,10.0,13.0,10407.7,0
30,2024-03-26,Islamabad,18.0,90236.0,10.0,20.0,9023.6,0
31,2023-08-16,Islamabad,45.0,67530.0,12.0,2.0,5627.5,0
32,2023-04-03,Islamabad,30.0,10203.0,5.0,57.0,2040.6,1
33,2024-07-08,Lahore,38.0,70066.0,10.0,56.0,7006.6,0
34,2025-06-06,Quetta,39.0,46433.0,8.0,25.0,5804.125,1
35,2023-03-05,Karachi,45.0,23145.0,4.0,94.0,5786.25,1
36,2025-05-08,Islamabad,32.0,43450.0,7.0,10.0,6207.142857142857,1
37,2025-04-07,Karachi,18.0,105128.0,9.0,20.0,11680.888888888889,0
38,2023-10-04,Lahore,34.0,62956.0,7.0,32.0,8993.714285714286,0
39,2024-09-23,Karachi,35.0,14259.0,3.0,18.0,4753.0,1
40,2023-06-15,Karachi,24.0,35425.0,6.0,15.0,5904.166666666667,1
41,2025-01-28,Karachi,34.0,53564.0,8.0,32.0,6695.5,1
42,2024-12-01,Karachi,30.0,35808.0,5.0,85.0,7161.6,1
43,2023-12-21,Lahore,21.0,55492.0,6.0,62.0,9248.666666666666,1
44,2023-03-09,Karachi,39.0,67386.0,8.0,18.0,8423.25,0
45,2025-08-28,Karachi,28.0,68859.0,10.0,6.0,6885.9,0
46,2024-03-21,Quetta,29.0,59518.0,8.0,16.0,7439.75,0
47,2025-06-12,Lahore,29.0,69533.0,11.0,11.0,6321.181818181818,0
48,2024-11-08,Karachi,44.0,66447.0,11.0,6.0,6040.636363636364,0
49,2025-02-17,Lahore,33.0,35945.0,5.0,118.0,7189.0,1
50,2025-01-29,Karachi,34.0,82680.0,12.0,2.0,6890.0,0
51,2023-07-14,Karachi,29.0,32283.0,5.0,41.0,6456.6,1
52,2023-12-30,Islamabad,37.0,45859.0,9.0,57.0,5095.444444444444,1
53,2024-04-11,Quetta,45.0,38967.0,6.0,69.0,6494.5,1
54,2024-05-12,Lahore,39.0,83317.0,13.0,14.0,6409.0,0
55,2023-02-13,Islamabad,39.0,50349.0,8.0,57.0,6293.625,1
56,2024-06-30,Lahore,38.0,69144.0,10.0,8.0,6914.4,0
57,2023-06-04,Lahore,21.0,76661.0,7.0,24.0,10951.57142857143,0
58,2025-01-13,Karachi,25.0,75596.0,9.0,20.0,8399.555555555555,0
59,2024-11-14,Lahore,31.0,12547.0,3.0,99.0,4182.333333333333,1
60,2025-07-11,Islamabad,26.0,21925.0,5.0,24.0,4385.0,1
61,2025-01-14,Islamabad,23.0,21329.0,5.0,13.0,4265.8,1
62,2024-01-02,Islamabad,18.0,35940.0,6.0,45.0,5990.0,1
63,2025-08-25,Karachi,21.0,62879.0,12.0,7.0,5239.916666666667,0
64,2024-02-15,Islamabad,31.0,70241.0,7.0,162.0,10034.42857142857,1
65,2023-11-22,Karachi,32.0,42501.0,9.0,23.0,4722.333333333333,1
66,2025-06-24,Lahore,26.0,40245.0,8.0,78.0,5030.625,1
67,2024-01-06,Lahore,34.0,22708.0,2.0,60.0,11354.0,1
68,2023-03-18,Islamabad,29.0,30505.0,7.0,2.0,4357.857142857143,1
69,2024-04-14,Quetta,43.0,75260.0,9.0,12.0,8362.222222222223,0
70,2025-03-06,Lahore,32.0,55807.0,7.0,23.0,7972.428571428572,1
71,2023-07-09,Karachi,39.0,108163.0,12.0,12.0,9013.583333333334,0
72,2024-04-07,Islamabad,35.0,70757.0,8.0,39.0,8844.625,0
73,2023-05-10,Multan,20.0,86510.0,12.0,18.0,7209.166666666667,0
74,2024-11-17,Karachi,32.0,44582.0,6.0,11.0,7430.333333333333,1
75,2024-04-20,Islamabad,22.0,59704.0,12.0,19.0,4975.333333333333,0
76,2023-11-27,Islamabad,32.0,41202.0,7.0,15.0,5886.0,1
77,2023-08-15,Multan,26.0,90988.0,13.0,67.0,6999.076923076923,0
78,2024-07-18,Lahore,36.0,35274.0,4.0,73.0,8818.5,1
79,2024-10-31,Quetta,21.0,27594.0,8.0,102.0,3449.25,1
80,2025-07-29,Lahore,33.0,62880.0,12.0,87.0,5240.0,0
81,2024-03-13,Multan,38.0,57725.0,11.0,8.0,5247.727272727273,0
82,2023-06-10,Lahore,41.0,71530.0,8.0,17.0,8941.25,0
83,2025-04-12,Lahore,26.0,101169.0,11.0,11.0,9197.181818181818,0
84,2024-09-21,Lahore,33.0,94484.0,10.0,43.0,9448.4,0
85,2024-12-01,Karachi,35.0,21527.0,5.0,162.0,4305.4,1
86,2023-04-08,Karachi,47.0,40845.0,8.0,91.0,5105.625,1
87,2023-11-09,Lahore,20.0,37736.0,5.0,13.0,7547.2,1
88,2025-02-06,Karachi,25.0,57353.0,10.0,27.0,5735.3,0
89,2025-04-12,Karachi,58.0,25122.0,2.0,5.0,12561.0,1
90,2024-03-11,Islamabad,31.0,46059.0,8.0,146.0,5757.375,1
91,2025-03-15,Multan,18.0,69073.0,11.0,2.0,6279.363636363636,0
92,2025-04-21,Islamabad,28.0,24624.0,5.0,35.0,4924.8,1
93,2024-01-23,Lahore,18.0,32839.0,4.0,31.0,8209.75,1
94,2025-06-17,Lahore,35.0,45902.0,5.0,58.0,9180.4,1
95,2023-10-16,Multan,40.0,47720.0,8.0,49.0,5965.0,1
96,2023-08-28,Lahore,25.0,19443.0,4.0,168.0,4860.75,1
97,2024-11-13,Karachi,29.0,67124.0,10.0,0.0,6712.4,0
98,2024-09-28,Quetta,41.0,20461.0,4.0,180.0,5115.25,1
99,2023-05-20,Quetta,18.0,24745.0,6.0,24.0,4124.166666666667,1
100,2025-04-12,Karachi,21.0,45674.0,7.0,6.0,6524.857142857143,1
101,2023-07-19,Islamabad,31.0,51856.0,7.0,48.0,7408.0,1
102,2025-03-15,Karachi,26.0,37489.0,5.0,28.0,7497.8,1
103,2023-01-08,Islamabad,30.0,59100.0,7.0,25.0,8442.857142857143,0
104,2025-03-07,Lahore,22.0,52803.0,8.0,32.0,6600.375,1
105,2025-02-25,Lahore,35.0,74076.0,9.0,48.0,8230.666666666666,0
106,2025-02-19,Islamabad,32.0,108353.0,10.0,5.0,10835.3,0
107,2024-10-26,Lahore,38.0,28709.0,7.0,1.0,4101.285714285715,1
108,2024-04-16,Islamabad,35.0,45870.0,6.0,14.0,7645.0,1
109,2024-12-06,Karachi,35.0,90184.0,11.0,29.0,8198.545454545454,0
110,2023-10-05,Multan,20.0,61430.0,11.0,51.0,5584.545454545455,0
111,2025-02-19,Multan,37.0,81005.0,9.0,36.0,9000.555555555555,0
112,2024-07-09,Karachi,30.0,31381.0,6.0,40.0,5230.166666666667,1
113,2024-04-03,Islamabad,32.0,64647.0,7.0,33.0,9235.285714285714,0
114,2024-05-20,Lahore,42.0,155798.0,15.0,10.0,10386.533333333333,0
115,2024-07-22,Karachi,27.0,83226.0,9.0,74.0,9247.333333333334,0
116,2023-02-07,Lahore,45.0,93481.0,10.0,9.0,9348.1,0
117,2023-05-20,Multan,46.0,107976.0,10.0,3.0,10797.6,0
118,2023-09-03,Multan,40.0,79844.0,10.0,5.0,7984.4,0
119,2023-04-25,Multan,24.0,75716.0,11.0,7.0,6883.272727272727,0
120,2024-03-15,Multan,18.0,105242.0,9.0,47.0,11693.555555555557,0
121,2024-10-30,Quetta,43.0,60505.0,11.0,44.0,5500.454545454545,0
122,2024-10-16,Lahore,34.0,86297.0,10.0,65.0,8629.7,0
123,2024-04-16,Quetta,26.0,40506.0,7.0,6.0,5786.571428571428,1
124,2025-05-05,Karachi,44.0,37383.0,7.0,31.0,5340.428571428572,1
125,2024-07-19,Karachi,25.0,47292.0,7.0,21.0,6756.0,1
126,2023-03-21,Karachi,29.0,56615.0,5.0,21.0,11323.0,0
127,2025-02-03,Karachi,38.0,60117.0,8.0,24.0,7514.625,0
128,2024-07-28,Lahore,23.0,56260.0,9.0,6.0,6251.111111111111,0
129,2024-09-26,Lahore,32.0,32941.0,5.0,153.0,6588.2,1
130,2024-07-19,Lahore,43.0,38471.0,7.0,19.0,5495.857142857143,1
131,2024-07-07,Karachi,35.0,39528.0,8.0,3.0,4941.0,1
132,2023-04-01,Multan,44.0,33002.0,4.0,92.0,8250.5,1
133,2024-07-13,Islamabad,43.0,56611.0,9.0,72.0,6290.111111111111,1
134,2025-03-05,Karachi,33.0,66188.0,12.0,22.0,5515.666666666667,0
135,2023-10-31,Karachi,18.0,64252.0,9.0,7.0,7139.111111111111,0
136,2024-08-25,Karachi,23.0,59383.0,9.0,44.0,6598.111111111111,0
137,2023-01-31,Lahore,40.0,38143.0,5.0,4.0,7628.6,1
138,2023-12-14,Multan,19.0,16789.0,3.0,65.0,5596.333333333333,1
139,2024-03-12,Lahore,30.0,74361.0,12.0,52.0,6196.75,0
140,2025-09-09,Islamabad,36.0,70445.0,6.0,72.0,11740.833333333334,0
141,2023-08-03,Islamabad,46.0,61994.0,9.0,8.0,6888.222222222223,0
142,2023-10-04,Karachi,28.0,36462.0,7.0,15.0,5208.857142857143,1
143,2024-02-13,Multan,27.0,74788.0,9.0,22.0,8309.777777777777,0
144,2025-09-19,Lahore,33.0,74646.0,12.0,25.0,6220.5,0
145,2025-05-03,Multan,36.0,66006.0,10.0,21.0,6600.6,0
146,2023-02-04,Islamabad,32.0,69900.0,7.0,13.0,9985.714285714286,0
147,2023-08-22,Islamabad,42.0,24674.0,5.0,59.0,4934.8,1
148,2025-04-01,Islamabad,26.0,62923.0,10.0,1.0,6292.3,0
149,2023-02-28,Multan,34.0,104129.0,13.0,13.0,8009.923076923077,0
150,2025-05-05,Quetta,37.0,37739.0,7.0,7.0,5391.285714285715,1
151,2023-10-09,Karachi,29.0,76544.0,9.0,10.0,8504.888888888889,0
152,2025-07-06,Multan,41.0,22532.0,3.0,0.0,7510.666666666667,1
153,2023-10-21,Islamabad,34.0,29162.0,7.0,3.0,4166.0,1
154,2024-03-10,Karachi,40.0,91523.0,10.0,37.0,9152.3,0
155,2024-10-23,Quetta,35.0,113347.0,11.0,31.0,10304.272727272728,0
156,2023-05-07,Karachi,36.0,87531.0,9.0,28.0,9725.666666666666,0
157,2024-07-11,Karachi,27.0,45907.0,8.0,74.0,5738.375,1
158,2024-05-20,Lahore,27.0,139876.0,16.0,25.0,8742.25,0
159,2025-02-22,Lahore,44.0,51778.0,7.0,65.0,7396.857142857143,1
160,2025-09-23,Multan,39.0,120515.0,11.0,33.0,10955.90909090909,0
161,2024-10-26,Karachi,24.0,34263.0,6.0,97.0,5710.5,1
162,2024-02-14,Karachi,35.0,43391.0,7.0,45.0,6198.714285714285,1
163,2024-02-11,Lahore,18.0,20718.0,6.0,10.0,3453.0,1
164,2024-02-22,Karachi,28.0,33464.0,6.0,73.0,5577.333333333333,1
165,2025-03-25,Multan,42.0,98822.0,11.0,59.0,8983.818181818182,0
166,2023-11-18,Multan,32.0,81282.0,8.0,1.0,10160.25,0
167,2023-06-16,Lahore,34.0,49777.0,6.0,27.0,8296.166666666666,1
168,2023-12-01,Karachi,18.0,19715.0,3.0,40.0,6571.666666666667,1
169,2023-01-23,Karachi,29.0,49156.0,9.0,79.0,5461.777777777777,1
170,2023-04-17,Islamabad,36.0,139096.0,13.0,7.0,10699.692307692309,0
171,2023-04-01,Karachi,37.0,62770.0,8.0,84.0,7846.25,1
172,2025-02-10,Karachi,42.0,15760.0,4.0,107.0,3940.0,1
173,2024-12-23,Karachi,31.0,72049.0,12.0,22.0,6004.083333333333,0
174,2024-11-27,Karachi,32.0,97127.0,14.0,2.0,6937.642857142857,0
175,2024-04-06,Karachi,21.0,61297.0,9.0,34.0,6810.777777777777,0
176,2024-12-18,Karachi,31.0,29047.0,6.0,43.0,4841.166666666667,1
177,2023-06-11,Multan,22.0,48961.0,10.0,1.0,4896.1,0
178,2025-06-19,Islamabad,18.0,107575.0,14.0,40.0,7683.928571428572,0
179,2024-05-16,Karachi,23.0,49045.0,10.0,7.0,4904.5,1
180,2025-07-27,Multan,47.0,101019.0,14.0,16.0,7215.642857142857,0
181,2023-06-02,Multan,31.0,21379.0,4.0,113.0,5344.75,1
182,2024-05-12,Lahore,35.0,81435.0,7.0,39.0,11633.57142857143,0
183,2024-11-27,Karachi,28.0,57282.0,7.0,4.0,8183.142857142857,0
184,2024-05-10,Lahore,18.0,29677.0,3.0,18.0,9892.333333333334,1
185,2024-03-22,Islamabad,41.0,113514.0,13.0,27.0,8731.846153846154,0
186,2023-06-16,Lahore,18.0,106543.0,9.0,4.0,11838.111111111111,0
187,2024-01-17,Islamabad,28.0,35854.0,5.0,76.0,7170.8,1
188,2023-08-27,Lahore,33.0,55396.0,9.0,9.0,6155.111111111111,0
189,2023-10-29,Karachi,35.0,17254.0,6.0,26.0,2875.6666666666665,1
190,2024-11-14,Quetta,26.0,66485.0,7.0,24.0,9497.857142857143,0
191,2024-09-22,Karachi,18.0,48772.0,6.0,79.0,8128.666666666667,1
192,2024-08-30,Multan,26.0,13039.0,4.0,56.0,3259.75,1
193,2023-12-28,Quetta,26.0,68816.0,11.0,10.0,6256.0,0
194,2025-08-17,Multan,26.0,28157.0,6.0,20.0,4692.833333333333,1
195,2023-03-29,Lahore,42.0,100291.0,9.0,13.0,11143.444444444443,0
196,2023-12-09,Multan,22.0,74495.0,8.0,59.0,9311.875,0
197,2023-04-29,Lahore,36.0,26767.0,4.0,69.0,6691.75,1
198,2023-12-05,Karachi,34.0,110670.0,13.0,3.0,8513.076923076924,0
199,2025-08-19,Multan,42.0,41307.0,7.0,31.0,5901.0,1
200,2024-01-02,Islamabad,32.0,59412.0,7.0,59.0,8487.42857142857,1
201,2025-06-27,Karachi,40.0,25621.0,6.0,252.0,4270.166666666667,1
202,2024-05-10,Karachi,31.0,62433.0,8.0,17.0,7804.125,0
203,2024-11-30,Multan,37.0,72198.0,11.0,4.0,6563.454545454545,0
204,2024-04-02,Islamabad,19.0,60867.0,8.0,77.0,7608.375,1
205,2023-09-23,Karachi,18.0,109288.0,13.0,45.0,8406.76923076923,0
206,2025-02-03,Multan,36.0,24162.0,5.0,62.0,4832.4,1
207,2025-08-27,Lahore,37.0,30320.0,6.0,83.0,5053.333333333333,1
208,2023-09-21,Lahore,37.0,42877.0,6.0,53.0,7146.166666666667,1
209,2025-02-17,Islamabad,28.0,54953.0,9.0,63.0,6105.888888888889,1
210,2023-09-19,Quetta,46.0,134885.0,17.0,8.0,7934.411764705882,0
211,2024-12-17,Lahore,29.0,4006.0,1.0,193.0,4006.0,1
212,2025-02-28,Lahore,37.0,125429.0,16.0,17.0,7839.3125,0
213,2024-03-25,Lahore,38.0,25651.0,5.0,51.0,5130.2,1
214,2025-01-06,Multan,48.0,41301.0,6.0,44.0,6883.5,1
215,2023-09-30,Lahore,30.0,47535.0,6.0,0.0,7922.5,1
216,2023-03-21,Karachi,27.0,39183.0,7.0,51.0,5597.571428571428,1
217,2023-04-07,Quetta,20.0,81720.0,8.0,3.0,10215.0,0
218,2024-03-23,Lahore,47.0,73226.0,10.0,31.0,7322.6,0
219,2025-06-21,Karachi,37.0,43811.0,9.0,8.0,4867.888888888889,1
220,2023-05-08,Karachi,37.0,27928.0,6.0,115.0,4654.666666666667,1
221,2024-03-31,Multan,61.0,48305.0,9.0,33.0,5367.222222222223,1
222,2024-12-05,Karachi,36.0,68802.0,10.0,49.0,6880.2,0
223,2023-07-22,Karachi,21.0,99830.0,9.0,131.0,11092.222222222224,0
224,2024-12-22,Lahore,31.0,64187.0,7.0,40.0,9169.57142857143,0
225,2023-11-02,Islamabad,24.0,78966.0,9.0,173.0,8774.0,0
226,2025-03-19,Islamabad,29.0,39120.0,7.0,31.0,5588.571428571428,1
227,2024-08-02,Lahore,29.0,52322.0,10.0,63.0,5232.2,1
228,2024-06-30,Karachi,28.0,19813.0,3.0,48.0,6604.333333333333,1
229,2023-06-26,Multan,20.0,103425.0,11.0,4.0,9402.272727272728,0
230,2024-04-08,Lahore,47.0,9176.0,2.0,73.0,4588.0,1
231,2025-05-06,Lahore,36.0,24489.0,3.0,115.0,8163.0,1
232,2023-01-20,Karachi,31.0,43241.0,6.0,146.0,7206.833333333333,1
233,2025-01-28,Karachi,40.0,59076.0,8.0,4.0,7384.5,0
234,2024-05-07,Lahore,37.0,52025.0,6.0,68.0,8670.833333333334,1
235,2024-12-20,Karachi,35.0,66788.0,11.0,21.0,6071.636363636364,0
236,2024-10-25,Lahore,39.0,37219.0,7.0,103.0,5317.0,1
237,2024-03-08,Karachi,34.0,46333.0,7.0,1.0,6619.0,1
238,2023-11-05,Islamabad,39.0,37777.0,6.0,18.0,6296.166666666667,1
239,2024-09-19,Karachi,40.0,80486.0,8.0,64.0,10060.75,0
240,2023-05-21,Lahore,34.0,9128.0,2.0,4.0,4564.0,1
241,2024-08-07,Multan,31.0,76089.0,7.0,8.0,10869.857142857143,0
242,2023-04-05,Lahore,47.0,59228.0,8.0,35.0,7403.5,0
243,2024-10-11,Islamabad,29.0,41210.0,6.0,79.0,6868.333333333333,1
244,2024-09-20,Karachi,37.0,73391.0,6.0,22.0,12231.833333333334,0
245,2023-03-26,Islamabad,37.0,73416.0,8.0,3.0,9177.0,0
246,2025-01-27,Lahore,28.0,54338.0,7.0,82.0,7762.571428571428,1
247,2024-02-20,Lahore,26.0,20159.0,5.0,110.0,4031.8,1
248,2025-02-25,Karachi,30.0,44969.0,7.0,24.0,6424.142857142857,1
249,2023-02-11,Lahore,29.0,70423.0,9.0,15.0,7824.777777777777,0
250,2023-06-29,Lahore,20.0,42930.0,8.0,8.0,5366.25,1
251,2024-05-08,Islamabad,27.0,44256.0,5.0,19.0,8851.2,1
252,2023-07-08,Multan,35.0,54923.0,9.0,4.0,6102.555555555556,0
253,2023-11-26,Lahore,44.0,24353.0,5.0,231.0,4870.6,1
254,2024-10-22,Multan,38.0,74966.0,9.0,42.0,8329.555555555555,0
255,2023-05-25,Islamabad,18.0,56873.0,10.0,43.0,5687.3,0
256,2024-11-08,Multan,39.0,36590.0,7.0,39.0,5227.142857142857,1
257,2023-04-14,Islamabad,28.0,40854.0,9.0,73.0,4539.333333333333,1
258,2023-06-25,Islamabad,37.0,48638.0,9.0,117.0,5404.222222222223,1
259,2024-08-10,Karachi,33.0,19939.0,6.0,138.0,3323.1666666666665,1
260,2025-03-04,Islamabad,31.0,33870.0,5.0,0.0,6774.0,1
261,2023-06-20,Multan,32.0,103169.0,10.0,160.0,10316.9,0
262,2023-10-27,Lahore,33.0,40536.0,7.0,8.0,5790.857142857143,1
263,2025-07-14,Karachi,45.0,38535.0,8.0,2.0,4816.875,1
264,2025-09-16,Lahore,33.0,71458.0,11.0,74.0,6496.181818181818,0
265,2024-08-04,Quetta,43.0,25874.0,4.0,30.0,6468.5,1
266,2024-03-23,Karachi,41.0,54001.0,8.0,95.0,6750.125,1
267,2023-12-13,Islamabad,39.0,45281.0,8.0,0.0,5660.125,1
268,2024-09-04,Multan,18.0,35930.0,6.0,8.0,5988.333333333333,1
269,2024-08-13,Quetta,43.0,58314.0,8.0,62.0,7289.25,1
270,2023-10-22,Lahore,29.0,71931.0,10.0,61.0,7193.1,0
271,2023-01-23,Islamabad,39.0,62976.0,10.0,26.0,6297.6,0
272,2023-06-01,Multan,24.0,43733.0,7.0,107.0,6247.571428571428,1
273,2025-08-16,Lahore,22.0,66414.0,7.0,2.0,9487.714285714286,0
274,2024-02-23,Islamabad,51.0,46726.0,5.0,63.0,9345.2,1
275,2024-04-27,Karachi,24.0,81109.0,10.0,82.0,8110.9,0
276,2024-04-12,Islamabad,43.0,75885.0,9.0,101.0,8431.666666666666,0
277,2025-02-21,Karachi,34.0,122240.0,15.0,1.0,8149.333333333333,0
278,2023-03-06,Lahore,29.0,42813.0,6.0,8.0,7135.5,1
279,2023-03-24,Lahore,33.0,50314.0,11.0,18.0,4574.0,0
280,2023-10-03,Lahore,21.0,81776.0,9.0,38.0,9086.222222222224,0
281,2024-05-01,Lahore,33.0,61151.0,9.0,25.0,6794.555555555556,0
282,2024-11-02,Islamabad,23.0,71297.0,10.0,28.0,7129.7,0
283,2024-05-05,Karachi,29.0,40742.0,8.0,14.0,5092.75,1
284,2024-03-17,Lahore,41.0,65170.0,9.0,0.0,7241.111111111111,0
285,2025-07-26,Islamabad,35.0,359.0,1.0,82.0,359.0,1
286,2023-06-11,Islamabad,20.0,36724.0,6.0,6.0,6120.666666666667,1
287,2024-07-25,Karachi,41.0,70876.0,11.0,0.0,6443.272727272727,0
288,2024-06-26,Quetta,33.0,22688.0,7.0,8.0,3241.1428571428573,1
289,2024-04-18,Karachi,28.0,48299.0,8.0,42.0,6037.375,1
290,2025-03-18,Multan,40.0,72761.0,8.0,52.0,9095.125,0
291,2023-09-24,Lahore,31.0,36328.0,5.0,63.0,7265.6,1
292,2025-08-11,Islamabad,23.0,91062.0,13.0,3.0,7004.769230769231,0
293,2023-11-28,Quetta,50.0,77966.0,11.0,34.0,7087.818181818182,0
294,2024-06-29,Multan,33.0,30333.0,5.0,37.0,6066.6,1
295,2024-06-04,Karachi,32.0,59543.0,10.0,24.0,5954.3,0
296,2025-04-29,Islamabad,29.0,50639.0,9.0,104.0,5626.555555555556,1
297,2024-03-14,Karachi,44.0,85102.0,14.0,44.0,6078.714285714285,0
298,2023-10-12,Islamabad,28.0,39501.0,7.0,70.0,5643.0,1
299,2023-01-22,Islamabad,19.0,98631.0,15.0,12.0,6575.4,0
300,2023-12-30,Quetta,27.0,46332.0,6.0,1.0,7722.0,1
301,2025-04-06,Karachi,45.0,27923.0,7.0,9.0,3989.0,1
302,2023-01-10,Lahore,40.0,123864.0,12.0,12.0,10322.0,0
303,2025-06-15,Karachi,31.0,85066.0,13.0,2.0,6543.538461538462,0
304,2024-06-26,Lahore,45.0,43284.0,8.0,69.0,5410.5,1
305,2023-05-21,Lahore,40.0,34900.0,5.0,1.0,6980.0,1
306,2023-10-30,Karachi,31.0,90964.0,9.0,23.0,10107.111111111111,0
307,2024-07-08,Islamabad,32.0,84297.0,8.0,32.0,10537.125,0
308,2023-11-12,Lahore,36.0,61764.0,10.0,10.0,6176.4,0
309,2023-04-19,Lahore,26.0,56503.0,8.0,19.0,7062.875,0
310,2024-10-27,Lahore,33.0,66209.0,9.0,47.0,7356.555555555556,0
311,2024-11-03,Multan,36.0,41939.0,5.0,60.0,8387.8,1
312,2023-04-29,Islamabad,18.0,69155.0,7.0,37.0,9879.285714285714,0
313,2023-10-09,Lahore,31.0,22673.0,3.0,17.0,7557.666666666667,1
314,2023-09-01,Lahore,30.0,73476.0,7.0,107.0,10496.57142857143,0
315,2024-10-21,Karachi,42.0,46541.0,7.0,82.0,6648.714285714285,1
316,2024-12-31,Lahore,18.0,33104.0,5.0,19.0,6620.8,1
317,2024-12-27,Karachi,30.0,46638.0,7.0,90.0,6662.571428571428,1
318,2025-07-27,Karachi,29.0,109171.0,15.0,31.0,7278.066666666667,0
319,2025-02-07,Quetta,42.0,46786.0,5.0,61.0,9357.2,1
320,2023-11-17,Lahore,33.0,22221.0,3.0,220.0,7407.0,1
321,2023-04-18,Islamabad,49.0,51551.0,6.0,21.0,8591.833333333334,1
322,2024-09-06,Lahore,39.0,88622.0,11.0,35.0,8056.545454545455,0
323,2025-07-05,Quetta,29.0,37798.0,6.0,54.0,6299.666666666667,1
324,2025-09-02,Quetta,35.0,50773.0,7.0,0.0,7253.285714285715,1
325,2023-08-19,Islamabad,30.0,60537.0,6.0,90.0,10089.5,1
326,2023-08-25,Karachi,41.0,58450.0,6.0,22.0,9741.666666666666,0
327,2023-02-07,Lahore,21.0,20264.0,4.0,123.0,5066.0,1
328,2023-05-22,Multan,26.0,38362.0,3.0,18.0,12787.333333333334,1
329,2024-07-08,Islamabad,37.0,37759.0,6.0,58.0,6293.166666666667,1
330,2024-06-30,Lahore,44.0,67706.0,13.0,3.0,5208.153846153846,0
331,2024-01-06,Karachi,18.0,88021.0,11.0,27.0,8001.909090909091,0
332,2023-11-06,Karachi,45.0,56889.0,8.0,14.0,7111.125,0
333,2025-04-09,Multan,32.0,59411.0,7.0,9.0,8487.285714285714,0
334,2024-04-05,Islamabad,18.0,40321.0,6.0,173.0,6720.166666666667,1
335,2025-03-19,Islamabad,18.0,116417.0,10.0,42.0,11641.7,0
336,2025-08-21,Islamabad,19.0,41822.0,8.0,3.0,5227.75,1
337,2023-11-14,Lahore,33.0,31617.0,6.0,2.0,5269.5,1
338,2023-07-22,Karachi,32.0,62540.0,9.0,76.0,6948.888888888889,0
339,2025-08-10,Lahore,39.0,61968.0,4.0,123.0,15492.0,0
340,2024-09-26,Islamabad,28.0,97927.0,13.0,17.0,7532.846153846154,0
341,2023-10-18,Karachi,23.0,39160.0,7.0,43.0,5594.285714285715,1
342,2024-09-13,Karachi,29.0,94744.0,11.0,55.0,8613.09090909091,0
343,2024-05-30,Lahore,33.0,82670.0,9.0,6.0,9185.555555555557,0
344,2025-06-24,Lahore,35.0,35710.0,6.0,77.0,5951.666666666667,1
345,2023-09-13,Karachi,26.0,80163.0,9.0,70.0,8907.0,0
346,2025-09-18,Lahore,41.0,62430.0,9.0,16.0,6936.666666666667,0
347,2025-07-25,Lahore,27.0,51021.0,8.0,11.0,6377.625,1
348,2023-06-30,Islamabad,25.0,71961.0,10.0,3.0,7196.1,0
349,2023-06-14,Karachi,28.0,53019.0,9.0,8.0,5891.0,0
350,2024-06-17,Karachi,43.0,69998.0,11.0,69.0,6363.454545454545,0
351,2023-02-14,Karachi,32.0,51875.0,6.0,91.0,8645.833333333334,1
352,2023-10-26,Multan,27.0,35262.0,4.0,82.0,8815.5,1
353,2024-03-11,Karachi,41.0,51634.0,11.0,66.0,4694.0,1
354,2025-08-27,Islamabad,52.0,91630.0,14.0,2.0,6545.0,0
355,2025-09-19,Quetta,35.0,45096.0,6.0,24.0,7516.0,1
356,2023-06-01,Islamabad,44.0,50549.0,6.0,14.0,8424.833333333334,1
357,2025-06-10,Karachi,42.0,28856.0,5.0,45.0,5771.2,1
358,2023-04-01,Islamabad,28.0,58031.0,9.0,31.0,6447.888888888889,0
359,2025-01-18,Karachi,33.0,26503.0,5.0,67.0,5300.6,1
360,2025-04-25,Karachi,21.0,31853.0,7.0,0.0,4550.428571428572,1
361,2025-06-09,Karachi,31.0,29568.0,6.0,31.0,4928.0,1
362,2023-08-12,Karachi,27.0,18444.0,4.0,14.0,4611.0,1
363,2025-06-12,Lahore,29.0,73368.0,10.0,26.0,7336.8,0
364,2023-04-26,Karachi,26.0,31317.0,5.0,73.0,6263.4,1
365,2024-06-02,Lahore,30.0,57031.0,10.0,37.0,5703.1,0
366,2024-04-14,Karachi,38.0,46582.0,8.0,1.0,5822.75,1
367,2023-11-12,Karachi,32.0,32893.0,3.0,28.0,10964.333333333334,1
368,2023-01-23,Quetta,18.0,76757.0,9.0,64.0,8528.555555555555,0
369,2025-02-11,Lahore,26.0,50658.0,8.0,7.0,6332.25,1
370,2023-12-02,Islamabad,19.0,116468.0,11.0,16.0,10588.0,0
371,2024-10-23,Karachi,35.0,52254.0,5.0,50.0,10450.8,1
372,2024-02-15,Lahore,38.0,31199.0,6.0,46.0,5199.833333333333,1
373,2024-01-09,Lahore,35.0,104250.0,12.0,87.0,8687.5,0
374,2025-06-05,Lahore,26.0,89864.0,8.0,10.0,11233.0,0
375,2023-04-05,Lahore,35.0,39357.0,6.0,30.0,6559.5,1
376,2025-01-06,Lahore,29.0,31778.0,5.0,74.0,6355.6,1
377,2025-01-16,Karachi,23.0,18952.0,7.0,42.0,2707.428571428572,1
378,2024-01-15,Karachi,40.0,63590.0,8.0,51.0,7948.75,0
379,2023-09-20,Lahore,40.0,78363.0,10.0,22.0,7836.3,0
380,2023-01-06,Lahore,42.0,60311.0,10.0,7.0,6031.1,0
381,2025-07-25,Lahore,28.0,60906.0,8.0,3.0,7613.25,0
382,2025-08-05,Karachi,44.0,19665.0,7.0,15.0,2809.285714285714,1
383,2023-08-29,Karachi,29.0,87597.0,11.0,16.0,7963.363636363636,0
384,2023-02-01,Karachi,39.0,49846.0,5.0,1.0,9969.2,1
385,2023-05-03,Lahore,28.0,36461.0,7.0,183.0,5208.714285714285,1
386,2023-03-09,Lahore,31.0,56339.0,9.0,49.0,6259.888888888889,1
387,2025-04-11,Quetta,18.0,32118.0,7.0,14.0,4588.285714285715,1
388,2025-06-10,Lahore,30.0,28757.0,5.0,139.0,5751.4,1
389,2023-06-03,Lahore,34.0,25292.0,5.0,5.0,5058.4,1
390,2025-01-16,Lahore,29.0,105034.0,14.0,8.0,7502.428571428572,0
391,2023-06-29,Quetta,49.0,37359.0,7.0,23.0,5337.0,1
392,2024-01-03,Islamabad,23.0,50443.0,5.0,4.0,10088.6,1
393,2024-08-22,Islamabad,28.0,46139.0,4.0,60.0,11534.75,1
394,2024-12-20,Quetta,25.0,93735.0,8.0,52.0,11716.875,0
395,2025-05-24,Lahore,28.0,53950.0,8.0,19.0,6743.75,1
396,2023-02-14,Quetta,42.0,27401.0,5.0,8.0,5480.2,1
397,2023-07-16,Lahore,46.0,53844.0,6.0,101.0,8974.0,1
398,2023-10-08,Islamabad,27.0,49064.0,8.0,24.0,6133.0,1
399,2023-11-07,Karachi,26.0,60087.0,9.0,78.0,6676.333333333333,1
400,2025-09-25,Karachi,23.0,50439.0,6.0,12.0,8406.5,1
401,2025-02-16,Quetta,45.0,48217.0,7.0,28.0,6888.142857142857,1
402,2023-11-17,Lahore,43.0,103195.0,12.0,0.0,8599.583333333334,0
403,2025-08-29,Quetta,32.0,46387.0,8.0,14.0,5798.375,1
404,2024-05-14,Karachi,20.0,32465.0,6.0,52.0,5410.833333333333,1
405,2024-05-15,Islamabad,21.0,51216.0,9.0,7.0,5690.666666666667,1
406,2024-03-09,Quetta,35.0,26146.0,5.0,5.0,5229.2,1
407,2023-05-24,Lahore,38.0,49153.0,7.0,75.0,7021.857142857143,1
408,2025-07-23,Quetta,18.0,106845.0,11.0,10.0,9713.181818181818,0
409,2023-01-14,Karachi,30.0,88328.0,11.0,0.0,8029.818181818182,0
410,2023-06-24,Islamabad,48.0,47756.0,5.0,43.0,9551.2,1
411,2023-08-18,Lahore,31.0,38962.0,6.0,81.0,6493.666666666667,1
412,2023-10-07,Karachi,46.0,43896.0,8.0,54.0,5487.0,1
413,2023-05-12,Islamabad,39.0,95430.0,12.0,4.0,7952.5,0
414,2023-01-18,Karachi,23.0,89064.0,14.0,73.0,6361.714285714285,0
415,2024-11-08,Lahore,30.0,57155.0,8.0,75.0,7144.375,1
416,2025-08-27,Lahore,32.0,97396.0,10.0,13.0,9739.6,0
417,2023-05-02,Multan,24.0,54531.0,5.0,39.0,10906.2,1
418,2023-10-24,Lahore,24.0,94470.0,8.0,59.0,11808.75,0
419,2024-05-21,Islamabad,47.0,90279.0,11.0,5.0,8207.181818181818,0
420,2025-07-16,Quetta,24.0,25359.0,5.0,72.0,5071.8,1
421,2024-11-25,Lahore,43.0,76996.0,7.0,21.0,10999.42857142857,0
422,2025-02-05,Lahore,29.0,57817.0,6.0,5.0,9636.166666666666,0
423,2024-08-04,Islamabad,33.0,77209.0,11.0,23.0,7019.0,0
424,2024-02-22,Lahore,38.0,72065.0,8.0,86.0,9008.125,0
425,2023-07-19,Karachi,28.0,19593.0,3.0,97.0,6531.0,1
426,2025-05-14,Islamabad,38.0,49386.0,10.0,15.0,4938.6,1
427,2025-03-15,Karachi,18.0,22248.0,6.0,118.0,3708.0,1
428,2023-01-26,Karachi,37.0,81901.0,12.0,88.0,6825.083333333333,0
429,2024-12-16,Islamabad,18.0,39998.0,5.0,136.0,7999.6,1
430,2023-03-26,Karachi,31.0,59245.0,9.0,13.0,6582.777777777777,0
431,2025-01-08,Lahore,41.0,10447.0,2.0,11.0,5223.5,1
432,2025-04-05,Karachi,39.0,68680.0,12.0,40.0,5723.333333333333,0
433,2023-05-12,Multan,21.0,46363.0,9.0,128.0,5151.444444444444,1
434,2024-03-09,Islamabad,22.0,43636.0,8.0,38.0,5454.5,1
435,2023-05-04,Karachi,27.0,51912.0,5.0,42.0,10382.4,1
436,2024-07-21,Karachi,35.0,50718.0,10.0,13.0,5071.8,0
437,2025-07-16,Lahore,18.0,77310.0,8.0,31.0,9663.75,0
438,2023-03-22,Lahore,33.0,117301.0,9.0,103.0,13033.444444444443,0
439,2024-02-02,Lahore,36.0,64711.0,11.0,46.0,5882.818181818182,0
440,2025-08-31,Quetta,30.0,49089.0,6.0,77.0,8181.5,1
441,2023-10-28,Lahore,38.0,99156.0,10.0,51.0,9915.6,0
442,2023-05-13,Multan,35.0,170559.0,18.0,27.0,9475.5,0
443,2024-05-03,Lahore,28.0,21715.0,5.0,7.0,4343.0,1
444,2024-05-23,Lahore,18.0,68267.0,8.0,13.0,8533.375,0
445,2024-10-24,Karachi,34.0,86968.0,10.0,26.0,8696.8,0
446,2023-11-10,Karachi,24.0,45219.0,8.0,7.0,5652.375,1
447,2025-08-13,Islamabad,28.0,73516.0,11.0,0.0,6683.272727272727,0
448,2024-06-05,Quetta,37.0,102490.0,9.0,73.0,11387.777777777776,0
449,2023-10-14,Multan,46.0,28508.0,5.0,118.0,5701.6,1
450,2025-08-18,Lahore,33.0,37860.0,7.0,37.0,5408.571428571428,1
451,2025-07-13,Islamabad,38.0,53703.0,11.0,3.0,4882.090909090909,0
452,2024-05-14,Lahore,20.0,34303.0,6.0,27.0,5717.166666666667,1
453,2023-01-25,Multan,35.0,46717.0,6.0,12.0,7786.166666666667,1
454,2024-08-19,Karachi,32.0,38241.0,5.0,17.0,7648.2,1
455,2024-07-09,Karachi,44.0,36341.0,7.0,61.0,5191.571428571428,1
456,2023-05-29,Lahore,28.0,51775.0,8.0,105.0,6471.875,1
457,2024-09-25,Lahore,31.0,69064.0,6.0,49.0,11510.666666666666,0
458,2025-04-20,Lahore,43.0,48229.0,6.0,114.0,8038.166666666667,1
459,2023-04-16,Multan,32.0,73625.0,9.0,118.0,8180.555555555556,0
460,2024-12-24,Islamabad,23.0,73744.0,7.0,124.0,10534.857142857143,0
461,2023-05-21,Quetta,56.0,51219.0,8.0,26.0,6402.375,1
462,2025-01-18,Lahore,23.0,29968.0,5.0,41.0,5993.6,1
463,2024-02-24,Karachi,32.0,54945.0,10.0,136.0,5494.5,1
464,2023-01-07,Lahore,36.0,21872.0,3.0,8.0,7290.666666666667,1
465,2025-08-24,Karachi,35.0,82373.0,9.0,20.0,9152.555555555557,0
466,2023-06-15,Karachi,31.0,23751.0,6.0,20.0,3958.5,1
467,2024-08-19,Lahore,31.0,0.0,0.0,133.0,0.0,1
468,2023-07-01,Karachi,31.0,35730.0,8.0,3.0,4466.25,1
469,2025-07-22,Lahore,23.0,49841.0,6.0,70.0,8306.833333333334,1
470,2025-01-08,Karachi,52.0,82639.0,8.0,45.0,10329.875,0
471,2025-03-15,Islamabad,31.0,24561.0,3.0,43.0,8187.0,1
472,2024-03-08,Lahore,38.0,32688.0,6.0,15.0,5448.0,1
473,2024-04-12,Quetta,30.0,78899.0,10.0,1.0,7889.9,0
474,2024-09-26,Karachi,30.0,83504.0,11.0,44.0,7591.272727272727,0
475,2025-02-23,Multan,29.0,47908.0,8.0,11.0,5988.5,1
476,2025-04-26,Islamabad,19.0,104848.0,10.0,10.0,10484.8,0
477,2023-01-18,Islamabad,32.0,13604.0,3.0,65.0,4534.666666666667,1
478,2024-10-25,Islamabad,29.0,67522.0,9.0,8.0,7502.444444444444,0
479,2023-04-20,Multan,44.0,100400.0,13.0,144.0,7723.076923076923,0
480,2023-10-15,Islamabad,22.0,42785.0,6.0,7.0,7130.833333333333,1
481,2025-04-09,Lahore,28.0,48536.0,7.0,7.0,6933.714285714285,1
482,2023-09-08,Lahore,25.0,57113.0,9.0,14.0,6345.888888888889,0
483,2025-03-07,Islamabad,46.0,54633.0,5.0,124.0,10926.6,1
484,2024-04-08,Lahore,25.0,63634.0,5.0,22.0,12726.8,0
485,2023-08-21,Lahore,38.0,48545.0,8.0,118.0,6068.125,1
486,2023-12-01,Lahore,42.0,73120.0,10.0,6.0,7312.0,0
487,2024-06-14,Karachi,32.0,74098.0,8.0,63.0,9262.25,0
488,2025-02-04,Lahore,21.0,63725.0,11.0,0.0,5793.181818181818,0
489,2024-08-29,Islamabad,21.0,44400.0,5.0,30.0,8880.0,1
490,2025-07-22,Islamabad,41.0,69572.0,9.0,31.0,7730.222222222223,0
491,2025-05-17,Multan,22.0,76252.0,8.0,31.0,9531.5,0
492,2025-01-23,Karachi,37.0,71229.0,9.0,34.0,7914.333333333333,0
493,2024-08-26,Karachi,34.0,12318.0,3.0,221.0,4106.0,1
494,2023-10-17,Karachi,36.0,17667.0,4.0,65.0,4416.75,1
495,2024-02-17,Karachi,37.0,29724.0,5.0,125.0,5944.8,1
496,2023-04-29,Islamabad,25.0,43599.0,8.0,57.0,5449.875,1
497,2024-01-10,Lahore,24.0,62067.0,7.0,86.0,8866.714285714286,1
498,2025-07-15,Quetta,39.0,77204.0,11.0,63.0,7018.545454545455,0
499,2024-03-01,Lahore,27.0,30750.0,5.0,52.0,6150.0,1
500,2023-04-24,Multan,18.0,46684.0,6.0,91.0,7780.666666666667,1
501,2024-10-13,Karachi,39.0,29791.0,6.0,34.0,4965.166666666667,1
502,2025-08-20,Lahore,24.0,67515.0,7.0,17.0,9645.0,0
503,2025-05-17,Islamabad,37.0,72344.0,12.0,45.0,6028.666666666667,0
504,2023-10-02,Lahore,46.0,57700.0,10.0,25.0,5770.0,0
505,2024-03-29,Islamabad,33.0,36526.0,7.0,72.0,5218.0,1
506,2024-06-15,Karachi,42.0,77490.0,11.0,35.0,7044.545454545455,0
507,2023-09-05,Lahore,34.0,85589.0,11.0,0.0,7780.818181818182,0
508,2023-09-26,Lahore,47.0,48424.0,8.0,40.0,6053.0,1
509,2023-08-25,Islamabad,23.0,84684.0,9.0,28.0,9409.333333333334,0
510,2025-09-21,Lahore,33.0,42439.0,10.0,25.0,4243.9,1
511,2025-01-16,Multan,39.0,58949.0,9.0,13.0,6549.888888888889,0
512,2025-04-20,Islamabad,31.0,78091.0,11.0,128.0,7099.181818181818,0
513,2025-03-27,Islamabad,43.0,10397.0,2.0,35.0,5198.5,1
514,2025-08-17,Lahore,29.0,67554.0,11.0,110.0,6141.272727272727,0
515,2023-04-16,Islamabad,52.0,86167.0,11.0,45.0,7833.363636363636,0
516,2025-05-31,Quetta,52.0,26892.0,4.0,270.0,6723.0,1
517,2023-03-08,Lahore,36.0,51225.0,7.0,5.0,7317.857142857143,1
518,2024-04-20,Karachi,38.0,36340.0,7.0,68.0,5191.428571428572,1
519,2024-08-17,Lahore,44.0,78872.0,10.0,20.0,7887.2,0
520,2023-12-24,Karachi,22.0,51471.0,8.0,14.0,6433.875,1
521,2023-05-27,Islamabad,21.0,43150.0,6.0,127.0,7191.666666666667,1
522,2023-07-12,Karachi,44.0,48237.0,9.0,5.0,5359.666666666667,1
523,2025-04-04,Karachi,35.0,46729.0,7.0,38.0,6675.571428571428,1
524,2023-11-15,Karachi,31.0,28954.0,5.0,5.0,5790.8,1
525,2023-11-07,Lahore,33.0,71430.0,6.0,29.0,11905.0,0
526,2025-07-12,Lahore,18.0,119365.0,12.0,25.0,9947.083333333334,0
527,2023-05-24,Multan,31.0,60017.0,10.0,12.0,6001.7,0
528,2025-07-04,Islamabad,26.0,82328.0,10.0,45.0,8232.8,0
529,2025-07-09,Karachi,41.0,72637.0,7.0,1.0,10376.714285714286,0
530,2024-08-21,Islamabad,42.0,102417.0,11.0,16.0,9310.636363636364,0
531,2023-06-15,Lahore,38.0,27793.0,5.0,52.0,5558.6,1
532,2023-06-05,Lahore,37.0,21342.0,8.0,45.0,2667.75,1
533,2023-10-12,Lahore,20.0,59152.0,8.0,45.0,7394.0,0
534,2024-07-31,Quetta,38.0,24551.0,4.0,6.0,6137.75,1
535,2023-06-03,Islamabad,39.0,69241.0,7.0,9.0,9891.57142857143,0
536,2024-03-31,Islamabad,44.0,90519.0,10.0,33.0,9051.9,0
537,2023-04-26,Lahore,52.0,60668.0,8.0,30.0,7583.5,0
538,2024-06-24,Lahore,18.0,71962.0,7.0,15.0,10280.285714285714,0
539,2023-01-22,Islamabad,30.0,107362.0,13.0,20.0,8258.615384615385,0
540,2024-12-10,Karachi,26.0,93331.0,10.0,10.0,9333.1,0
541,2023-02-25,Quetta,35.0,37329.0,7.0,10.0,5332.714285714285,1
542,2023-07-14,Islamabad,33.0,47739.0,8.0,0.0,5967.375,1
543,2023-06-24,Karachi,31.0,93451.0,11.0,20.0,8495.545454545454,0
544,2025-04-10,Islamabad,42.0,83702.0,8.0,55.0,10462.75,0
545,2023-02-23,Quetta,23.0,85628.0,11.0,35.0,7784.363636363636,0
546,2024-03-05,Karachi,24.0,63630.0,11.0,1.0,5784.545454545455,0
547,2024-08-14,Islamabad,24.0,67442.0,9.0,15.0,7493.555555555556,0
548,2024-05-30,Multan,30.0,50034.0,10.0,8.0,5003.4,0
549,2024-11-11,Lahore,22.0,15267.0,2.0,55.0,7633.5,1
550,2025-03-14,Multan,33.0,53300.0,7.0,14.0,7614.285714285715,1
551,2024-01-29,Lahore,32.0,25665.0,7.0,64.0,3666.428571428572,1
552,2025-04-08,Islamabad,26.0,30288.0,6.0,80.0,5048.0,1
553,2023-11-14,Islamabad,41.0,60101.0,11.0,34.0,5463.727272727273,0
554,2025-09-11,Islamabad,32.0,57990.0,6.0,23.0,9665.0,0
555,2024-05-19,Karachi,43.0,66677.0,12.0,6.0,5556.416666666667,0
556,2025-01-06,Islamabad,31.0,36937.0,8.0,32.0,4617.125,1
557,2025-05-25,Lahore,33.0,79413.0,14.0,4.0,5672.357142857143,0
558,2025-03-03,Lahore,28.0,50920.0,7.0,0.0,7274.285714285715,1
559,2025-05-01,Lahore,33.0,50043.0,5.0,31.0,10008.6,1
560,2024-06-20,Karachi,39.0,67898.0,13.0,11.0,5222.923076923077,0
561,2023-02-13,Karachi,29.0,65243.0,11.0,54.0,5931.181818181818,0
562,2024-05-08,Lahore,38.0,44976.0,8.0,38.0,5622.0,1
563,2023-07-01,Multan,26.0,58108.0,8.0,44.0,7263.5,1
564,2025-06-08,Karachi,40.0,43693.0,7.0,24.0,6241.857142857143,1
565,2023-08-25,Karachi,28.0,97832.0,14.0,0.0,6988.0,0
566,2023-08-17,Karachi,41.0,88785.0,10.0,62.0,8878.5,0
567,2023-09-07,Lahore,34.0,72365.0,10.0,32.0,7236.5,0
568,2024-10-04,Islamabad,47.0,80182.0,14.0,57.0,5727.285714285715,0
569,2024-07-25,Karachi,23.0,59697.0,10.0,2.0,5969.7,0
570,2025-08-06,Lahore,20.0,82862.0,9.0,64.0,9206.888888888889,0
571,2024-02-21,Quetta,27.0,29668.0,3.0,75.0,9889.333333333334,1
572,2023-10-10,Multan,21.0,56771.0,5.0,29.0,11354.2,0
573,2023-02-19,Islamabad,21.0,66847.0,8.0,48.0,8355.875,0
574,2023-01-08,Multan,39.0,27981.0,5.0,84.0,5596.2,1
575,2024-01-09,Multan,33.0,72835.0,8.0,12.0,9104.375,0
576,2025-07-14,Karachi,29.0,42526.0,6.0,133.0,7087.666666666667,1
577,2024-06-07,Islamabad,30.0,57488.0,5.0,24.0,11497.6,0
578,2025-06-12,Islamabad,28.0,79082.0,9.0,108.0,8786.888888888889,0
579,2023-04-12,Lahore,48.0,51369.0,6.0,76.0,8561.5,1
580,2023-04-04,Lahore,26.0,75081.0,7.0,13.0,10725.857142857143,0
581,2025-04-13,Lahore,21.0,59610.0,10.0,93.0,5961.0,1
582,2023-04-17,Islamabad,40.0,39639.0,8.0,81.0,4954.875,1
583,2023-02-21,Islamabad,31.0,50776.0,13.0,12.0,3905.846153846154,0
584,2024-02-09,Islamabad,51.0,70812.0,9.0,4.0,7868.0,0
585,2025-07-13,Karachi,28.0,55588.0,8.0,51.0,6948.5,1
586,2024-11-20,Lahore,41.0,37652.0,3.0,54.0,12550.666666666666,1
587,2023-04-10,Karachi,43.0,57880.0,8.0,27.0,7235.0,0
588,2025-04-17,Karachi,28.0,58767.0,11.0,59.0,5342.454545454545,0
589,2025-04-23,Multan,26.0,56339.0,10.0,52.0,5633.9,0
590,2025-03-11,Multan,40.0,48572.0,8.0,41.0,6071.5,1
591,2025-06-21,Multan,38.0,53724.0,10.0,25.0,5372.4,0
592,2023-08-28,Multan,20.0,145733.0,13.0,45.0,11210.23076923077,0
593,2025-09-06,Quetta,23.0,81045.0,10.0,20.0,8104.5,0
594,2023-11-17,Karachi,18.0,84717.0,10.0,15.0,8471.7,0
595,2025-03-13,Lahore,38.0,62898.0,5.0,54.0,12579.6,0
596,2024-08-02,Lahore,31.0,43640.0,5.0,25.0,8728.0,1
597,2025-02-18,Karachi,32.0,44563.0,10.0,56.0,4456.3,1
598,2024-09-19,Lahore,18.0,19018.0,5.0,31.0,3803.6,1
599,2024-10-04,Lahore,23.0,61540.0,7.0,55.0,8791.42857142857,0
600,2024-09-08,Quetta,29.0,72503.0,8.0,16.0,9062.875,0
601,2025-02-17,Lahore,27.0,65276.0,6.0,18.0,10879.333333333334,0
602,2025-01-09,Quetta,34.0,40382.0,6.0,84.0,6730.333333333333,1
603,2023-05-15,Islamabad,38.0,73512.0,7.0,22.0,10501.714285714286,0
604,2025-04-06,Islamabad,53.0,82563.0,11.0,96.0,7505.727272727273,0
605,2024-06-20,Islamabad,33.0,152048.0,13.0,27.0,11696.0,0
606,2023-11-20,Karachi,43.0,45299.0,5.0,21.0,9059.8,1
607,2024-05-29,Islamabad,26.0,31083.0,5.0,167.0,6216.6,1
608,2025-08-24,Lahore,18.0,107003.0,8.0,27.0,13375.375,0
609,2025-05-07,Quetta,30.0,66257.0,11.0,36.0,6023.363636363636,0
610,2025-04-13,Karachi,19.0,57788.0,7.0,1.0,8255.42857142857,0
611,2024-04-07,Lahore,33.0,48479.0,5.0,14.0,9695.8,1
612,2025-02-23,Islamabad,26.0,96664.0,9.0,40.0,10740.444444444443,0
613,2024-01-21,Islamabad,18.0,31546.0,7.0,59.0,4506.571428571428,1
614,2024-11-17,Karachi,49.0,36703.0,6.0,18.0,6117.166666666667,1
615,2024-10-01,Islamabad,28.0,26012.0,5.0,166.0,5202.4,1
616,2023-09-07,Lahore,18.0,40959.0,5.0,20.0,8191.8,1
617,2023-09-24,Islamabad,41.0,50029.0,10.0,12.0,5002.9,0
618,2023-03-03,Lahore,26.0,45095.0,7.0,67.0,6442.142857142857,1
619,2023-05-20,Lahore,43.0,38734.0,5.0,35.0,7746.8,1
620,2024-03-09,Lahore,26.0,166237.0,16.0,6.0,10389.8125,0
621,2024-04-22,Karachi,28.0,50867.0,7.0,119.0,7266.714285714285,1
622,2023-06-15,Karachi,36.0,65725.0,7.0,95.0,9389.285714285714,0
623,2024-02-21,Karachi,38.0,28932.0,5.0,58.0,5786.4,1
624,2024-08-27,Lahore,40.0,62105.0,14.0,29.0,4436.071428571428,0
625,2023-08-21,Lahore,32.0,64591.0,6.0,3.0,10765.166666666666,0
626,2023-12-05,Karachi,38.0,51302.0,9.0,14.0,5700.222222222223,1
627,2024-01-03,Lahore,40.0,52953.0,6.0,3.0,8825.5,1
628,2024-05-20,Islamabad,35.0,51659.0,9.0,26.0,5739.888888888889,1
629,2024-01-02,Quetta,32.0,46745.0,10.0,38.0,4674.5,1
630,2025-01-06,Karachi,20.0,54201.0,10.0,2.0,5420.1,0
631,2023-11-24,Multan,38.0,11427.0,3.0,138.0,3809.0,1
632,2024-03-09,Lahore,33.0,75733.0,8.0,62.0,9466.625,0
633,2024-01-15,Lahore,29.0,81366.0,11.0,42.0,7396.909090909091,0
634,2023-07-02,Islamabad,44.0,84539.0,10.0,18.0,8453.9,0
635,2024-11-16,Islamabad,20.0,123013.0,16.0,7.0,7688.3125,0
636,2023-08-24,Multan,48.0,82741.0,10.0,110.0,8274.1,0
637,2023-10-24,Lahore,33.0,78397.0,9.0,13.0,8710.777777777777,0
638,2025-03-03,Islamabad,36.0,49906.0,11.0,28.0,4536.909090909091,0
639,2025-08-06,Karachi,29.0,54111.0,8.0,23.0,6763.875,1
640,2024-11-01,Karachi,18.0,25634.0,5.0,129.0,5126.8,1
641,2025-07-05,Lahore,32.0,117332.0,14.0,1.0,8380.857142857143,0
642,2025-05-04,Quetta,36.0,19685.0,4.0,26.0,4921.25,1
643,2024-04-25,Lahore,39.0,96815.0,13.0,3.0,7447.307692307692,0
644,2025-02-09,Multan,31.0,56603.0,4.0,2.0,14150.75,0
645,2023-11-25,Islamabad,18.0,84619.0,13.0,19.0,6509.153846153846,0
646,2024-04-05,Islamabad,19.0,19958.0,4.0,0.0,4989.5,1
647,2024-06-19,Islamabad,51.0,60369.0,8.0,5.0,7546.125,0
648,2025-08-18,Multan,23.0,45678.0,6.0,80.0,7613.0,1
649,2025-04-28,Lahore,46.0,6987.0,3.0,50.0,2329.0,1
650,2024-05-04,Lahore,25.0,33743.0,5.0,84.0,6748.6,1
651,2024-10-14,Karachi,31.0,54932.0,8.0,0.0,6866.5,0
652,2023-07-22,Karachi,39.0,41295.0,6.0,137.0,6882.5,1
653,2025-03-15,Lahore,26.0,85477.0,13.0,2.0,6575.153846153846,0
654,2024-07-07,Lahore,47.0,101634.0,13.0,38.0,7818.0,0
655,2024-06-16,Karachi,34.0,86215.0,11.0,47.0,7837.727272727273,0
656,2025-02-05,Lahore,37.0,26731.0,8.0,51.0,3341.375,1
657,2024-09-24,Lahore,31.0,33967.0,5.0,86.0,6793.4,1
658,2023-03-14,Multan,39.0,18466.0,4.0,1.0,4616.5,1
659,2023-10-16,Karachi,47.0,26710.0,4.0,1.0,6677.5,1
660,2023-06-26,Quetta,32.0,46667.0,6.0,3.0,7777.833333333333,1
661,2025-01-04,Quetta,49.0,84799.0,10.0,105.0,8479.9,0
662,2023-02-05,Lahore,27.0,24418.0,7.0,65.0,3488.285714285714,1
663,2023-07-22,Islamabad,40.0,71267.0,10.0,20.0,7126.7,0
664,2024-08-20,Islamabad,37.0,39813.0,4.0,16.0,9953.25,1
665,2024-11-25,Islamabad,23.0,84807.0,10.0,25.0,8480.7,0
666,2024-05-18,Lahore,35.0,18776.0,6.0,33.0,3129.333333333333,1
667,2025-05-10,Lahore,33.0,57466.0,7.0,62.0,8209.42857142857,1
668,2025-07-07,Lahore,25.0,44480.0,6.0,15.0,7413.333333333333,1
669,2023-05-13,Islamabad,36.0,11336.0,3.0,51.0,3778.6666666666665,1
670,2025-08-10,Quetta,34.0,27701.0,4.0,1.0,6925.25,1
671,2024-09-06,Islamabad,32.0,42239.0,5.0,150.0,8447.8,1
672,2024-09-28,Islamabad,32.0,75468.0,13.0,4.0,5805.2307692307695,0
673,2023-04-06,Quetta,32.0,61733.0,9.0,18.0,6859.222222222223,0
674,2024-09-13,Islamabad,30.0,86438.0,15.0,12.0,5762.533333333334,0
675,2024-12-26,Lahore,34.0,47872.0,9.0,136.0,5319.111111111111,1
676,2024-08-03,Multan,27.0,45214.0,8.0,22.0,5651.75,1
677,2023-03-26,Karachi,57.0,56060.0,4.0,18.0,14015.0,0
678,2024-06-07,Lahore,20.0,10333.0,4.0,153.0,2583.25,1
679,2025-07-24,Karachi,28.0,29797.0,4.0,59.0,7449.25,1
680,2024-12-24,Quetta,28.0,38009.0,6.0,131.0,6334.833333333333,1
681,2023-05-18,Lahore,51.0,40424.0,6.0,51.0,6737.333333333333,1
682,2025-08-17,Karachi,21.0,56385.0,13.0,9.0,4337.307692307692,0
683,2025-08-16,Lahore,37.0,20358.0,4.0,155.0,5089.5,1
684,2023-06-19,Lahore,35.0,13638.0,5.0,130.0,2727.6,1
685,2025-03-11,Lahore,36.0,59130.0,11.0,27.0,5375.454545454545,0
686,2024-02-11,Islamabad,44.0,50893.0,8.0,0.0,6361.625,1
687,2024-08-16,Multan,44.0,54765.0,7.0,5.0,7823.571428571428,0
688,2024-03-21,Lahore,29.0,30151.0,4.0,74.0,7537.75,1
689,2025-02-21,Lahore,35.0,61713.0,9.0,22.0,6857.0,0
690,2025-09-23,Lahore,18.0,63578.0,6.0,85.0,10596.333333333334,0
691,2025-03-06,Lahore,34.0,56863.0,5.0,25.0,11372.6,0
692,2025-07-20,Karachi,26.0,88178.0,11.0,9.0,8016.181818181818,0
693,2025-08-04,Islamabad,31.0,47050.0,9.0,40.0,5227.777777777777,1
694,2023-04-01,Islamabad,18.0,41739.0,8.0,20.0,5217.375,1
695,2023-09-11,Karachi,37.0,55126.0,6.0,66.0,9187.666666666666,1
696,2024-12-22,Karachi,18.0,21789.0,4.0,142.0,5447.25,1
697,2024-08-13,Lahore,34.0,57510.0,9.0,6.0,6390.0,0
698,2023-02-20,Lahore,22.0,58097.0,8.0,56.0,7262.125,1
699,2023-04-06,Quetta,25.0,48059.0,9.0,13.0,5339.888888888889,1
700,2024-06-04,Islamabad,43.0,84339.0,10.0,51.0,8433.9,0
701,2024-09-08,Quetta,38.0,42955.0,6.0,60.0,7159.166666666667,1
702,2023-06-17,Multan,43.0,54915.0,6.0,18.0,9152.5,1
703,2023-06-21,Islamabad,47.0,87462.0,9.0,20.0,9718.0,0
704,2023-05-10,Quetta,26.0,40641.0,5.0,92.0,8128.2,1
705,2024-07-18,Karachi,46.0,90614.0,14.0,44.0,6472.428571428572,0
706,2023-01-08,Lahore,20.0,41633.0,5.0,52.0,8326.6,1
707,2024-07-26,Lahore,40.0,40502.0,7.0,5.0,5786.0,1
708,2024-04-20,Lahore,29.0,70624.0,9.0,25.0,7847.111111111111,0
709,2024-04-10,Lahore,25.0,38092.0,5.0,8.0,7618.4,1
710,2024-11-10,Karachi,39.0,112687.0,9.0,1.0,12520.777777777776,0
711,2024-06-06,Islamabad,42.0,59900.0,5.0,129.0,11980.0,1
712,2024-12-28,Islamabad,41.0,63895.0,10.0,10.0,6389.5,0
713,2025-02-02,Karachi,35.0,9474.0,3.0,44.0,3158.0,1
714,2025-07-09,Lahore,34.0,50183.0,7.0,86.0,7169.0,1
715,2025-03-10,Islamabad,38.0,109238.0,12.0,14.0,9103.166666666666,0
716,2024-06-01,Karachi,36.0,56335.0,8.0,35.0,7041.875,1
717,2024-05-07,Lahore,38.0,50330.0,7.0,24.0,7190.0,1
718,2023-08-24,Lahore,35.0,68645.0,8.0,39.0,8580.625,0
719,2024-08-22,Karachi,41.0,49026.0,7.0,25.0,7003.714285714285,1
720,2023-05-20,Lahore,18.0,48386.0,6.0,81.0,8064.333333333333,1
721,2025-07-20,Multan,32.0,21329.0,6.0,49.0,3554.833333333333,1
722,2025-04-25,Islamabad,21.0,66055.0,9.0,14.0,7339.444444444444,0
723,2023-04-30,Islamabad,35.0,69040.0,8.0,96.0,8630.0,0
724,2025-02-24,Lahore,48.0,45988.0,8.0,58.0,5748.5,1
725,2023-04-28,Multan,29.0,110097.0,10.0,24.0,11009.7,0
726,2024-12-22,Islamabad,34.0,108185.0,11.0,3.0,9835.0,0
727,2023-03-29,Lahore,40.0,52911.0,7.0,52.0,7558.714285714285,1
728,2024-05-03,Islamabad,18.0,87278.0,11.0,40.0,7934.363636363636,0
729,2024-10-19,Karachi,28.0,53705.0,7.0,94.0,7672.142857142857,1
730,2024-12-29,Karachi,36.0,118800.0,16.0,10.0,7425.0,0
731,2024-02-23,Lahore,18.0,66774.0,8.0,117.0,8346.75,1
732,2025-07-10,Karachi,24.0,16749.0,3.0,69.0,5583.0,1
733,2025-02-13,Lahore,43.0,70203.0,9.0,21.0,7800.333333333333,0
734,2023-07-28,Lahore,42.0,93608.0,11.0,1.0,8509.818181818182,0
735,2024-11-02,Lahore,36.0,127559.0,11.0,13.0,11596.272727272728,0
736,2024-12-31,Quetta,41.0,72937.0,7.0,13.0,10419.57142857143,0
737,2023-11-30,Lahore,35.0,77358.0,8.0,53.0,9669.75,0
738,2025-01-08,Karachi,38.0,46970.0,7.0,13.0,6710.0,1
739,2025-06-17,Karachi,30.0,84262.0,10.0,33.0,8426.2,0
740,2025-03-28,Multan,34.0,51555.0,8.0,32.0,6444.375,1
741,2025-02-01,Karachi,27.0,19455.0,4.0,83.0,4863.75,1
742,2024-09-26,Multan,44.0,42677.0,8.0,36.0,5334.625,1
743,2023-09-28,Lahore,47.0,31538.0,4.0,29.0,7884.5,1
744,2025-03-06,Lahore,45.0,40357.0,6.0,23.0,6726.166666666667,1
745,2023-12-31,Karachi,29.0,43845.0,8.0,33.0,5480.625,1
746,2024-06-16,Karachi,24.0,81263.0,9.0,4.0,9029.222222222224,0
747,2023-11-11,Multan,44.0,89764.0,10.0,78.0,8976.4,0
748,2023-11-10,Multan,38.0,40361.0,8.0,35.0,5045.125,1
749,2023-06-07,Karachi,36.0,18717.0,4.0,67.0,4679.25,1
750,2025-08-19,Quetta,27.0,18391.0,4.0,182.0,4597.75,1
751,2023-05-28,Karachi,37.0,67442.0,8.0,3.0,8430.25,0
752,2023-03-28,Lahore,23.0,66923.0,6.0,24.0,11153.833333333334,0
753,2025-07-25,Karachi,39.0,25937.0,4.0,191.0,6484.25,1
754,2024-07-09,Lahore,45.0,58790.0,7.0,44.0,8398.57142857143,0
755,2024-03-13,Multan,48.0,31004.0,5.0,33.0,6200.8,1
756,2025-01-07,Lahore,39.0,128991.0,14.0,58.0,9213.642857142857,0
757,2024-01-19,Karachi,21.0,29802.0,6.0,26.0,4967.0,1
758,2023-05-08,Karachi,35.0,85707.0,12.0,8.0,7142.25,0
759,2024-12-30,Lahore,52.0,71569.0,10.0,1.0,7156.9,0
760,2023-06-25,Lahore,25.0,47211.0,4.0,9.0,11802.75,1
761,2024-07-06,Islamabad,32.0,57361.0,9.0,96.0,6373.444444444444,1
762,2025-08-07,Lahore,46.0,56362.0,8.0,35.0,7045.25,1
763,2025-07-25,Karachi,39.0,68392.0,8.0,28.0,8549.0,0
764,2023-12-27,Karachi,55.0,90015.0,10.0,84.0,9001.5,0
765,2025-02-19,Lahore,26.0,33736.0,8.0,50.0,4217.0,1
766,2024-09-04,Lahore,24.0,68939.0,7.0,67.0,9848.42857142857,0
767,2024-04-24,Islamabad,44.0,78505.0,11.0,135.0,7136.818181818182,0
768,2023-05-20,Quetta,22.0,64313.0,9.0,26.0,7145.888888888889,0
769,2024-01-12,Lahore,31.0,68289.0,6.0,221.0,11381.5,1
770,2024-10-13,Quetta,32.0,37571.0,5.0,3.0,7514.2,1
771,2025-09-13,Karachi,42.0,68999.0,9.0,47.0,7666.555555555556,0
772,2023-01-05,Islamabad,39.0,43204.0,8.0,41.0,5400.5,1
773,2024-12-18,Islamabad,37.0,43239.0,7.0,37.0,6177.0,1
774,2025-04-26,Islamabad,29.0,58334.0,10.0,70.0,5833.4,0
775,2025-08-09,Multan,44.0,47878.0,5.0,38.0,9575.6,1
776,2024-02-28,Karachi,69.0,27978.0,4.0,49.0,6994.5,1
777,2023-04-29,Karachi,39.0,12021.0,5.0,39.0,2404.2,1
778,2023-09-28,Karachi,34.0,122923.0,11.0,15.0,11174.818181818182,0
779,2025-04-30,Lahore,21.0,66763.0,11.0,19.0,6069.363636363636,0
780,2025-05-27,Islamabad,27.0,36321.0,5.0,16.0,7264.2,1
781,2024-09-29,Lahore,31.0,49671.0,9.0,4.0,5519.0,1
782,2023-05-03,Lahore,28.0,93996.0,7.0,48.0,13428.0,0
783,2023-05-02,Lahore,33.0,92659.0,15.0,0.0,6177.266666666666,0
784,2024-04-23,Lahore,49.0,27997.0,10.0,38.0,2799.7,1
785,2024-08-11,Islamabad,44.0,45055.0,8.0,42.0,5631.875,1
786,2023-02-02,Islamabad,32.0,58372.0,14.0,1.0,4169.428571428572,0
787,2024-11-17,Karachi,22.0,36177.0,7.0,84.0,5168.142857142857,1
788,2024-06-28,Lahore,45.0,60969.0,8.0,89.0,7621.125,1
789,2023-01-13,Karachi,33.0,50008.0,10.0,18.0,5000.8,1
790,2023-04-06,Karachi,18.0,52341.0,6.0,127.0,8723.5,1
791,2024-03-30,Islamabad,39.0,71117.0,9.0,108.0,7901.888888888889,0
792,2024-12-23,Karachi,42.0,89890.0,11.0,28.0,8171.818181818182,0
793,2025-04-05,Karachi,18.0,51509.0,6.0,14.0,8584.833333333334,1
794,2024-03-07,Karachi,26.0,110719.0,16.0,17.0,6919.9375,0
795,2023-10-23,Quetta,32.0,45318.0,8.0,90.0,5664.75,1
796,2025-08-26,Islamabad,40.0,30037.0,5.0,72.0,6007.4,1
797,2024-04-03,Karachi,28.0,25993.0,5.0,28.0,5198.6,1
798,2023-11-12,Karachi,26.0,56317.0,6.0,37.0,9386.166666666666,1
799,2024-03-18,Lahore,40.0,30934.0,8.0,114.0,3866.75,1
800,2023-01-13,Quetta,29.0,104121.0,15.0,58.0,6941.4,0
801,2023-10-29,Karachi,38.0,31413.0,8.0,90.0,3926.625,1
802,2024-05-30,Lahore,23.0,53271.0,7.0,56.0,7610.142857142857,1
803,2025-07-07,Quetta,21.0,80105.0,10.0,74.0,8010.5,0
804,2025-01-08,Islamabad,40.0,87919.0,7.0,32.0,12559.857142857143,0
805,2025-02-20,Lahore,35.0,74403.0,7.0,35.0,10629.0,0
806,2024-06-28,Lahore,41.0,35431.0,8.0,83.0,4428.875,1
807,2023-04-21,Lahore,28.0,53723.0,11.0,22.0,4883.909090909091,0
808,2024-01-26,Karachi,26.0,50105.0,6.0,79.0,8350.833333333334,1
809,2025-09-24,Lahore,45.0,51323.0,7.0,42.0,7331.857142857143,1
810,2023-02-14,Quetta,19.0,156889.0,13.0,16.0,12068.384615384615,0
811,2025-05-29,Quetta,44.0,66559.0,8.0,80.0,8319.875,0
812,2024-11-15,Karachi,45.0,53673.0,8.0,72.0,6709.125,1
813,2023-10-11,Islamabad,41.0,57815.0,10.0,10.0,5781.5,0
814,2025-02-16,Lahore,27.0,95032.0,12.0,33.0,7919.333333333333,0
815,2025-04-16,Lahore,26.0,60743.0,9.0,16.0,6749.222222222223,0
816,2023-02-13,Islamabad,31.0,10961.0,4.0,125.0,2740.25,1
817,2023-04-17,Lahore,21.0,121603.0,14.0,6.0,8685.92857142857,0
818,2024-10-27,Lahore,24.0,128580.0,12.0,6.0,10715.0,0
819,2025-09-26,Karachi,39.0,47582.0,8.0,14.0,5947.75,1
820,2023-01-24,Lahore,39.0,51454.0,7.0,29.0,7350.571428571428,1
821,2024-10-27,Karachi,24.0,33830.0,8.0,1.0,4228.75,1
822,2023-05-17,Islamabad,39.0,98660.0,13.0,46.0,7589.2307692307695,0
823,2024-10-12,Multan,37.0,46886.0,7.0,28.0,6698.0,1
824,2024-09-15,Islamabad,47.0,86357.0,13.0,27.0,6642.846153846154,0
825,2023-04-01,Multan,38.0,107848.0,10.0,7.0,10784.8,0
826,2024-11-11,Karachi,43.0,56883.0,11.0,36.0,5171.181818181818,0
827,2025-06-16,Multan,37.0,67759.0,11.0,43.0,6159.909090909091,0
828,2025-05-13,Karachi,42.0,35498.0,6.0,20.0,5916.333333333333,1
829,2023-01-29,Lahore,21.0,42034.0,4.0,49.0,10508.5,1
830,2023-09-03,Quetta,32.0,36369.0,7.0,20.0,5195.571428571428,1
831,2023-08-29,Lahore,33.0,56591.0,10.0,34.0,5659.1,0
832,2024-03-29,Lahore,31.0,111160.0,10.0,135.0,11116.0,0
833,2023-05-24,Lahore,37.0,56004.0,8.0,98.0,7000.5,1
834,2025-05-04,Karachi,39.0,88877.0,12.0,0.0,7406.416666666667,0
835,2025-02-15,Karachi,37.0,35596.0,5.0,6.0,7119.2,1
836,2025-03-19,Karachi,31.0,66682.0,8.0,23.0,8335.25,0
837,2023-07-18,Multan,26.0,10232.0,3.0,87.0,3410.6666666666665,1
838,2023-01-15,Lahore,43.0,73350.0,12.0,24.0,6112.5,0
839,2025-06-29,Karachi,36.0,37542.0,4.0,89.0,9385.5,1
840,2023-10-16,Karachi,24.0,17904.0,4.0,2.0,4476.0,1
841,2024-10-18,Multan,31.0,66047.0,7.0,67.0,9435.285714285714,0
842,2025-06-28,Lahore,18.0,74499.0,8.0,65.0,9312.375,0
843,2023-02-06,Lahore,33.0,37101.0,7.0,63.0,5300.142857142857,1
844,2023-01-06,Karachi,31.0,76953.0,9.0,22.0,8550.333333333334,0
845,2023-01-06,Islamabad,28.0,31312.0,6.0,7.0,5218.666666666667,1
846,2023-06-06,Islamabad,47.0,66498.0,5.0,86.0,13299.6,0
847,2023-02-21,Karachi,23.0,24719.0,7.0,105.0,3531.285714285714,1
848,2025-03-30,Islamabad,39.0,34858.0,7.0,81.0,4979.714285714285,1
849,2024-08-28,Karachi,53.0,76168.0,9.0,117.0,8463.111111111111,0
850,2025-09-07,Lahore,43.0,177250.0,18.0,30.0,9847.222222222224,0
851,2025-03-12,Lahore,33.0,29784.0,8.0,8.0,3723.0,1
852,2025-08-21,Lahore,23.0,66994.0,8.0,12.0,8374.25,0
853,2023-08-27,Karachi,21.0,20584.0,4.0,15.0,5146.0,1
854,2023-10-15,Karachi,29.0,45873.0,7.0,7.0,6553.285714285715,1
855,2025-04-29,Karachi,27.0,63976.0,8.0,18.0,7997.0,0
856,2023-09-02,Karachi,27.0,100660.0,8.0,9.0,12582.5,0
857,2023-02-27,Karachi,30.0,127819.0,15.0,16.0,8521.266666666666,0
858,2024-10-31,Islamabad,32.0,41760.0,10.0,5.0,4176.0,1
859,2025-03-11,Islamabad,37.0,59209.0,8.0,19.0,7401.125,0
860,2025-08-26,Karachi,22.0,37927.0,6.0,132.0,6321.166666666667,1
861,2025-07-16,Karachi,27.0,26664.0,3.0,57.0,8888.0,1
862,2023-05-01,Karachi,32.0,91880.0,11.0,7.0,8352.727272727272,0
863,2025-02-11,Karachi,31.0,120049.0,13.0,5.0,9234.53846153846,0
864,2025-04-26,Karachi,50.0,46861.0,9.0,54.0,5206.777777777777,1
865,2024-11-29,Karachi,35.0,54518.0,7.0,5.0,7788.285714285715,0
866,2025-03-30,Islamabad,18.0,64550.0,12.0,27.0,5379.166666666667,0
867,2025-04-17,Islamabad,37.0,73377.0,11.0,0.0,6670.636363636364,0
868,2024-03-22,Lahore,38.0,79757.0,10.0,27.0,7975.7,0
869,2023-02-10,Karachi,32.0,85512.0,9.0,2.0,9501.333333333334,0
870,2024-04-01,Multan,22.0,68256.0,6.0,86.0,11376.0,0
871,2023-07-21,Lahore,49.0,52698.0,6.0,92.0,8783.0,1
872,2023-04-24,Multan,23.0,37191.0,6.0,30.0,6198.5,1
873,2023-05-05,Lahore,39.0,76025.0,13.0,52.0,5848.076923076923,0
874,2024-11-28,Karachi,35.0,61262.0,10.0,40.0,6126.2,0
875,2024-05-19,Karachi,38.0,25807.0,8.0,136.0,3225.875,1
876,2024-06-23,Lahore,48.0,94179.0,11.0,18.0,8561.727272727272,0
877,2025-01-15,Multan,38.0,58617.0,8.0,112.0,7327.125,1
878,2024-07-02,Karachi,28.0,42691.0,6.0,16.0,7115.166666666667,1
879,2024-09-22,Quetta,43.0,69349.0,7.0,56.0,9907.0,0
880,2023-03-28,Lahore,27.0,62724.0,4.0,59.0,15681.0,0
881,2025-05-01,Multan,34.0,33091.0,4.0,43.0,8272.75,1
882,2024-03-24,Quetta,21.0,48375.0,5.0,102.0,9675.0,1
883,2023-06-05,Karachi,24.0,109100.0,14.0,6.0,7792.857142857143,0
884,2025-03-24,Lahore,33.0,41589.0,9.0,12.0,4621.0,1
885,2025-01-04,Islamabad,36.0,52589.0,5.0,69.0,10517.8,1
886,2023-02-23,Karachi,18.0,33070.0,7.0,22.0,4724.285714285715,1
887,2023-07-13,Quetta,37.0,25850.0,5.0,100.0,5170.0,1
888,2023-01-16,Karachi,26.0,26490.0,7.0,106.0,3784.285714285714,1
889,2023-09-28,Lahore,45.0,82302.0,10.0,74.0,8230.2,0
890,2023-04-10,Lahore,30.0,28837.0,5.0,37.0,5767.4,1
891,2024-12-10,Islamabad,23.0,38946.0,7.0,100.0,5563.714285714285,1
892,2024-06-06,Quetta,34.0,68934.0,9.0,125.0,7659.333333333333,0
893,2025-09-07,Lahore,25.0,65385.0,11.0,61.0,5944.090909090909,0
894,2025-01-19,Islamabad,44.0,33828.0,7.0,57.0,4832.571428571428,1
895,2024-09-03,Quetta,33.0,82995.0,11.0,21.0,7545.0,0
896,2024-05-24,Lahore,32.0,55691.0,6.0,102.0,9281.833333333334,1
897,2023-02-24,Lahore,38.0,28183.0,6.0,61.0,4697.166666666667,1
898,2023-03-12,Islamabad,24.0,72374.0,9.0,11.0,8041.555555555556,0
899,2024-09-08,Islamabad,21.0,74737.0,7.0,170.0,10676.714285714286,0
900,2023-01-05,Lahore,37.0,44445.0,7.0,11.0,6349.285714285715,1
901,2023-02-12,Multan,23.0,76803.0,11.0,7.0,6982.090909090909,0
902,2023-08-08,Karachi,23.0,12891.0,5.0,18.0,2578.2,1
903,2025-06-03,Multan,41.0,55648.0,9.0,37.0,6183.111111111111,1
904,2024-04-03,Multan,38.0,35326.0,6.0,73.0,5887.666666666667,1
905,2024-12-10,Multan,22.0,34275.0,7.0,28.0,4896.428571428572,1
906,2024-02-16,Karachi,27.0,33595.0,6.0,53.0,5599.166666666667,1
907,2023-06-23,Lahore,25.0,11675.0,4.0,113.0,2918.75,1
908,2024-01-07,Karachi,49.0,66437.0,10.0,19.0,6643.7,0
909,2023-04-02,Lahore,41.0,21602.0,4.0,70.0,5400.5,1
910,2025-02-09,Islamabad,29.0,55412.0,8.0,33.0,6926.5,1
911,2023-07-03,Lahore,38.0,40543.0,4.0,151.0,10135.75,1
912,2024-01-12,Karachi,21.0,60005.0,8.0,3.0,7500.625,0
913,2025-09-07,Lahore,27.0,43002.0,5.0,97.0,8600.4,1
914,2024-08-14,Lahore,34.0,69721.0,8.0,98.0,8715.125,0
915,2024-04-03,Lahore,37.0,64528.0,11.0,88.0,5866.181818181818,0
916,2024-06-27,Islamabad,32.0,51166.0,10.0,12.0,5116.6,0
917,2025-02-23,Islamabad,35.0,39014.0,9.0,28.0,4334.888888888889,1
918,2023-09-12,Lahore,34.0,48484.0,10.0,9.0,4848.4,1
919,2024-09-28,Multan,32.0,41920.0,7.0,23.0,5988.571428571428,1
920,2025-05-22,Multan,30.0,20115.0,3.0,60.0,6705.0,1
921,2024-07-26,Karachi,29.0,79249.0,12.0,51.0,6604.083333333333,0
922,2024-03-22,Islamabad,35.0,56410.0,6.0,56.0,9401.666666666666,1
923,2023-05-26,Karachi,37.0,21260.0,4.0,96.0,5315.0,1
924,2023-09-06,Lahore,35.0,56033.0,8.0,38.0,7004.125,1
925,2025-08-04,Karachi,22.0,116499.0,15.0,2.0,7766.6,0
926,2024-06-25,Lahore,24.0,110328.0,10.0,37.0,11032.8,0
927,2023-10-29,Multan,37.0,65520.0,10.0,25.0,6552.0,0
928,2024-02-23,Quetta,46.0,39901.0,4.0,2.0,9975.25,1
929,2024-08-01,Multan,34.0,113899.0,11.0,7.0,10354.454545454546,0
930,2024-06-21,Karachi,29.0,30823.0,3.0,115.0,10274.333333333334,1
931,2024-11-30,Karachi,35.0,63860.0,9.0,45.0,7095.555555555556,0
932,2023-09-15,Quetta,23.0,53669.0,12.0,41.0,4472.416666666667,0
933,2024-10-11,Lahore,45.0,8447.0,3.0,86.0,2815.6666666666665,1
934,2024-03-18,Lahore,35.0,86353.0,9.0,6.0,9594.777777777776,0
935,2025-07-29,Karachi,27.0,28521.0,5.0,110.0,5704.2,1
936,2023-06-07,Karachi,31.0,96703.0,10.0,48.0,9670.3,0
937,2023-05-29,Karachi,28.0,44017.0,5.0,53.0,8803.4,1
938,2024-04-06,Lahore,45.0,61467.0,11.0,73.0,5587.909090909091,0
939,2024-05-23,Karachi,31.0,22433.0,4.0,85.0,5608.25,1
940,2024-11-21,Lahore,34.0,46650.0,6.0,19.0,7775.0,1
941,2024-02-09,Lahore,38.0,34222.0,5.0,18.0,6844.4,1
942,2025-07-02,Lahore,26.0,35470.0,3.0,26.0,11823.333333333334,1
943,2024-04-19,Karachi,35.0,16538.0,3.0,257.0,5512.666666666667,1
944,2023-05-10,Multan,35.0,46816.0,7.0,13.0,6688.0,1
945,2023-04-30,Karachi,19.0,100820.0,10.0,4.0,10082.0,0
946,2025-08-31,Islamabad,35.0,82570.0,11.0,10.0,7506.363636363636,0
947,2023-05-15,Islamabad,33.0,61818.0,5.0,17.0,12363.6,0
948,2025-08-05,Karachi,34.0,94753.0,9.0,71.0,10528.111111111111,0
949,2023-10-06,Multan,33.0,42504.0,7.0,71.0,6072.0,1
950,2023-04-04,Islamabad,35.0,60998.0,9.0,40.0,6777.555555555556,0
951,2023-11-01,Karachi,45.0,93127.0,11.0,198.0,8466.09090909091,0
952,2024-09-06,Lahore,22.0,128497.0,10.0,87.0,12849.7,0
953,2024-03-03,Lahore,30.0,38193.0,5.0,43.0,7638.6,1
954,2025-02-24,Quetta,39.0,18231.0,5.0,5.0,3646.2,1
955,2024-09-02,Islamabad,37.0,64933.0,7.0,25.0,9276.142857142857,0
956,2024-02-05,Quetta,37.0,32272.0,5.0,25.0,6454.4,1
957,2024-09-26,Multan,58.0,61020.0,8.0,22.0,7627.5,0
958,2025-08-29,Lahore,39.0,55840.0,9.0,55.0,6204.444444444444,1
959,2024-02-16,Islamabad,43.0,78783.0,6.0,103.0,13130.5,0
960,2023-06-03,Karachi,30.0,65574.0,7.0,5.0,9367.714285714286,0
961,2024-02-13,Islamabad,24.0,34175.0,7.0,7.0,4882.142857142857,1
962,2025-04-20,Lahore,30.0,44610.0,8.0,51.0,5576.25,1
963,2023-08-06,Lahore,39.0,100918.0,8.0,24.0,12614.75,0
964,2025-08-07,Islamabad,37.0,72398.0,8.0,41.0,9049.75,0
965,2024-08-11,Islamabad,37.0,31013.0,5.0,7.0,6202.6,1
966,2024-08-24,Islamabad,31.0,11100.0,3.0,170.0,3700.0,1
967,2023-11-14,Karachi,30.0,77318.0,10.0,36.0,7731.8,0
968,2025-07-09,Karachi,31.0,93589.0,9.0,14.0,10398.777777777776,0
969,2023-02-06,Quetta,40.0,76685.0,8.0,8.0,9585.625,0
970,2023-10-26,Karachi,41.0,70952.0,8.0,93.0,8869.0,0
971,2024-02-23,Karachi,24.0,50472.0,5.0,5.0,10094.4,1
972,2024-04-22,Karachi,40.0,87458.0,13.0,46.0,6727.538461538462,0
973,2024-04-19,Karachi,27.0,38392.0,8.0,4.0,4799.0,1
974,2023-05-28,Karachi,37.0,31913.0,5.0,11.0,6382.6,1
975,2023-08-14,Karachi,31.0,74142.0,13.0,14.0,5703.2307692307695,0
976,2023-04-06,Multan,47.0,42835.0,7.0,35.0,6119.285714285715,1
977,2024-07-26,Multan,29.0,47629.0,11.0,20.0,4329.909090909091,1
978,2023-12-17,Quetta,35.0,73237.0,7.0,14.0,10462.42857142857,0
979,2024-07-19,Karachi,38.0,66531.0,9.0,24.0,7392.333333333333,0
980,2024-08-12,Karachi,25.0,66133.0,7.0,35.0,9447.57142857143,0
981,2024-12-03,Islamabad,32.0,35004.0,8.0,45.0,4375.5,1
982,2024-07-01,Multan,31.0,80369.0,11.0,9.0,7306.272727272727,0
983,2024-10-09,Karachi,28.0,64630.0,7.0,55.0,9232.857142857143,0
984,2024-08-10,Islamabad,29.0,18956.0,4.0,6.0,4739.0,1
985,2024-10-14,Islamabad,43.0,59614.0,10.0,59.0,5961.4,0
986,2024-09-08,Islamabad,28.0,60559.0,8.0,44.0,7569.875,0
987,2023-11-13,Islamabad,38.0,33327.0,8.0,42.0,4165.875,1
988,2023-09-04,Lahore,36.0,62284.0,11.0,4.0,5662.181818181818,0
989,2025-02-26,Karachi,20.0,76364.0,9.0,98.0,8484.888888888889,0
990,2023-12-09,Karachi,38.0,12903.0,3.0,46.0,4301.0,1
991,2024-07-03,Lahore,20.0,84745.0,10.0,26.0,8474.5,0
992,2023-07-16,Multan,39.0,46188.0,5.0,0.0,9237.6,1
993,2024-03-07,Islamabad,28.0,87784.0,13.0,24.0,6752.615384615385,0
994,2024-06-13,Lahore,33.0,69799.0,9.0,85.0,7755.444444444444,0
995,2024-09-18,Multan,21.0,3714.0,1.0,160.0,3714.0,1
996,2024-06-10,Islamabad,34.0,50673.0,11.0,14.0,4606.636363636364,0
997,2023-12-27,Islamabad,41.0,28342.0,6.0,49.0,4723.666666666667,1
998,2025-08-19,Karachi,26.0,23289.0,4.0,56.0,5822.25,1
999,2024-05-27,Multan,28.0,51622.0,7.0,68.0,7374.571428571428,1
1000,2025-03-19,Karachi,37.0,94138.0,13.0,3.0,7241.384615384615,0
1001,2025-01-06,Karachi,37.0,30121.0,6.0,7.0,5020.166666666667,1
1002,2024-07-12,Lahore,18.0,27354.0,8.0,45.0,3419.25,1
1003,2025-06-05,Islamabad,51.0,88494.0,8.0,32.0,11061.75,0
1004,2023-05-09,Islamabad,38.0,89965.0,13.0,17.0,6920.384615384615,0
1005,2025-07-10,Karachi,39.0,93275.0,15.0,41.0,6218.333333333333,0
1006,2025-04-30,Karachi,32.0,42139.0,7.0,36.0,6019.857142857143,1
1007,2024-05-18,Multan,18.0,86834.0,12.0,43.0,7236.166666666667,0
1008,2025-01-03,Islamabad,39.0,45468.0,7.0,105.0,6495.428571428572,1
1009,2024-06-04,Lahore,28.0,91098.0,13.0,2.0,7007.538461538462,0
1010,2023-09-26,Quetta,38.0,56638.0,8.0,20.0,7079.75,0
1011,2025-03-10,Islamabad,31.0,54929.0,7.0,30.0,7847.0,1
1012,2023-09-03,Quetta,35.0,21429.0,5.0,38.0,4285.8,1
1013,2023-11-11,Quetta,26.0,83112.0,7.0,59.0,11873.142857142857,0
1014,2024-06-03,Multan,41.0,33770.0,4.0,54.0,8442.5,1
1015,2025-04-17,Islamabad,22.0,41879.0,8.0,86.0,5234.875,1
1016,2024-01-19,Islamabad,53.0,63142.0,9.0,8.0,7015.777777777777,0
1017,2024-05-09,Lahore,53.0,41501.0,5.0,1.0,8300.2,1
1018,2023-02-11,Karachi,48.0,9387.0,3.0,43.0,3129.0,1
1019,2023-04-26,Islamabad,44.0,46533.0,8.0,42.0,5816.625,1
1020,2023-02-25,Karachi,32.0,88119.0,14.0,14.0,6294.214285714285,0
1021,2023-03-14,Multan,43.0,87156.0,12.0,25.0,7263.0,0
1022,2025-05-18,Lahore,32.0,112250.0,12.0,61.0,9354.166666666666,0
1023,2025-04-21,Karachi,19.0,30079.0,5.0,11.0,6015.8,1
1024,2025-04-01,Karachi,47.0,59640.0,7.0,3.0,8520.0,0
1025,2023-02-25,Karachi,43.0,65077.0,8.0,1.0,8134.625,0
1026,2023-03-19,Lahore,33.0,56640.0,5.0,24.0,11328.0,0
1027,2023-10-08,Lahore,22.0,65228.0,9.0,23.0,7247.555555555556,0
1028,2024-07-19,Multan,28.0,66659.0,12.0,25.0,5554.916666666667,0
1029,2023-12-01,Karachi,18.0,21449.0,4.0,18.0,5362.25,1
1030,2024-05-02,Lahore,42.0,24696.0,5.0,47.0,4939.2,1
1031,2023-06-22,Lahore,19.0,26618.0,5.0,2.0,5323.6,1
1032,2024-12-31,Karachi,36.0,69876.0,9.0,101.0,7764.0,0
1033,2023-11-10,Lahore,25.0,74669.0,8.0,27.0,9333.625,0
1034,2023-03-08,Islamabad,20.0,81972.0,11.0,18.0,7452.0,0
1035,2025-01-12,Islamabad,35.0,26660.0,4.0,13.0,6665.0,1
1036,2025-06-21,Lahore,30.0,47231.0,7.0,8.0,6747.285714285715,1
1037,2023-01-15,Karachi,41.0,76950.0,8.0,18.0,9618.75,0
1038,2024-03-12,Lahore,22.0,47933.0,6.0,40.0,7988.833333333333,1
1039,2025-04-07,Karachi,26.0,53839.0,8.0,8.0,6729.875,0
1040,2024-12-07,Multan,18.0,71406.0,8.0,15.0,8925.75,0
1041,2025-05-06,Karachi,18.0,62198.0,12.0,30.0,5183.166666666667,0
1042,2024-02-20,Multan,49.0,86101.0,10.0,14.0,8610.1,0
1043,2024-01-08,Lahore,52.0,62443.0,9.0,9.0,6938.111111111111,0
1044,2024-12-10,Karachi,34.0,24437.0,5.0,33.0,4887.4,1
1045,2023-06-03,Karachi,26.0,56099.0,12.0,55.0,4674.916666666667,0
1046,2023-08-28,Karachi,30.0,78098.0,9.0,52.0,8677.555555555555,0
1047,2024-08-23,Quetta,41.0,37242.0,4.0,125.0,9310.5,1
1048,2024-10-30,Lahore,28.0,56962.0,8.0,54.0,7120.25,1
1049,2023-04-30,Multan,35.0,117958.0,15.0,15.0,7863.866666666667,0
1050,2024-05-23,Multan,33.0,37840.0,8.0,60.0,4730.0,1
1051,2023-12-31,Karachi,28.0,42718.0,7.0,35.0,6102.571428571428,1
1052,2024-05-16,Karachi,28.0,76793.0,7.0,66.0,10970.42857142857,0
1053,2025-08-16,Karachi,36.0,58900.0,4.0,46.0,14725.0,0
1054,2023-03-18,Lahore,24.0,13116.0,3.0,83.0,4372.0,1
1055,2025-09-22,Islamabad,37.0,58546.0,6.0,37.0,9757.666666666666,0
1056,2024-03-25,Karachi,29.0,83862.0,10.0,24.0,8386.2,0
1057,2025-02-11,Quetta,34.0,79738.0,7.0,14.0,11391.142857142857,0
1058,2024-02-29,Islamabad,45.0,73442.0,6.0,58.0,12240.333333333334,0
1059,2023-11-07,Karachi,31.0,87814.0,13.0,44.0,6754.923076923077,0
1060,2025-02-09,Islamabad,41.0,68922.0,12.0,17.0,5743.5,0
1061,2024-11-18,Karachi,18.0,27548.0,4.0,26.0,6887.0,1
1062,2023-05-25,Multan,29.0,76426.0,9.0,62.0,8491.777777777777,0
1063,2024-12-06,Lahore,33.0,45173.0,8.0,17.0,5646.625,1
1064,2025-01-23,Quetta,50.0,60928.0,7.0,17.0,8704.0,0
1065,2024-01-23,Multan,18.0,39481.0,5.0,107.0,7896.2,1
1066,2025-07-14,Multan,32.0,35129.0,6.0,9.0,5854.833333333333,1
1067,2024-10-02,Karachi,46.0,70519.0,10.0,43.0,7051.9,0
1068,2023-11-30,Multan,26.0,41310.0,8.0,17.0,5163.75,1
1069,2023-01-11,Karachi,31.0,31995.0,6.0,102.0,5332.5,1
1070,2024-11-05,Islamabad,36.0,102524.0,6.0,126.0,17087.333333333332,0
1071,2023-07-29,Lahore,35.0,51259.0,9.0,4.0,5695.444444444444,1
1072,2025-01-26,Karachi,47.0,31055.0,4.0,134.0,7763.75,1
1073,2024-06-09,Karachi,37.0,103155.0,13.0,48.0,7935.0,0
1074,2024-04-11,Karachi,45.0,26303.0,4.0,5.0,6575.75,1
1075,2023-06-13,Karachi,30.0,71425.0,12.0,47.0,5952.083333333333,0
1076,2024-12-12,Multan,26.0,47928.0,8.0,4.0,5991.0,1
1077,2023-06-15,Lahore,31.0,63452.0,8.0,2.0,7931.5,0
1078,2024-02-22,Islamabad,23.0,59838.0,10.0,81.0,5983.8,0
1079,2025-04-16,Lahore,37.0,34902.0,6.0,108.0,5817.0,1
1080,2025-07-09,Islamabad,30.0,59052.0,8.0,9.0,7381.5,0
1081,2025-09-16,Islamabad,27.0,34311.0,4.0,6.0,8577.75,1
1082,2025-08-16,Karachi,37.0,45785.0,8.0,2.0,5723.125,1
1083,2024-07-09,Islamabad,23.0,42637.0,7.0,25.0,6091.0,1
1084,2023-07-20,Multan,40.0,105436.0,11.0,8.0,9585.09090909091,0
1085,2025-04-19,Multan,29.0,41716.0,9.0,43.0,4635.111111111111,1
1086,2025-03-12,Karachi,43.0,82176.0,10.0,44.0,8217.6,0
1087,2025-09-17,Karachi,29.0,79937.0,10.0,18.0,7993.7,0
1088,2024-10-12,Islamabad,39.0,59223.0,10.0,40.0,5922.3,0
1089,2023-05-22,Lahore,35.0,14369.0,3.0,40.0,4789.666666666667,1
1090,2024-05-17,Multan,40.0,28636.0,7.0,144.0,4090.857142857143,1
1091,2024-03-24,Karachi,34.0,66985.0,16.0,98.0,4186.5625,0
1092,2025-04-22,Multan,18.0,64485.0,10.0,0.0,6448.5,0
1093,2024-01-28,Lahore,42.0,4137.0,3.0,49.0,1379.0,1
1094,2023-11-25,Lahore,32.0,69126.0,10.0,8.0,6912.6,0
1095,2023-03-22,Quetta,40.0,85645.0,9.0,37.0,9516.111111111111,0
1096,2025-04-15,Multan,39.0,88505.0,9.0,12.0,9833.888888888889,0
1097,2025-01-25,Multan,26.0,55989.0,6.0,28.0,9331.5,1
1098,2023-02-11,Quetta,25.0,23826.0,5.0,42.0,4765.2,1
1099,2024-03-09,Karachi,39.0,57237.0,8.0,35.0,7154.625,0
1100,2024-04-24,Lahore,30.0,75574.0,7.0,2.0,10796.285714285714,0
1101,2024-04-14,Lahore,41.0,86266.0,12.0,77.0,7188.833333333333,0
1102,2025-07-07,Karachi,31.0,69136.0,9.0,123.0,7681.777777777777,0
1103,2023-05-31,Lahore,42.0,66541.0,7.0,85.0,9505.857142857143,0
1104,2023-11-03,Quetta,37.0,54154.0,11.0,67.0,4923.090909090909,1
1105,2023-06-30,Lahore,36.0,83995.0,7.0,61.0,11999.285714285714,0
1106,2023-09-02,Lahore,30.0,36887.0,8.0,32.0,4610.875,1
1107,2025-06-26,Lahore,35.0,58142.0,10.0,15.0,5814.2,0
1108,2025-07-29,Lahore,44.0,78580.0,9.0,29.0,8731.111111111111,0
1109,2023-02-14,Lahore,33.0,54105.0,12.0,1.0,4508.75,0
1110,2024-09-24,Islamabad,38.0,109019.0,14.0,45.0,7787.071428571428,0
1111,2023-08-21,Karachi,33.0,106580.0,10.0,12.0,10658.0,0
1112,2023-07-12,Islamabad,34.0,35526.0,3.0,49.0,11842.0,1
1113,2023-10-20,Multan,49.0,102311.0,13.0,1.0,7870.076923076923,0
1114,2023-07-14,Islamabad,44.0,75241.0,9.0,4.0,8360.111111111111,0
1115,2024-05-05,Islamabad,34.0,54361.0,11.0,57.0,4941.909090909091,0
1116,2025-09-22,Karachi,35.0,98699.0,10.0,23.0,9869.9,0
1117,2024-08-09,Lahore,27.0,40510.0,6.0,95.0,6751.666666666667,1
1118,2024-12-24,Karachi,31.0,149503.0,15.0,72.0,9966.866666666669,0
1119,2024-05-08,Quetta,36.0,37282.0,6.0,12.0,6213.666666666667,1
1120,2023-01-14,Islamabad,41.0,72121.0,7.0,45.0,10303.0,0
1121,2023-03-26,Lahore,40.0,112932.0,12.0,2.0,9411.0,0
1122,2023-09-26,Karachi,23.0,24336.0,5.0,125.0,4867.2,1
1123,2023-09-01,Multan,42.0,59697.0,9.0,57.0,6633.0,0
1124,2025-04-20,Islamabad,32.0,89584.0,12.0,2.0,7465.333333333333,0
1125,2025-04-23,Karachi,24.0,3134.0,2.0,99.0,1567.0,1
1126,2025-05-04,Multan,45.0,26751.0,5.0,78.0,5350.2,1
1127,2024-09-29,Islamabad,46.0,63953.0,12.0,64.0,5329.416666666667,0
1128,2024-07-10,Islamabad,35.0,69117.0,9.0,30.0,7679.666666666667,0
1129,2024-10-11,Lahore,39.0,53022.0,5.0,0.0,10604.4,0
1130,2024-02-11,Lahore,40.0,119333.0,18.0,28.0,6629.611111111111,0
1131,2024-11-01,Quetta,46.0,26315.0,4.0,92.0,6578.75,1
1132,2025-03-05,Karachi,40.0,42624.0,5.0,57.0,8524.8,1
1133,2025-02-01,Karachi,21.0,32396.0,6.0,155.0,5399.333333333333,1
1134,2024-09-05,Karachi,51.0,69309.0,9.0,118.0,7701.0,0
1135,2023-02-28,Lahore,43.0,41425.0,5.0,85.0,8285.0,1
1136,2024-12-25,Multan,28.0,95531.0,10.0,11.0,9553.1,0
1137,2024-01-02,Lahore,24.0,78159.0,11.0,174.0,7105.363636363636,0
1138,2025-01-13,Multan,38.0,42309.0,7.0,47.0,6044.142857142857,1
1139,2024-06-23,Karachi,30.0,51346.0,8.0,38.0,6418.25,1
1140,2025-05-31,Lahore,36.0,47150.0,9.0,27.0,5238.888888888889,1
1141,2023-12-05,Lahore,40.0,15694.0,2.0,48.0,7847.0,1
1142,2025-07-20,Multan,28.0,23099.0,4.0,207.0,5774.75,1
1143,2025-04-24,Lahore,23.0,21027.0,5.0,41.0,4205.4,1
1144,2023-11-28,Lahore,36.0,53844.0,8.0,49.0,6730.5,1
1145,2024-04-27,Islamabad,28.0,113700.0,9.0,55.0,12633.333333333334,0
1146,2024-06-15,Karachi,34.0,74924.0,12.0,10.0,6243.666666666667,0
1147,2025-02-07,Karachi,21.0,83843.0,15.0,5.0,5589.533333333334,0
1148,2024-11-20,Lahore,31.0,43981.0,7.0,65.0,6283.0,1
1149,2025-05-02,Multan,39.0,41739.0,6.0,16.0,6956.5,1
1150,2024-01-05,Lahore,38.0,79945.0,8.0,60.0,9993.125,0
1151,2024-05-19,Lahore,26.0,106136.0,12.0,26.0,8844.666666666666,0
1152,2024-03-06,Karachi,22.0,42291.0,8.0,67.0,5286.375,1
1153,2025-06-28,Lahore,33.0,41685.0,8.0,0.0,5210.625,1
1154,2023-11-01,Karachi,38.0,69640.0,13.0,8.0,5356.923076923077,0
1155,2024-08-10,Lahore,37.0,109673.0,12.0,12.0,9139.416666666666,0
1156,2023-05-01,Lahore,28.0,82100.0,12.0,35.0,6841.666666666667,0
1157,2025-04-30,Karachi,36.0,43161.0,5.0,126.0,8632.2,1
1158,2024-01-20,Multan,47.0,73697.0,8.0,106.0,9212.125,0
1159,2023-12-07,Lahore,35.0,26072.0,4.0,0.0,6518.0,1
1160,2024-08-05,Lahore,18.0,70461.0,9.0,7.0,7829.0,0
1161,2024-05-13,Multan,35.0,61553.0,11.0,106.0,5595.727272727273,0
1162,2025-04-27,Multan,51.0,78022.0,11.0,10.0,7092.909090909091,0
1163,2024-06-15,Islamabad,21.0,48672.0,7.0,54.0,6953.142857142857,1
1164,2024-05-31,Lahore,33.0,56140.0,8.0,18.0,7017.5,0
1165,2023-04-15,Karachi,31.0,67748.0,6.0,125.0,11291.333333333334,0
1166,2023-01-22,Lahore,34.0,74715.0,8.0,65.0,9339.375,0
1167,2024-02-03,Lahore,35.0,37397.0,9.0,19.0,4155.222222222223,1
1168,2025-09-25,Karachi,43.0,95025.0,10.0,29.0,9502.5,0
1169,2025-07-06,Karachi,34.0,85316.0,14.0,5.0,6094.0,0
1170,2024-09-20,Karachi,44.0,64270.0,9.0,42.0,7141.111111111111,0
1171,2024-09-22,Islamabad,32.0,105349.0,10.0,46.0,10534.9,0
1172,2024-01-27,Lahore,30.0,7482.0,3.0,139.0,2494.0,1
1173,2023-06-27,Karachi,27.0,23667.0,4.0,14.0,5916.75,1
1174,2023-01-09,Islamabad,18.0,45322.0,6.0,38.0,7553.666666666667,1
1175,2023-12-05,Multan,35.0,46525.0,12.0,3.0,3877.0833333333335,0
1176,2023-11-13,Karachi,51.0,41009.0,9.0,28.0,4556.555555555556,1
1177,2023-07-11,Karachi,37.0,34659.0,8.0,61.0,4332.375,1
1178,2023-09-17,Lahore,39.0,62795.0,10.0,18.0,6279.5,0
1179,2023-01-25,Lahore,29.0,48067.0,7.0,37.0,6866.714285714285,1
1180,2024-08-30,Islamabad,31.0,57852.0,11.0,7.0,5259.272727272727,0
1181,2025-07-16,Lahore,42.0,79554.0,11.0,73.0,7232.181818181818,0
1182,2024-11-21,Karachi,51.0,17231.0,3.0,162.0,5743.666666666667,1
1183,2024-03-24,Karachi,46.0,21619.0,5.0,80.0,4323.8,1
1184,2024-02-25,Lahore,40.0,53947.0,8.0,23.0,6743.375,1
1185,2023-11-04,Lahore,33.0,51931.0,7.0,43.0,7418.714285714285,1
1186,2023-05-23,Karachi,35.0,51180.0,7.0,86.0,7311.428571428572,1
1187,2024-08-21,Quetta,26.0,47143.0,5.0,108.0,9428.6,1
1188,2024-07-20,Islamabad,20.0,113177.0,15.0,35.0,7545.133333333333,0
1189,2023-01-08,Karachi,23.0,40128.0,6.0,18.0,6688.0,1
1190,2024-02-20,Lahore,33.0,53341.0,9.0,23.0,5926.777777777777,1
1191,2023-10-06,Islamabad,30.0,55306.0,7.0,130.0,7900.857142857143,1
1192,2023-06-20,Lahore,20.0,91432.0,6.0,34.0,15238.666666666666,0
1193,2024-12-04,Karachi,33.0,87968.0,11.0,9.0,7997.090909090909,0
1194,2024-06-09,Islamabad,30.0,38110.0,6.0,110.0,6351.666666666667,1
1195,2024-09-25,Karachi,22.0,111486.0,13.0,88.0,8575.846153846154,0
1196,2024-12-14,Lahore,30.0,58577.0,6.0,5.0,9762.833333333334,0
1197,2025-09-08,Lahore,30.0,61941.0,10.0,159.0,6194.1,1
1198,2025-03-13,Lahore,27.0,75000.0,8.0,2.0,9375.0,0
1199,2024-09-12,Karachi,41.0,43132.0,9.0,13.0,4792.444444444444,1
1200,2025-05-29,Multan,18.0,180485.0,16.0,31.0,11280.3125,0
1201,2024-04-22,Lahore,18.0,29202.0,6.0,57.0,4867.0,1
1202,2025-09-11,Karachi,33.0,77737.0,11.0,87.0,7067.0,0
1203,2025-01-31,Islamabad,34.0,83657.0,10.0,25.0,8365.7,0
1204,2024-10-12,Lahore,37.0,68917.0,11.0,63.0,6265.181818181818,0
1205,2025-06-22,Lahore,28.0,142624.0,17.0,1.0,8389.64705882353,0
1206,2024-05-30,Karachi,25.0,83433.0,13.0,5.0,6417.923076923077,0
1207,2024-12-21,Islamabad,33.0,19421.0,6.0,34.0,3236.833333333333,1
1208,2023-10-12,Karachi,29.0,54731.0,9.0,19.0,6081.222222222223,0
1209,2025-08-21,Islamabad,47.0,77686.0,8.0,10.0,9710.75,0
1210,2024-09-15,Multan,30.0,44776.0,9.0,0.0,4975.111111111111,1
1211,2025-02-21,Islamabad,33.0,85551.0,12.0,0.0,7129.25,0
1212,2024-04-05,Quetta,55.0,43871.0,7.0,26.0,6267.285714285715,1
1213,2025-05-16,Islamabad,31.0,43809.0,7.0,50.0,6258.428571428572,1
1214,2023-03-16,Multan,38.0,22131.0,6.0,29.0,3688.5,1
1215,2023-04-25,Multan,39.0,105061.0,13.0,34.0,8081.615384615385,0
1216,2024-05-22,Islamabad,40.0,23388.0,7.0,10.0,3341.1428571428573,1
1217,2025-01-02,Multan,36.0,62387.0,10.0,13.0,6238.7,0
1218,2025-03-20,Quetta,35.0,20753.0,4.0,151.0,5188.25,1
1219,2024-03-16,Karachi,34.0,85508.0,9.0,2.0,9500.888888888889,0
1220,2024-10-11,Islamabad,28.0,57032.0,6.0,102.0,9505.333333333334,1
1221,2024-07-07,Karachi,36.0,65754.0,11.0,43.0,5977.636363636364,0
1222,2025-08-19,Multan,51.0,92469.0,10.0,5.0,9246.9,0
1223,2024-10-16,Karachi,44.0,18415.0,3.0,0.0,6138.333333333333,1
1224,2024-02-21,Multan,36.0,81979.0,13.0,0.0,6306.076923076923,0
1225,2025-08-27,Islamabad,41.0,41622.0,6.0,149.0,6937.0,1
1226,2023-04-18,Quetta,25.0,129334.0,10.0,2.0,12933.4,0
1227,2025-09-11,Lahore,31.0,16662.0,4.0,84.0,4165.5,1
1228,2023-06-04,Islamabad,42.0,26822.0,5.0,100.0,5364.4,1
1229,2023-10-16,Islamabad,46.0,75195.0,9.0,62.0,8355.0,0
1230,2025-04-01,Quetta,26.0,94463.0,9.0,16.0,10495.888888888889,0
1231,2025-01-03,Multan,29.0,74318.0,12.0,13.0,6193.166666666667,0
1232,2025-08-28,Karachi,53.0,32528.0,4.0,148.0,8132.0,1
1233,2025-01-19,Karachi,34.0,74916.0,8.0,34.0,9364.5,0
1234,2024-09-29,Lahore,49.0,51025.0,7.0,30.0,7289.285714285715,1
1235,2023-12-13,Quetta,35.0,26078.0,7.0,0.0,3725.428571428572,1
1236,2023-01-05,Lahore,35.0,65052.0,11.0,32.0,5913.818181818182,0
1237,2023-05-04,Islamabad,30.0,34371.0,5.0,15.0,6874.2,1
1238,2023-10-25,Islamabad,41.0,20634.0,3.0,116.0,6878.0,1
1239,2023-02-10,Karachi,45.0,32728.0,2.0,167.0,16364.0,1
1240,2024-05-23,Lahore,24.0,55430.0,6.0,29.0,9238.333333333334,1
1241,2025-02-16,Lahore,30.0,43736.0,6.0,29.0,7289.333333333333,1
1242,2025-08-21,Multan,41.0,77009.0,8.0,21.0,9626.125,0
1243,2024-05-04,Karachi,32.0,80437.0,10.0,14.0,8043.7,0
1244,2025-05-25,Lahore,29.0,87988.0,11.0,14.0,7998.909090909091,0
1245,2025-09-12,Islamabad,42.0,55154.0,8.0,4.0,6894.25,0
1246,2025-05-09,Lahore,43.0,55012.0,9.0,25.0,6112.444444444444,0
1247,2024-04-09,Multan,29.0,77064.0,7.0,91.0,11009.142857142857,0
1248,2023-11-22,Karachi,35.0,47512.0,9.0,60.0,5279.111111111111,1
1249,2025-09-04,Lahore,22.0,83788.0,11.0,61.0,7617.090909090909,0
1250,2023-08-30,Lahore,25.0,73022.0,9.0,46.0,8113.555555555556,0
1251,2024-02-16,Karachi,34.0,60750.0,8.0,125.0,7593.75,1
1252,2023-03-16,Karachi,33.0,24882.0,5.0,33.0,4976.4,1
1253,2025-03-04,Islamabad,24.0,63190.0,8.0,92.0,7898.75,1
1254,2024-10-11,Karachi,27.0,64428.0,9.0,10.0,7158.666666666667,0
1255,2023-03-26,Karachi,23.0,9661.0,3.0,77.0,3220.333333333333,1
1256,2023-08-10,Lahore,37.0,29071.0,7.0,0.0,4153.0,1
1257,2024-07-09,Lahore,18.0,30029.0,5.0,246.0,6005.8,1
1258,2024-06-24,Quetta,24.0,58601.0,10.0,16.0,5860.1,0
1259,2025-03-13,Lahore,18.0,73106.0,10.0,0.0,7310.6,0
1260,2023-09-24,Quetta,37.0,70097.0,8.0,5.0,8762.125,0
1261,2025-07-13,Karachi,18.0,69765.0,6.0,33.0,11627.5,0
1262,2024-03-20,Lahore,33.0,54981.0,11.0,18.0,4998.272727272727,0
1263,2025-04-02,Lahore,48.0,35490.0,6.0,14.0,5915.0,1
1264,2023-08-27,Lahore,48.0,13585.0,2.0,38.0,6792.5,1
1265,2023-02-06,Islamabad,18.0,43406.0,8.0,7.0,5425.75,1
1266,2023-02-25,Karachi,36.0,54972.0,7.0,27.0,7853.142857142857,1
1267,2024-01-08,Karachi,24.0,106254.0,12.0,39.0,8854.5,0
1268,2025-08-11,Islamabad,22.0,64990.0,11.0,11.0,5908.181818181818,0
1269,2023-02-18,Islamabad,32.0,77064.0,10.0,0.0,7706.4,0
1270,2024-01-04,Quetta,44.0,50061.0,7.0,105.0,7151.571428571428,1
1271,2023-04-20,Quetta,38.0,48834.0,7.0,27.0,6976.285714285715,1
1272,2025-07-20,Islamabad,27.0,51590.0,7.0,92.0,7370.0,1
1273,2024-11-06,Multan,39.0,99776.0,7.0,10.0,14253.714285714286,0
1274,2025-02-01,Islamabad,18.0,107735.0,12.0,47.0,8977.916666666666,0
1275,2024-12-14,Karachi,26.0,32953.0,6.0,27.0,5492.166666666667,1
1276,2024-10-19,Islamabad,26.0,51505.0,9.0,13.0,5722.777777777777,1
1277,2025-02-12,Lahore,34.0,32632.0,5.0,31.0,6526.4,1
1278,2023-01-09,Islamabad,31.0,49386.0,8.0,48.0,6173.25,1
1279,2025-05-15,Quetta,32.0,44166.0,7.0,38.0,6309.428571428572,1
1280,2025-01-09,Lahore,31.0,33859.0,7.0,0.0,4837.0,1
1281,2025-01-09,Multan,33.0,31905.0,5.0,47.0,6381.0,1
1282,2024-01-29,Quetta,38.0,50564.0,6.0,99.0,8427.333333333334,1
1283,2025-03-11,Lahore,34.0,55401.0,7.0,20.0,7914.428571428572,1
1284,2024-01-17,Karachi,30.0,17215.0,3.0,182.0,5738.333333333333,1
1285,2023-02-18,Quetta,37.0,60951.0,7.0,73.0,8707.285714285714,1
1286,2025-06-26,Quetta,40.0,26715.0,4.0,41.0,6678.75,1
1287,2023-08-23,Lahore,28.0,47963.0,8.0,104.0,5995.375,1
1288,2023-04-12,Karachi,32.0,31037.0,4.0,134.0,7759.25,1
1289,2024-09-13,Islamabad,43.0,49989.0,9.0,67.0,5554.333333333333,1
1290,2023-08-22,Lahore,23.0,57464.0,8.0,25.0,7183.0,0
1291,2025-05-08,Karachi,49.0,85165.0,11.0,4.0,7742.272727272727,0
1292,2024-03-19,Lahore,21.0,43823.0,6.0,17.0,7303.833333333333,1
1293,2023-01-05,Lahore,30.0,60872.0,12.0,10.0,5072.666666666667,0
1294,2025-08-09,Karachi,24.0,22078.0,6.0,158.0,3679.6666666666665,1
1295,2024-05-29,Islamabad,53.0,28842.0,7.0,28.0,4120.285714285715,1
1296,2023-09-20,Islamabad,28.0,54736.0,5.0,31.0,10947.2,1
1297,2024-11-08,Islamabad,28.0,86505.0,13.0,5.0,6654.2307692307695,0
1298,2024-06-14,Karachi,30.0,55535.0,7.0,66.0,7933.571428571428,1
1299,2023-01-30,Lahore,34.0,60624.0,6.0,134.0,10104.0,1
1300,2025-01-29,Lahore,30.0,65649.0,9.0,204.0,7294.333333333333,1
1301,2024-02-06,Lahore,32.0,59001.0,6.0,183.0,9833.5,1
1302,2024-11-30,Karachi,18.0,89859.0,11.0,54.0,8169.0,0
1303,2025-06-14,Lahore,34.0,63752.0,8.0,65.0,7969.0,0
1304,2024-09-02,Lahore,33.0,84932.0,9.0,29.0,9436.888888888889,0
1305,2024-11-02,Lahore,42.0,72057.0,9.0,8.0,8006.333333333333,0
1306,2023-09-12,Islamabad,45.0,44749.0,8.0,43.0,5593.625,1
1307,2023-08-26,Islamabad,31.0,37926.0,5.0,101.0,7585.2,1
1308,2024-02-20,Quetta,40.0,100827.0,11.0,120.0,9166.09090909091,0
1309,2025-05-02,Islamabad,23.0,25079.0,6.0,112.0,4179.833333333333,1
1310,2024-06-08,Karachi,40.0,97958.0,14.0,16.0,6997.0,0
1311,2023-12-15,Lahore,28.0,29590.0,9.0,3.0,3287.777777777778,1
1312,2025-02-18,Karachi,22.0,99095.0,12.0,19.0,8257.916666666666,0
1313,2025-05-03,Lahore,31.0,28378.0,6.0,158.0,4729.666666666667,1
1314,2025-06-21,Karachi,46.0,19820.0,3.0,63.0,6606.666666666667,1
1315,2023-10-26,Karachi,35.0,68131.0,8.0,78.0,8516.375,0
1316,2024-12-10,Karachi,46.0,23729.0,3.0,3.0,7909.666666666667,1
1317,2024-08-13,Lahore,26.0,65471.0,6.0,28.0,10911.833333333334,0
1318,2024-03-24,Islamabad,42.0,85143.0,11.0,0.0,7740.272727272727,0
1319,2024-02-01,Multan,27.0,84392.0,12.0,26.0,7032.666666666667,0
1320,2023-04-25,Islamabad,35.0,88117.0,10.0,8.0,8811.7,0
1321,2023-10-02,Islamabad,35.0,104405.0,12.0,35.0,8700.416666666666,0
1322,2024-07-03,Karachi,39.0,67311.0,12.0,1.0,5609.25,0
1323,2025-06-05,Lahore,35.0,38937.0,7.0,49.0,5562.428571428572,1
1324,2025-05-16,Islamabad,26.0,69996.0,10.0,22.0,6999.6,0
1325,2023-07-07,Karachi,41.0,60514.0,9.0,3.0,6723.777777777777,0
1326,2024-11-10,Lahore,49.0,86373.0,10.0,28.0,8637.3,0
1327,2023-03-26,Karachi,28.0,120506.0,12.0,7.0,10042.166666666666,0
1328,2024-11-06,Quetta,18.0,139583.0,13.0,90.0,10737.153846153846,0
1329,2023-12-08,Islamabad,37.0,44149.0,6.0,23.0,7358.166666666667,1
1330,2024-03-25,Karachi,30.0,136358.0,13.0,47.0,10489.076923076924,0
1331,2024-12-18,Islamabad,32.0,54752.0,8.0,37.0,6844.0,1
1332,2024-02-29,Karachi,38.0,48894.0,5.0,5.0,9778.8,1
1333,2025-03-18,Karachi,29.0,60623.0,8.0,60.0,7577.875,0
1334,2024-06-17,Lahore,31.0,51466.0,8.0,15.0,6433.25,1
1335,2025-09-25,Karachi,32.0,48951.0,8.0,5.0,6118.875,1
1336,2024-09-30,Islamabad,46.0,54012.0,7.0,13.0,7716.0,1
1337,2023-10-24,Lahore,33.0,47240.0,11.0,38.0,4294.545454545455,1
1338,2025-02-14,Islamabad,22.0,102695.0,15.0,53.0,6846.333333333333,0
1339,2024-02-12,Lahore,22.0,69139.0,11.0,28.0,6285.363636363636,0
1340,2024-06-18,Islamabad,34.0,85233.0,10.0,54.0,8523.3,0
1341,2023-05-17,Islamabad,23.0,60652.0,10.0,14.0,6065.2,0
1342,2023-04-30,Islamabad,19.0,18343.0,3.0,125.0,6114.333333333333,1
1343,2024-07-28,Islamabad,39.0,68702.0,11.0,0.0,6245.636363636364,0
1344,2023-07-06,Quetta,39.0,46692.0,8.0,26.0,5836.5,1
1345,2025-09-24,Karachi,30.0,78265.0,12.0,70.0,6522.083333333333,0
1346,2025-05-05,Islamabad,36.0,55562.0,5.0,87.0,11112.4,1
1347,2024-12-01,Islamabad,35.0,62091.0,7.0,7.0,8870.142857142857,0
1348,2025-01-04,Lahore,38.0,58733.0,10.0,7.0,5873.3,0
1349,2024-08-18,Lahore,38.0,72704.0,9.0,19.0,8078.222222222223,0
1350,2023-03-02,Karachi,18.0,49328.0,8.0,41.0,6166.0,1
1351,2024-01-28,Lahore,31.0,69059.0,11.0,23.0,6278.090909090909,0
1352,2024-05-10,Karachi,38.0,88095.0,13.0,1.0,6776.538461538462,0
1353,2025-07-04,Karachi,29.0,23109.0,4.0,60.0,5777.25,1
1354,2023-08-08,Islamabad,33.0,83451.0,10.0,81.0,8345.1,0
1355,2024-05-11,Lahore,40.0,58977.0,10.0,3.0,5897.7,0
1356,2023-12-11,Multan,34.0,9169.0,3.0,104.0,3056.333333333333,1
1357,2023-05-15,Karachi,47.0,64221.0,6.0,20.0,10703.5,0
1358,2023-04-14,Islamabad,43.0,62983.0,7.0,1.0,8997.57142857143,0
1359,2024-01-01,Lahore,32.0,47313.0,5.0,18.0,9462.6,1
1360,2023-03-24,Karachi,31.0,44221.0,9.0,37.0,4913.444444444444,1
1361,2023-03-09,Lahore,18.0,29989.0,10.0,55.0,2998.9,1
1362,2023-12-17,Islamabad,30.0,21889.0,4.0,129.0,5472.25,1
1363,2023-07-21,Karachi,21.0,61861.0,9.0,54.0,6873.444444444444,0
1364,2024-07-08,Quetta,35.0,57078.0,7.0,3.0,8154.0,0
1365,2023-01-18,Karachi,34.0,65586.0,7.0,84.0,9369.42857142857,0
1366,2023-10-29,Karachi,39.0,56281.0,9.0,37.0,6253.444444444444,0
1367,2024-03-29,Lahore,46.0,34172.0,4.0,26.0,8543.0,1
1368,2025-08-21,Islamabad,33.0,57747.0,9.0,10.0,6416.333333333333,0
1369,2024-09-26,Karachi,54.0,40475.0,8.0,25.0,5059.375,1
1370,2025-05-30,Karachi,35.0,91851.0,10.0,84.0,9185.1,0
1371,2023-12-10,Lahore,21.0,47425.0,4.0,148.0,11856.25,1
1372,2024-03-25,Lahore,28.0,36376.0,7.0,42.0,5196.571428571428,1
1373,2024-02-25,Lahore,30.0,39212.0,7.0,46.0,5601.714285714285,1
1374,2025-06-06,Quetta,38.0,41808.0,9.0,40.0,4645.333333333333,1
1375,2025-08-17,Karachi,24.0,45425.0,7.0,91.0,6489.285714285715,1
1376,2025-08-20,Lahore,30.0,58544.0,7.0,46.0,8363.42857142857,1
1377,2025-01-21,Quetta,32.0,128383.0,18.0,59.0,7132.388888888889,0
1378,2024-05-18,Lahore,29.0,109581.0,12.0,23.0,9131.75,0
1379,2024-06-24,Karachi,40.0,92908.0,12.0,18.0,7742.333333333333,0
1380,2025-09-07,Islamabad,39.0,44597.0,7.0,151.0,6371.0,1
1381,2023-10-12,Multan,43.0,82677.0,12.0,3.0,6889.75,0
1382,2023-12-13,Islamabad,30.0,90286.0,11.0,22.0,8207.818181818182,0
1383,2025-06-15,Karachi,44.0,56933.0,8.0,10.0,7116.625,0
1384,2024-01-22,Quetta,21.0,91484.0,15.0,64.0,6098.933333333333,0
1385,2023-08-24,Lahore,21.0,24066.0,5.0,62.0,4813.2,1
1386,2024-07-14,Quetta,22.0,34056.0,6.0,115.0,5676.0,1
1387,2023-11-22,Multan,33.0,60865.0,9.0,128.0,6762.777777777777,1
1388,2025-06-09,Quetta,44.0,44846.0,6.0,108.0,7474.333333333333,1
1389,2025-06-28,Lahore,28.0,28500.0,6.0,38.0,4750.0,1
1390,2023-11-03,Lahore,29.0,49842.0,7.0,14.0,7120.285714285715,1
1391,2024-06-13,Islamabad,31.0,23300.0,5.0,59.0,4660.0,1
1392,2025-09-10,Karachi,38.0,152374.0,14.0,2.0,10883.857142857143,0
1393,2025-01-12,Karachi,29.0,39592.0,3.0,120.0,13197.333333333334,1
1394,2023-08-04,Quetta,28.0,54797.0,5.0,200.0,10959.4,1
1395,2024-08-13,Islamabad,21.0,26135.0,4.0,13.0,6533.75,1
1396,2024-09-11,Karachi,28.0,39324.0,6.0,31.0,6554.0,1
1397,2024-10-15,Karachi,44.0,49400.0,6.0,24.0,8233.333333333334,1
1398,2023-01-26,Lahore,34.0,11501.0,3.0,147.0,3833.6666666666665,1
1399,2023-10-27,Lahore,26.0,59454.0,8.0,0.0,7431.75,0
1400,2025-05-04,Lahore,44.0,90988.0,13.0,12.0,6999.076923076923,0
1401,2023-08-30,Multan,28.0,20278.0,4.0,67.0,5069.5,1
1402,2023-10-27,Islamabad,46.0,46060.0,5.0,11.0,9212.0,1
1403,2023-11-19,Karachi,46.0,40636.0,6.0,27.0,6772.666666666667,1
1404,2023-06-27,Karachi,34.0,61415.0,7.0,139.0,8773.57142857143,1
1405,2023-06-05,Islamabad,20.0,76083.0,10.0,13.0,7608.3,0
1406,2023-12-14,Multan,54.0,41968.0,8.0,42.0,5246.0,1
1407,2025-05-24,Multan,36.0,98186.0,15.0,14.0,6545.733333333334,0
1408,2023-01-02,Karachi,30.0,80854.0,7.0,22.0,11550.57142857143,0
1409,2023-10-11,Multan,42.0,37869.0,7.0,54.0,5409.857142857143,1
1410,2023-03-02,Karachi,39.0,59902.0,8.0,51.0,7487.75,0
1411,2024-07-15,Karachi,45.0,54231.0,8.0,80.0,6778.875,1
1412,2023-09-08,Multan,27.0,14372.0,4.0,69.0,3593.0,1
1413,2025-03-02,Karachi,36.0,66068.0,10.0,28.0,6606.8,0
1414,2024-08-08,Karachi,22.0,32078.0,6.0,98.0,5346.333333333333,1
1415,2025-02-22,Karachi,39.0,47600.0,6.0,36.0,7933.333333333333,1
1416,2024-09-26,Karachi,33.0,60777.0,8.0,14.0,7597.125,0
1417,2024-03-14,Karachi,36.0,59448.0,11.0,5.0,5404.363636363636,0
1418,2025-05-10,Islamabad,32.0,93980.0,10.0,65.0,9398.0,0
1419,2024-04-21,Karachi,31.0,25558.0,5.0,84.0,5111.6,1
1420,2025-08-07,Lahore,25.0,79847.0,11.0,4.0,7258.818181818182,0
1421,2025-09-21,Multan,40.0,43467.0,9.0,38.0,4829.666666666667,1
1422,2024-08-12,Karachi,46.0,16717.0,6.0,23.0,2786.1666666666665,1
1423,2024-11-05,Quetta,28.0,61881.0,7.0,50.0,8840.142857142857,0
1424,2023-09-13,Lahore,38.0,54386.0,5.0,11.0,10877.2,0
1425,2025-03-25,Karachi,37.0,42435.0,9.0,1.0,4715.0,1
1426,2024-11-02,Karachi,33.0,23061.0,3.0,42.0,7687.0,1
1427,2025-06-21,Multan,19.0,63021.0,10.0,18.0,6302.1,0
1428,2023-09-25,Lahore,21.0,70129.0,12.0,2.0,5844.083333333333,0
1429,2025-02-26,Multan,26.0,37458.0,7.0,20.0,5351.142857142857,1
1430,2024-04-15,Karachi,18.0,26745.0,3.0,54.0,8915.0,1
1431,2023-07-05,Karachi,46.0,97959.0,13.0,19.0,7535.307692307692,0
1432,2023-06-21,Karachi,36.0,34250.0,6.0,49.0,5708.333333333333,1
1433,2024-07-16,Lahore,33.0,28909.0,6.0,9.0,4818.166666666667,1
1434,2023-11-16,Karachi,18.0,56907.0,9.0,38.0,6323.0,0
1435,2023-04-12,Lahore,18.0,63637.0,5.0,63.0,12727.4,0
1436,2024-03-03,Karachi,33.0,24064.0,3.0,76.0,8021.333333333333,1
1437,2024-10-14,Islamabad,51.0,72219.0,8.0,18.0,9027.375,0
1438,2023-11-15,Karachi,27.0,27353.0,5.0,75.0,5470.6,1
1439,2025-08-13,Lahore,41.0,71270.0,6.0,4.0,11878.333333333334,0
1440,2025-02-18,Lahore,29.0,35660.0,6.0,33.0,5943.333333333333,1
1441,2024-05-27,Lahore,33.0,60144.0,10.0,12.0,6014.4,0
1442,2025-07-23,Lahore,44.0,69156.0,12.0,13.0,5763.0,0
1443,2024-03-08,Islamabad,30.0,73221.0,9.0,13.0,8135.666666666667,0
1444,2023-05-20,Lahore,27.0,39935.0,6.0,7.0,6655.833333333333,1
1445,2023-02-05,Multan,46.0,79980.0,10.0,0.0,7998.0,0
1446,2025-07-27,Lahore,33.0,67214.0,6.0,35.0,11202.333333333334,0
1447,2025-08-17,Lahore,43.0,76591.0,7.0,73.0,10941.57142857143,0
1448,2025-01-09,Multan,27.0,47964.0,7.0,86.0,6852.0,1
1449,2023-04-14,Lahore,46.0,82601.0,8.0,18.0,10325.125,0
1450,2023-10-21,Karachi,35.0,49190.0,9.0,6.0,5465.555555555556,1
1451,2023-02-11,Quetta,37.0,139420.0,11.0,43.0,12674.545454545454,0
1452,2023-02-21,Quetta,34.0,32355.0,5.0,68.0,6471.0,1
1453,2023-09-04,Islamabad,28.0,15506.0,5.0,10.0,3101.2,1
1454,2024-07-26,Lahore,33.0,57803.0,9.0,67.0,6422.555555555556,1
1455,2023-03-07,Karachi,29.0,24327.0,5.0,29.0,4865.4,1
1456,2025-09-11,Quetta,42.0,68866.0,7.0,28.0,9838.0,0
1457,2024-03-31,Quetta,31.0,77414.0,10.0,28.0,7741.4,0
1458,2023-09-21,Lahore,20.0,26047.0,7.0,45.0,3721.0,1
1459,2024-05-31,Karachi,18.0,15764.0,3.0,124.0,5254.666666666667,1
1460,2025-03-01,Karachi,18.0,45661.0,4.0,21.0,11415.25,1
1461,2023-11-09,Lahore,39.0,10769.0,3.0,57.0,3589.6666666666665,1
1462,2023-02-17,Islamabad,23.0,92212.0,9.0,32.0,10245.777777777776,0
1463,2023-02-20,Lahore,36.0,98402.0,13.0,10.0,7569.384615384615,0
1464,2025-05-01,Karachi,34.0,107111.0,12.0,9.0,8925.916666666666,0
1465,2023-04-22,Lahore,32.0,60261.0,8.0,16.0,7532.625,0
1466,2024-09-27,Karachi,37.0,82329.0,8.0,7.0,10291.125,0
1467,2024-01-20,Lahore,34.0,46706.0,8.0,0.0,5838.25,1
1468,2025-02-16,Karachi,18.0,40145.0,5.0,12.0,8029.0,1
1469,2023-03-02,Lahore,30.0,44860.0,8.0,71.0,5607.5,1
1470,2025-06-16,Quetta,37.0,56061.0,5.0,27.0,11212.2,0
1471,2024-11-29,Lahore,48.0,45499.0,6.0,66.0,7583.166666666667,1
1472,2024-03-25,Karachi,48.0,35675.0,6.0,161.0,5945.833333333333,1
1473,2023-07-27,Lahore,21.0,141933.0,13.0,5.0,10917.923076923076,0
1474,2025-09-04,Lahore,30.0,60388.0,10.0,53.0,6038.8,0
1475,2023-10-30,Lahore,19.0,31654.0,4.0,52.0,7913.5,1
1476,2024-05-05,Lahore,47.0,28297.0,5.0,77.0,5659.4,1
1477,2024-01-30,Lahore,42.0,55826.0,5.0,81.0,11165.2,1
1478,2023-08-19,Karachi,36.0,54820.0,5.0,78.0,10964.0,1
1479,2024-02-21,Islamabad,34.0,59886.0,12.0,36.0,4990.5,0
1480,2023-06-01,Lahore,45.0,49644.0,12.0,9.0,4137.0,0
1481,2023-01-02,Karachi,44.0,84107.0,12.0,5.0,7008.916666666667,0
1482,2023-10-17,Karachi,43.0,55254.0,9.0,1.0,6139.333333333333,0
1483,2023-04-23,Lahore,37.0,125271.0,10.0,25.0,12527.1,0
1484,2024-02-19,Karachi,30.0,67789.0,10.0,116.0,6778.9,0
1485,2025-05-12,Lahore,40.0,43524.0,6.0,121.0,7254.0,1
1486,2023-06-12,Lahore,40.0,17476.0,6.0,33.0,2912.6666666666665,1
1487,2023-01-02,Karachi,31.0,75490.0,8.0,22.0,9436.25,0
1488,2023-04-22,Quetta,30.0,69534.0,10.0,8.0,6953.4,0
1489,2024-05-23,Quetta,43.0,35466.0,4.0,75.0,8866.5,1
1490,2023-10-02,Quetta,48.0,68158.0,6.0,75.0,11359.666666666666,0
1491,2024-05-04,Karachi,26.0,57068.0,7.0,56.0,8152.571428571428,1
1492,2023-01-30,Lahore,31.0,75228.0,12.0,4.0,6269.0,0
1493,2023-11-30,Karachi,36.0,17304.0,2.0,41.0,8652.0,1
1494,2024-02-15,Lahore,37.0,102805.0,9.0,5.0,11422.777777777776,0
1495,2024-03-07,Lahore,28.0,88199.0,7.0,13.0,12599.857142857143,0
1496,2024-07-05,Lahore,50.0,13241.0,4.0,120.0,3310.25,1
1497,2025-02-19,Karachi,37.0,89941.0,10.0,1.0,8994.1,0
1498,2024-04-12,Karachi,38.0,53531.0,10.0,5.0,5353.1,0
1499,2025-04-21,Lahore,49.0,29195.0,7.0,48.0,4170.714285714285,1
1500,2024-06-13,Islamabad,29.0,75244.0,10.0,22.0,7524.4,0
1501,2023-09-18,Karachi,32.0,81163.0,15.0,5.0,5410.866666666667,0
1502,2023-08-18,Multan,22.0,86841.0,10.0,9.0,8684.1,0
1503,2023-11-19,Lahore,31.0,57097.0,7.0,10.0,8156.714285714285,0
1504,2024-08-20,Karachi,20.0,85738.0,10.0,25.0,8573.8,0
1505,2023-08-31,Lahore,40.0,104743.0,14.0,40.0,7481.642857142857,0
1506,2025-07-03,Karachi,37.0,127189.0,14.0,8.0,9084.92857142857,0
1507,2024-04-24,Lahore,31.0,80092.0,8.0,124.0,10011.5,0
1508,2025-05-13,Lahore,32.0,60496.0,9.0,2.0,6721.777777777777,0
1509,2024-11-14,Islamabad,40.0,64406.0,9.0,54.0,7156.222222222223,0
1510,2023-11-30,Lahore,23.0,65070.0,9.0,41.0,7230.0,0
1511,2023-08-17,Lahore,35.0,12899.0,2.0,1.0,6449.5,1
1512,2025-01-13,Quetta,39.0,56831.0,7.0,71.0,8118.714285714285,1
1513,2023-11-27,Lahore,18.0,78710.0,8.0,27.0,9838.75,0
1514,2023-09-04,Karachi,39.0,27570.0,6.0,70.0,4595.0,1
1515,2025-07-19,Karachi,18.0,73473.0,9.0,3.0,8163.666666666667,0
1516,2024-04-27,Lahore,32.0,127810.0,15.0,18.0,8520.666666666666,0
1517,2023-02-18,Karachi,23.0,86592.0,10.0,18.0,8659.2,0
1518,2024-05-09,Lahore,46.0,59308.0,10.0,26.0,5930.8,0
1519,2024-04-05,Islamabad,23.0,41746.0,3.0,133.0,13915.333333333334,1
1520,2025-05-13,Lahore,18.0,117152.0,13.0,5.0,9011.692307692309,0
1521,2024-12-12,Lahore,34.0,25346.0,5.0,42.0,5069.2,1
1522,2023-07-11,Karachi,29.0,93356.0,14.0,5.0,6668.285714285715,0
1523,2023-05-31,Multan,19.0,55006.0,6.0,19.0,9167.666666666666,1
1524,2024-08-26,Islamabad,38.0,61643.0,12.0,10.0,5136.916666666667,0
1525,2023-02-17,Quetta,18.0,3583.0,1.0,67.0,3583.0,1
1526,2023-11-16,Islamabad,24.0,67293.0,6.0,219.0,11215.5,1
1527,2023-05-19,Islamabad,28.0,67226.0,9.0,36.0,7469.555555555556,0
1528,2023-01-21,Karachi,40.0,53054.0,9.0,20.0,5894.888888888889,1
1529,2025-07-07,Multan,45.0,45272.0,8.0,2.0,5659.0,1
1530,2023-03-31,Karachi,43.0,60004.0,8.0,51.0,7500.5,0
1531,2023-01-10,Karachi,32.0,50566.0,5.0,24.0,10113.2,1
1532,2025-07-21,Islamabad,18.0,46431.0,8.0,30.0,5803.875,1
1533,2023-07-08,Karachi,37.0,80354.0,6.0,4.0,13392.333333333334,0
1534,2025-03-27,Lahore,46.0,77726.0,10.0,9.0,7772.6,0
1535,2023-02-01,Karachi,44.0,26534.0,7.0,51.0,3790.571428571429,1
1536,2023-06-03,Karachi,37.0,44491.0,7.0,32.0,6355.857142857143,1
1537,2023-04-21,Multan,22.0,29667.0,5.0,88.0,5933.4,1
1538,2024-12-07,Karachi,28.0,44070.0,6.0,21.0,7345.0,1
1539,2024-09-12,Multan,50.0,28540.0,7.0,59.0,4077.142857142857,1
1540,2024-04-20,Karachi,20.0,79015.0,12.0,27.0,6584.583333333333,0
1541,2023-08-30,Islamabad,23.0,70756.0,6.0,25.0,11792.666666666666,0
1542,2023-03-30,Lahore,41.0,59731.0,5.0,69.0,11946.2,0
1543,2024-07-23,Quetta,29.0,39522.0,4.0,118.0,9880.5,1
1544,2023-08-19,Karachi,22.0,101515.0,12.0,41.0,8459.583333333334,0
1545,2024-08-13,Lahore,47.0,51703.0,7.0,47.0,7386.142857142857,1
1546,2024-11-18,Lahore,37.0,40774.0,4.0,11.0,10193.5,1
1547,2025-04-29,Lahore,30.0,78550.0,10.0,15.0,7855.0,0
1548,2024-05-08,Karachi,23.0,51274.0,7.0,0.0,7324.857142857143,1
1549,2023-01-05,Islamabad,51.0,79264.0,11.0,33.0,7205.818181818182,0
1550,2023-10-08,Quetta,33.0,53581.0,9.0,96.0,5953.444444444444,1
1551,2025-05-03,Islamabad,46.0,84345.0,12.0,39.0,7028.75,0
1552,2024-06-17,Karachi,41.0,84589.0,10.0,68.0,8458.9,0
1553,2024-09-11,Karachi,28.0,25842.0,6.0,93.0,4307.0,1
1554,2024-04-02,Multan,28.0,44194.0,7.0,89.0,6313.428571428572,1
1555,2023-06-12,Multan,46.0,94449.0,10.0,29.0,9444.9,0
1556,2025-06-15,Lahore,46.0,22083.0,4.0,16.0,5520.75,1
1557,2025-02-11,Quetta,18.0,90474.0,9.0,86.0,10052.666666666666,0
1558,2025-09-22,Karachi,38.0,72820.0,9.0,2.0,8091.111111111111,0
1559,2025-05-05,Multan,32.0,32787.0,7.0,118.0,4683.857142857143,1
1560,2023-10-19,Quetta,24.0,53747.0,6.0,70.0,8957.833333333334,1
1561,2023-09-12,Islamabad,35.0,62499.0,12.0,7.0,5208.25,0
1562,2023-09-06,Lahore,21.0,82401.0,13.0,3.0,6338.538461538462,0
1563,2025-07-07,Karachi,29.0,48533.0,8.0,75.0,6066.625,1
1564,2024-07-10,Lahore,26.0,100922.0,11.0,19.0,9174.727272727272,0
1565,2024-03-30,Islamabad,29.0,79574.0,11.0,42.0,7234.0,0
1566,2025-08-26,Lahore,32.0,36659.0,6.0,14.0,6109.833333333333,1
1567,2024-08-26,Islamabad,24.0,49075.0,7.0,23.0,7010.714285714285,1
1568,2025-06-28,Multan,47.0,86140.0,13.0,21.0,6626.153846153846,0
1569,2025-09-11,Lahore,37.0,75771.0,10.0,18.0,7577.1,0
1570,2023-03-21,Karachi,49.0,58449.0,7.0,15.0,8349.857142857143,0
1571,2023-12-28,Islamabad,32.0,43464.0,9.0,87.0,4829.333333333333,1
1572,2025-01-04,Karachi,28.0,71468.0,11.0,2.0,6497.090909090909,0
1573,2025-03-24,Lahore,49.0,55160.0,9.0,51.0,6128.888888888889,1
1574,2023-05-29,Lahore,28.0,14193.0,5.0,24.0,2838.6,1
1575,2023-11-15,Karachi,31.0,35426.0,6.0,34.0,5904.333333333333,1
1576,2024-07-02,Islamabad,39.0,24934.0,4.0,47.0,6233.5,1
1577,2025-03-10,Karachi,22.0,15413.0,4.0,7.0,3853.25,1
1578,2023-04-23,Lahore,39.0,53219.0,11.0,86.0,4838.090909090909,1
1579,2024-08-23,Karachi,38.0,21290.0,4.0,4.0,5322.5,1
1580,2023-10-24,Karachi,44.0,80486.0,9.0,89.0,8942.888888888889,0
1581,2023-08-05,Lahore,41.0,47106.0,8.0,151.0,5888.25,1
1582,2024-05-30,Islamabad,45.0,44518.0,5.0,13.0,8903.6,1
1583,2024-02-19,Karachi,32.0,31057.0,5.0,17.0,6211.4,1
1584,2024-09-27,Karachi,25.0,68076.0,10.0,66.0,6807.6,0
1585,2023-11-14,Quetta,52.0,30376.0,6.0,44.0,5062.666666666667,1
1586,2025-04-03,Karachi,19.0,32142.0,8.0,9.0,4017.75,1
1587,2023-03-20,Islamabad,20.0,77105.0,8.0,140.0,9638.125,0
1588,2025-05-11,Lahore,38.0,54382.0,7.0,28.0,7768.857142857143,1
1589,2023-01-30,Lahore,48.0,91112.0,11.0,16.0,8282.90909090909,0
1590,2025-01-05,Lahore,35.0,14219.0,5.0,101.0,2843.8,1
1591,2023-12-13,Islamabad,42.0,42314.0,6.0,150.0,7052.333333333333,1
1592,2024-01-19,Multan,18.0,80302.0,11.0,16.0,7300.181818181818,0
1593,2023-01-20,Lahore,29.0,81374.0,10.0,11.0,8137.4,0
1594,2024-12-03,Lahore,18.0,51405.0,7.0,1.0,7343.571428571428,1
1595,2023-06-15,Karachi,40.0,57274.0,9.0,25.0,6363.777777777777,0
1596,2024-10-21,Karachi,19.0,48416.0,6.0,18.0,8069.333333333333,1
1597,2024-12-26,Islamabad,21.0,91889.0,11.0,0.0,8353.545454545454,0
1598,2025-04-25,Islamabad,38.0,62530.0,9.0,23.0,6947.777777777777,0
1599,2024-12-09,Multan,43.0,76852.0,12.0,5.0,6404.333333333333,0
1600,2023-10-29,Lahore,32.0,53050.0,7.0,43.0,7578.571428571428,1
1601,2025-01-08,Islamabad,38.0,33562.0,5.0,196.0,6712.4,1
1602,2025-04-05,Karachi,38.0,114807.0,8.0,24.0,14350.875,0
1603,2023-11-14,Karachi,31.0,56372.0,8.0,119.0,7046.5,1
1604,2023-05-05,Multan,23.0,50536.0,9.0,38.0,5615.111111111111,1
1605,2025-06-09,Lahore,38.0,56224.0,7.0,76.0,8032.0,1
1606,2023-05-28,Islamabad,39.0,68770.0,9.0,94.0,7641.111111111111,0
1607,2024-08-16,Islamabad,41.0,76414.0,11.0,3.0,6946.727272727273,0
1608,2023-08-25,Multan,36.0,23486.0,4.0,68.0,5871.5,1
1609,2023-05-07,Karachi,22.0,48048.0,12.0,28.0,4004.0,0
1610,2025-02-15,Karachi,39.0,51477.0,8.0,37.0,6434.625,1
1611,2023-05-24,Multan,33.0,74038.0,8.0,0.0,9254.75,0
1612,2024-11-01,Islamabad,29.0,74871.0,12.0,34.0,6239.25,0
1613,2024-11-24,Karachi,30.0,10379.0,2.0,155.0,5189.5,1
1614,2023-03-02,Islamabad,27.0,28752.0,6.0,98.0,4792.0,1
1615,2023-06-22,Lahore,41.0,82665.0,9.0,29.0,9185.0,0
1616,2025-03-05,Karachi,20.0,49217.0,8.0,5.0,6152.125,1
1617,2024-05-22,Multan,24.0,61225.0,8.0,5.0,7653.125,0
1618,2023-05-02,Karachi,30.0,62022.0,10.0,33.0,6202.2,0
1619,2025-09-18,Karachi,48.0,66125.0,8.0,7.0,8265.625,0
1620,2023-09-22,Quetta,42.0,52081.0,8.0,90.0,6510.125,1
1621,2023-01-05,Islamabad,18.0,32890.0,6.0,99.0,5481.666666666667,1
1622,2025-07-13,Multan,45.0,59742.0,10.0,14.0,5974.2,0
1623,2023-01-17,Karachi,45.0,64330.0,8.0,38.0,8041.25,0
1624,2024-07-07,Quetta,22.0,38617.0,7.0,26.0,5516.714285714285,1
1625,2025-09-20,Lahore,18.0,52690.0,6.0,80.0,8781.666666666666,1
1626,2024-07-31,Karachi,32.0,68016.0,10.0,47.0,6801.6,0
1627,2024-08-07,Karachi,43.0,93893.0,12.0,40.0,7824.416666666667,0
1628,2024-01-24,Islamabad,47.0,58888.0,6.0,36.0,9814.666666666666,0
1629,2023-05-07,Multan,25.0,54511.0,8.0,19.0,6813.875,1
1630,2024-07-26,Islamabad,49.0,50672.0,7.0,110.0,7238.857142857143,1
1631,2025-06-16,Islamabad,18.0,64450.0,7.0,29.0,9207.142857142857,0
1632,2023-04-02,Karachi,30.0,43710.0,5.0,34.0,8742.0,1
1633,2025-05-30,Karachi,29.0,46590.0,6.0,115.0,7765.0,1
1634,2024-02-20,Karachi,43.0,40994.0,7.0,3.0,5856.285714285715,1
1635,2024-06-20,Lahore,45.0,63065.0,11.0,38.0,5733.181818181818,0
1636,2023-06-15,Karachi,42.0,8653.0,2.0,36.0,4326.5,1
1637,2024-09-13,Multan,21.0,19750.0,3.0,279.0,6583.333333333333,1
1638,2023-07-02,Islamabad,41.0,26444.0,5.0,79.0,5288.8,1
1639,2023-10-01,Islamabad,38.0,35944.0,5.0,116.0,7188.8,1
1640,2024-12-22,Karachi,18.0,28978.0,7.0,50.0,4139.714285714285,1
1641,2023-02-20,Karachi,18.0,44169.0,9.0,10.0,4907.666666666667,1
1642,2024-03-23,Lahore,42.0,50380.0,8.0,33.0,6297.5,1
1643,2024-08-17,Karachi,31.0,41496.0,8.0,19.0,5187.0,1
1644,2023-05-13,Karachi,21.0,72008.0,10.0,5.0,7200.8,0
1645,2023-10-22,Lahore,31.0,54111.0,9.0,34.0,6012.333333333333,1
1646,2023-12-10,Lahore,36.0,41636.0,4.0,107.0,10409.0,1
1647,2024-10-25,Islamabad,32.0,71973.0,11.0,32.0,6543.0,0
1648,2025-09-03,Karachi,19.0,51279.0,7.0,3.0,7325.571428571428,1
1649,2025-04-16,Karachi,50.0,21617.0,5.0,209.0,4323.4,1
1650,2023-07-09,Lahore,42.0,46751.0,8.0,2.0,5843.875,1
1651,2023-01-19,Karachi,30.0,118567.0,14.0,2.0,8469.07142857143,0
1652,2023-02-21,Karachi,30.0,37754.0,8.0,59.0,4719.25,1
1653,2024-08-18,Karachi,36.0,56548.0,7.0,25.0,8078.285714285715,0
1654,2023-06-06,Karachi,23.0,49287.0,8.0,37.0,6160.875,1
1655,2023-08-20,Lahore,36.0,89687.0,13.0,1.0,6899.0,0
1656,2025-04-27,Multan,21.0,59640.0,8.0,9.0,7455.0,0
1657,2025-05-23,Lahore,32.0,24497.0,5.0,7.0,4899.4,1
1658,2025-04-19,Karachi,22.0,41847.0,7.0,19.0,5978.142857142857,1
1659,2023-09-11,Lahore,23.0,27980.0,7.0,118.0,3997.142857142857,1
1660,2024-09-11,Karachi,48.0,49434.0,7.0,30.0,7062.0,1
1661,2024-09-02,Lahore,34.0,74637.0,12.0,21.0,6219.75,0
1662,2023-07-05,Multan,35.0,84217.0,14.0,0.0,6015.5,0
1663,2024-07-07,Karachi,18.0,54281.0,8.0,72.0,6785.125,1
1664,2024-06-09,Islamabad,28.0,12253.0,3.0,15.0,4084.3333333333335,1
1665,2024-02-01,Lahore,37.0,71322.0,6.0,24.0,11887.0,0
1666,2025-01-21,Lahore,35.0,62265.0,9.0,0.0,6918.333333333333,0
1667,2024-11-08,Karachi,18.0,31882.0,6.0,46.0,5313.666666666667,1
1668,2024-06-16,Karachi,35.0,23937.0,4.0,22.0,5984.25,1
1669,2024-12-26,Karachi,36.0,66433.0,9.0,37.0,7381.444444444444,0
1670,2025-02-02,Quetta,45.0,94798.0,10.0,1.0,9479.8,0
1671,2024-07-20,Islamabad,27.0,69320.0,8.0,18.0,8665.0,0
1672,2023-09-25,Quetta,18.0,38057.0,6.0,44.0,6342.833333333333,1
1673,2025-01-28,Lahore,24.0,36025.0,6.0,41.0,6004.166666666667,1
1674,2024-12-18,Islamabad,23.0,61160.0,9.0,61.0,6795.555555555556,0
1675,2025-09-10,Karachi,40.0,32842.0,4.0,11.0,8210.5,1
1676,2023-05-30,Islamabad,18.0,56310.0,7.0,65.0,8044.285714285715,1
1677,2024-02-24,Quetta,29.0,27382.0,5.0,168.0,5476.4,1
1678,2025-07-13,Islamabad,46.0,29535.0,7.0,67.0,4219.285714285715,1
1679,2024-05-29,Multan,33.0,87532.0,11.0,39.0,7957.454545454545,0
1680,2025-07-31,Islamabad,41.0,44342.0,9.0,31.0,4926.888888888889,1
1681,2023-01-13,Lahore,18.0,23034.0,5.0,53.0,4606.8,1
1682,2023-02-05,Islamabad,19.0,82086.0,11.0,12.0,7462.363636363636,0
1683,2025-03-07,Karachi,46.0,52051.0,8.0,54.0,6506.375,1
1684,2023-12-25,Multan,34.0,36912.0,6.0,67.0,6152.0,1
1685,2024-06-04,Multan,34.0,108027.0,10.0,39.0,10802.7,0
1686,2024-03-04,Lahore,23.0,19313.0,5.0,99.0,3862.6,1
1687,2024-02-12,Lahore,34.0,41926.0,6.0,6.0,6987.666666666667,1
1688,2025-07-28,Lahore,23.0,34218.0,8.0,4.0,4277.25,1
1689,2023-04-05,Karachi,44.0,54645.0,12.0,66.0,4553.75,0
1690,2025-02-11,Lahore,58.0,30724.0,7.0,75.0,4389.142857142857,1
1691,2025-06-08,Islamabad,37.0,106757.0,7.0,9.0,15251.0,0
1692,2024-10-19,Karachi,27.0,45811.0,8.0,80.0,5726.375,1
1693,2024-01-31,Multan,18.0,42612.0,8.0,28.0,5326.5,1
1694,2023-06-10,Lahore,18.0,33558.0,7.0,99.0,4794.0,1
1695,2024-11-13,Karachi,47.0,12386.0,3.0,8.0,4128.666666666667,1
1696,2024-04-13,Lahore,24.0,36321.0,6.0,47.0,6053.5,1
1697,2023-05-30,Multan,30.0,39284.0,8.0,101.0,4910.5,1
1698,2023-12-26,Lahore,39.0,25158.0,5.0,67.0,5031.6,1
1699,2025-08-19,Lahore,46.0,59520.0,13.0,1.0,4578.461538461538,0
1700,2023-09-23,Lahore,31.0,17950.0,4.0,45.0,4487.5,1
1701,2023-06-28,Multan,29.0,44520.0,6.0,1.0,7420.0,1
1702,2024-11-12,Lahore,34.0,59402.0,7.0,7.0,8486.0,0
1703,2023-07-19,Islamabad,27.0,39691.0,6.0,0.0,6615.166666666667,1
1704,2025-07-08,Islamabad,28.0,49711.0,7.0,54.0,7101.571428571428,1
1705,2025-05-08,Islamabad,37.0,83585.0,12.0,28.0,6965.416666666667,0
1706,2025-09-10,Lahore,35.0,78712.0,11.0,2.0,7155.636363636364,0
1707,2025-07-01,Lahore,52.0,62563.0,7.0,67.0,8937.57142857143,0
1708,2023-09-01,Karachi,37.0,74024.0,11.0,30.0,6729.454545454545,0
1709,2023-08-01,Lahore,43.0,88302.0,13.0,10.0,6792.461538461538,0
1710,2023-12-09,Islamabad,23.0,55428.0,8.0,17.0,6928.5,0
1711,2024-04-14,Karachi,38.0,34833.0,6.0,71.0,5805.5,1
1712,2025-05-29,Karachi,26.0,43186.0,10.0,3.0,4318.6,1
1713,2025-01-03,Lahore,37.0,26916.0,8.0,4.0,3364.5,1
1714,2024-10-06,Karachi,39.0,44771.0,9.0,54.0,4974.555555555556,1
1715,2025-05-28,Lahore,33.0,47330.0,8.0,22.0,5916.25,1
1716,2024-10-07,Islamabad,55.0,72582.0,10.0,12.0,7258.2,0
1717,2024-01-15,Lahore,46.0,54611.0,7.0,33.0,7801.571428571428,1
1718,2024-02-18,Quetta,44.0,29273.0,4.0,238.0,7318.25,1
1719,2024-06-01,Islamabad,40.0,95214.0,10.0,22.0,9521.4,0
1720,2023-03-30,Lahore,49.0,55763.0,8.0,74.0,6970.375,1
1721,2025-01-11,Lahore,20.0,64237.0,10.0,60.0,6423.7,0
1722,2024-10-14,Karachi,45.0,59137.0,8.0,32.0,7392.125,0
1723,2025-01-01,Lahore,24.0,24979.0,3.0,42.0,8326.333333333334,1
1724,2024-06-17,Lahore,28.0,30923.0,7.0,12.0,4417.571428571428,1
1725,2025-02-21,Multan,38.0,75425.0,5.0,11.0,15085.0,0
1726,2025-08-07,Islamabad,44.0,86337.0,9.0,1.0,9593.0,0
1727,2024-07-23,Lahore,23.0,38125.0,6.0,119.0,6354.166666666667,1
1728,2024-03-20,Karachi,28.0,73403.0,7.0,26.0,10486.142857142857,0
1729,2023-04-15,Lahore,34.0,65140.0,10.0,36.0,6514.0,0
1730,2025-02-17,Quetta,31.0,27140.0,5.0,67.0,5428.0,1
1731,2025-06-22,Lahore,41.0,28070.0,8.0,54.0,3508.75,1
1732,2024-11-30,Islamabad,64.0,51685.0,7.0,111.0,7383.571428571428,1
1733,2025-05-15,Islamabad,37.0,34325.0,8.0,27.0,4290.625,1
1734,2025-05-11,Lahore,26.0,45364.0,8.0,91.0,5670.5,1
1735,2025-03-09,Lahore,21.0,28692.0,7.0,18.0,4098.857142857143,1
1736,2024-05-17,Karachi,30.0,32504.0,5.0,115.0,6500.8,1
1737,2023-04-10,Multan,25.0,82929.0,11.0,3.0,7539.0,0
1738,2023-01-04,Karachi,37.0,43628.0,7.0,61.0,6232.571428571428,1
1739,2023-07-24,Islamabad,37.0,38595.0,8.0,6.0,4824.375,1
1740,2024-03-07,Islamabad,29.0,106911.0,13.0,41.0,8223.923076923076,0
1741,2025-01-13,Multan,51.0,96587.0,11.0,85.0,8780.636363636364,0
1742,2024-03-31,Karachi,26.0,105487.0,12.0,26.0,8790.583333333334,0
1743,2023-01-24,Karachi,32.0,83889.0,13.0,86.0,6453.0,0
1744,2023-07-30,Islamabad,39.0,103774.0,13.0,20.0,7982.615384615385,0
1745,2025-09-06,Lahore,41.0,73621.0,9.0,72.0,8180.111111111111,0
1746,2025-09-15,Multan,44.0,40978.0,6.0,217.0,6829.666666666667,1
1747,2024-01-13,Lahore,37.0,93841.0,12.0,28.0,7820.083333333333,0
1748,2025-03-15,Lahore,42.0,81377.0,12.0,1.0,6781.416666666667,0
1749,2024-12-20,Multan,27.0,93287.0,11.0,21.0,8480.636363636364,0
1750,2025-07-20,Karachi,41.0,113365.0,13.0,4.0,8720.384615384615,0
1751,2025-06-06,Lahore,41.0,42977.0,7.0,55.0,6139.571428571428,1
1752,2024-09-20,Lahore,47.0,37423.0,9.0,1.0,4158.111111111111,1
1753,2024-01-30,Karachi,18.0,46166.0,7.0,1.0,6595.142857142857,1
1754,2024-09-18,Multan,25.0,34207.0,5.0,111.0,6841.4,1
1755,2023-11-16,Lahore,40.0,90265.0,14.0,31.0,6447.5,0
1756,2023-12-15,Lahore,18.0,11554.0,3.0,27.0,3851.3333333333335,1
1757,2024-08-31,Karachi,37.0,44901.0,7.0,80.0,6414.428571428572,1
1758,2024-07-25,Quetta,43.0,52470.0,7.0,88.0,7495.714285714285,1
1759,2024-08-03,Lahore,28.0,97683.0,11.0,5.0,8880.272727272728,0
1760,2024-01-20,Quetta,29.0,36102.0,7.0,9.0,5157.428571428572,1
1761,2024-02-14,Multan,23.0,46052.0,8.0,0.0,5756.5,1
1762,2023-01-11,Lahore,28.0,28530.0,6.0,19.0,4755.0,1
1763,2024-08-24,Multan,29.0,38653.0,6.0,150.0,6442.166666666667,1
1764,2024-07-29,Islamabad,27.0,93963.0,9.0,140.0,10440.333333333334,0
1765,2025-07-24,Karachi,26.0,63777.0,7.0,37.0,9111.0,0
1766,2024-05-19,Karachi,31.0,89599.0,12.0,35.0,7466.583333333333,0
1767,2024-04-12,Multan,30.0,66332.0,10.0,31.0,6633.2,0
1768,2023-03-09,Islamabad,50.0,100571.0,11.0,42.0,9142.818181818182,0
1769,2023-07-16,Islamabad,29.0,54548.0,6.0,51.0,9091.333333333334,1
1770,2023-12-05,Quetta,36.0,62195.0,11.0,5.0,5654.090909090909,0
1771,2024-01-13,Karachi,28.0,53328.0,6.0,48.0,8888.0,1
1772,2023-12-29,Multan,28.0,24165.0,4.0,127.0,6041.25,1
1773,2024-01-30,Multan,18.0,65866.0,10.0,27.0,6586.6,0
1774,2025-02-07,Lahore,19.0,50304.0,5.0,36.0,10060.8,1
1775,2023-05-12,Lahore,22.0,39990.0,5.0,143.0,7998.0,1
1776,2023-11-29,Karachi,35.0,87352.0,9.0,24.0,9705.777777777776,0
1777,2023-06-12,Multan,43.0,85867.0,14.0,28.0,6133.357142857143,0
1778,2023-11-04,Lahore,18.0,42634.0,8.0,48.0,5329.25,1
1779,2024-11-15,Islamabad,28.0,54340.0,7.0,155.0,7762.857142857143,1
1780,2023-02-16,Lahore,21.0,77369.0,8.0,60.0,9671.125,0
1781,2023-12-06,Karachi,31.0,98630.0,11.0,7.0,8966.363636363636,0
1782,2023-01-24,Islamabad,43.0,70232.0,5.0,29.0,14046.4,0
1783,2025-08-12,Lahore,29.0,74296.0,8.0,16.0,9287.0,0
1784,2024-12-28,Multan,33.0,42125.0,7.0,196.0,6017.857142857143,1
1785,2023-09-01,Lahore,46.0,51295.0,8.0,11.0,6411.875,1
1786,2023-07-18,Multan,37.0,38909.0,5.0,43.0,7781.8,1
1787,2023-04-09,Lahore,26.0,44484.0,8.0,8.0,5560.5,1
1788,2024-04-17,Quetta,34.0,62562.0,8.0,3.0,7820.25,0
1789,2025-01-23,Islamabad,26.0,37027.0,5.0,21.0,7405.4,1
1790,2024-08-07,Lahore,37.0,144210.0,12.0,9.0,12017.5,0
1791,2025-05-31,Lahore,38.0,77357.0,9.0,13.0,8595.222222222223,0
1792,2023-12-10,Lahore,21.0,48334.0,7.0,34.0,6904.857142857143,1
1793,2023-10-06,Karachi,35.0,46181.0,8.0,15.0,5772.625,1
1794,2024-04-23,Multan,32.0,66675.0,11.0,16.0,6061.363636363636,0
1795,2023-07-22,Karachi,38.0,77613.0,11.0,16.0,7055.727272727273,0
1796,2025-09-02,Karachi,40.0,20849.0,4.0,69.0,5212.25,1
1797,2023-07-05,Karachi,37.0,106606.0,11.0,3.0,9691.454545454546,0
1798,2024-04-23,Karachi,30.0,39851.0,6.0,47.0,6641.833333333333,1
1799,2024-06-06,Islamabad,41.0,38327.0,6.0,35.0,6387.833333333333,1
1800,2023-02-27,Karachi,25.0,84484.0,8.0,48.0,10560.5,0
1801,2024-04-13,Islamabad,21.0,51745.0,7.0,43.0,7392.142857142857,1
1802,2024-03-30,Quetta,18.0,84120.0,13.0,21.0,6470.769230769231,0
1803,2023-09-17,Karachi,32.0,71069.0,12.0,15.0,5922.416666666667,0
1804,2023-05-08,Lahore,26.0,49044.0,5.0,7.0,9808.8,1
1805,2023-02-15,Lahore,37.0,45940.0,4.0,0.0,11485.0,1
1806,2023-01-09,Karachi,18.0,79948.0,10.0,21.0,7994.8,0
1807,2024-04-26,Karachi,27.0,86824.0,11.0,19.0,7893.090909090909,0
1808,2023-03-31,Quetta,37.0,122716.0,10.0,40.0,12271.6,0
1809,2025-08-17,Islamabad,24.0,40728.0,8.0,82.0,5091.0,1
1810,2023-09-02,Karachi,37.0,91237.0,14.0,20.0,6516.928571428572,0
1811,2024-10-14,Islamabad,28.0,51553.0,5.0,7.0,10310.6,1
1812,2024-11-04,Lahore,33.0,69044.0,9.0,8.0,7671.555555555556,0
1813,2024-05-10,Multan,38.0,47503.0,13.0,79.0,3654.076923076923,1
1814,2025-06-02,Lahore,42.0,42215.0,9.0,18.0,4690.555555555556,1
1815,2023-04-21,Islamabad,34.0,42252.0,4.0,169.0,10563.0,1
1816,2023-08-23,Quetta,26.0,58703.0,8.0,10.0,7337.875,0
1817,2023-09-10,Islamabad,29.0,93388.0,6.0,4.0,15564.666666666666,0
1818,2023-05-16,Multan,39.0,49734.0,8.0,13.0,6216.75,1
1819,2023-10-22,Karachi,24.0,24113.0,4.0,24.0,6028.25,1
1820,2023-11-09,Multan,31.0,33320.0,4.0,28.0,8330.0,1
1821,2025-02-03,Karachi,30.0,50807.0,6.0,7.0,8467.833333333334,1
1822,2023-10-29,Islamabad,32.0,47134.0,9.0,2.0,5237.111111111111,1
1823,2025-05-26,Lahore,24.0,59167.0,11.0,0.0,5378.818181818182,0
1824,2025-02-11,Lahore,18.0,65004.0,8.0,25.0,8125.5,0
1825,2025-06-20,Karachi,38.0,22346.0,5.0,20.0,4469.2,1
1826,2023-04-16,Lahore,42.0,33030.0,7.0,75.0,4718.571428571428,1
1827,2025-09-11,Islamabad,18.0,23493.0,4.0,61.0,5873.25,1
1828,2024-09-05,Multan,36.0,47534.0,10.0,13.0,4753.4,1
1829,2025-09-09,Quetta,43.0,19471.0,5.0,82.0,3894.2,1
1830,2023-12-21,Lahore,38.0,48147.0,10.0,8.0,4814.7,1
1831,2025-08-10,Quetta,29.0,99844.0,11.0,58.0,9076.727272727272,0
1832,2024-08-11,Lahore,25.0,35676.0,7.0,38.0,5096.571428571428,1
1833,2023-03-13,Karachi,34.0,25840.0,6.0,15.0,4306.666666666667,1
1834,2024-02-15,Multan,35.0,37795.0,6.0,0.0,6299.166666666667,1
1835,2023-05-18,Lahore,34.0,124444.0,10.0,20.0,12444.4,0
1836,2025-07-30,Lahore,31.0,98415.0,10.0,34.0,9841.5,0
1837,2023-11-01,Lahore,23.0,32588.0,6.0,136.0,5431.333333333333,1
1838,2023-08-11,Karachi,37.0,36714.0,6.0,111.0,6119.0,1
1839,2024-07-06,Multan,37.0,19852.0,5.0,12.0,3970.4,1
1840,2024-03-01,Lahore,35.0,36007.0,6.0,128.0,6001.166666666667,1
1841,2023-04-07,Lahore,34.0,81055.0,8.0,26.0,10131.875,0
1842,2025-03-27,Karachi,48.0,58965.0,8.0,91.0,7370.625,1
1843,2025-04-25,Lahore,27.0,61554.0,7.0,32.0,8793.42857142857,0
1844,2025-01-12,Islamabad,45.0,82019.0,11.0,35.0,7456.272727272727,0
1845,2024-09-08,Quetta,26.0,42321.0,3.0,76.0,14107.0,1
1846,2024-02-07,Islamabad,43.0,80218.0,9.0,108.0,8913.111111111111,0
1847,2024-06-26,Multan,44.0,47369.0,6.0,41.0,7894.833333333333,1
1848,2024-06-04,Karachi,30.0,56136.0,6.0,90.0,9356.0,1
1849,2023-06-15,Multan,48.0,55142.0,7.0,27.0,7877.428571428572,1
1850,2023-03-23,Lahore,37.0,53145.0,8.0,99.0,6643.125,1
1851,2023-09-11,Lahore,25.0,61309.0,9.0,29.0,6812.111111111111,0
1852,2024-03-30,Islamabad,30.0,49388.0,9.0,13.0,5487.555555555556,1
1853,2023-06-10,Lahore,43.0,54099.0,8.0,34.0,6762.375,1
1854,2023-04-17,Multan,41.0,81204.0,7.0,111.0,11600.57142857143,0
1855,2025-05-01,Islamabad,23.0,72585.0,9.0,42.0,8065.0,0
1856,2024-01-10,Quetta,32.0,41183.0,7.0,26.0,5883.285714285715,1
1857,2024-08-07,Karachi,35.0,48786.0,5.0,19.0,9757.2,1
1858,2024-06-08,Karachi,28.0,82328.0,12.0,3.0,6860.666666666667,0
1859,2025-01-05,Islamabad,54.0,71826.0,9.0,85.0,7980.666666666667,0
1860,2025-01-09,Lahore,35.0,53635.0,10.0,20.0,5363.5,0
1861,2023-10-24,Karachi,32.0,42117.0,5.0,12.0,8423.4,1
1862,2025-04-27,Islamabad,44.0,78991.0,10.0,24.0,7899.1,0
1863,2024-01-07,Quetta,30.0,93371.0,10.0,2.0,9337.1,0
1864,2025-04-15,Islamabad,42.0,57534.0,6.0,7.0,9589.0,0
1865,2024-02-09,Lahore,18.0,46849.0,8.0,7.0,5856.125,1
1866,2023-04-21,Karachi,29.0,8852.0,2.0,71.0,4426.0,1
1867,2025-01-30,Karachi,42.0,87733.0,11.0,11.0,7975.727272727273,0
1868,2023-01-31,Lahore,47.0,44309.0,7.0,0.0,6329.857142857143,1
1869,2025-02-11,Karachi,26.0,64337.0,8.0,33.0,8042.125,0
1870,2023-02-13,Lahore,25.0,30028.0,6.0,5.0,5004.666666666667,1
1871,2023-07-26,Lahore,38.0,61203.0,7.0,34.0,8743.285714285714,0
1872,2024-08-26,Karachi,27.0,75550.0,9.0,21.0,8394.444444444445,0
1873,2025-07-30,Lahore,31.0,32258.0,6.0,23.0,5376.333333333333,1
1874,2024-02-13,Karachi,41.0,38461.0,7.0,1.0,5494.428571428572,1
1875,2023-05-01,Lahore,28.0,25608.0,9.0,14.0,2845.333333333333,1
1876,2023-08-21,Islamabad,18.0,33130.0,7.0,67.0,4732.857142857143,1
1877,2025-06-15,Lahore,21.0,55541.0,11.0,9.0,5049.181818181818,0
1878,2024-12-27,Multan,33.0,20548.0,5.0,0.0,4109.6,1
1879,2023-04-11,Lahore,18.0,56877.0,8.0,9.0,7109.625,0
1880,2024-01-20,Karachi,30.0,44007.0,4.0,104.0,11001.75,1
1881,2023-09-22,Karachi,20.0,78645.0,12.0,47.0,6553.75,0
1882,2023-06-27,Lahore,48.0,59812.0,11.0,6.0,5437.454545454545,0
1883,2025-04-26,Karachi,52.0,74231.0,7.0,117.0,10604.42857142857,0
1884,2024-09-09,Multan,23.0,60445.0,8.0,2.0,7555.625,0
1885,2023-06-29,Multan,35.0,32060.0,7.0,116.0,4580.0,1
1886,2024-10-12,Karachi,24.0,61014.0,10.0,0.0,6101.4,0
1887,2024-02-18,Lahore,30.0,54436.0,8.0,4.0,6804.5,0
1888,2023-03-03,Islamabad,49.0,72221.0,8.0,0.0,9027.625,0
1889,2024-03-25,Karachi,29.0,52858.0,7.0,30.0,7551.142857142857,1
1890,2023-07-05,Lahore,30.0,19976.0,5.0,10.0,3995.2,1
1891,2023-09-03,Islamabad,25.0,47419.0,7.0,51.0,6774.142857142857,1
1892,2025-05-28,Karachi,43.0,52762.0,5.0,2.0,10552.4,0
1893,2024-12-11,Islamabad,18.0,64893.0,10.0,9.0,6489.3,0
1894,2023-05-15,Karachi,29.0,58799.0,6.0,42.0,9799.833333333334,0
1895,2025-05-01,Karachi,33.0,82909.0,11.0,0.0,7537.181818181818,0
1896,2024-07-28,Lahore,27.0,84805.0,10.0,23.0,8480.5,0
1897,2025-05-24,Islamabad,41.0,67603.0,6.0,95.0,11267.166666666666,0
1898,2025-01-17,Lahore,44.0,41440.0,6.0,28.0,6906.666666666667,1
1899,2023-12-06,Islamabad,20.0,32342.0,3.0,56.0,10780.666666666666,1
1900,2024-06-18,Islamabad,52.0,64151.0,8.0,12.0,8018.875,0
1901,2024-06-14,Islamabad,20.0,60334.0,8.0,1.0,7541.75,0
1902,2024-12-20,Lahore,45.0,29314.0,5.0,9.0,5862.8,1
1903,2023-09-06,Lahore,34.0,104788.0,11.0,22.0,9526.181818181818,0
1904,2023-11-30,Karachi,28.0,13410.0,4.0,4.0,3352.5,1
1905,2023-09-02,Karachi,29.0,38259.0,5.0,106.0,7651.8,1
1906,2023-10-24,Multan,33.0,64816.0,7.0,6.0,9259.42857142857,0
1907,2023-06-11,Karachi,35.0,75838.0,13.0,65.0,5833.692307692308,0
1908,2023-02-06,Multan,25.0,65776.0,12.0,19.0,5481.333333333333,0
1909,2025-07-29,Lahore,31.0,41685.0,6.0,38.0,6947.5,1
1910,2023-03-16,Karachi,26.0,85164.0,10.0,13.0,8516.4,0
1911,2025-06-06,Lahore,22.0,33235.0,7.0,25.0,4747.857142857143,1
1912,2023-01-04,Islamabad,26.0,52114.0,5.0,38.0,10422.8,1
1913,2025-02-16,Lahore,23.0,59173.0,8.0,74.0,7396.625,1
1914,2023-11-25,Lahore,29.0,33303.0,9.0,70.0,3700.3333333333335,1
1915,2024-06-01,Islamabad,37.0,15824.0,5.0,66.0,3164.8,1
1916,2023-10-10,Karachi,34.0,22591.0,4.0,86.0,5647.75,1
1917,2024-05-05,Lahore,51.0,46614.0,7.0,21.0,6659.142857142857,1
1918,2024-03-27,Lahore,18.0,30757.0,3.0,235.0,10252.333333333334,1
1919,2024-06-13,Karachi,37.0,32401.0,7.0,17.0,4628.714285714285,1
1920,2024-01-29,Karachi,33.0,29523.0,3.0,28.0,9841.0,1
1921,2024-06-20,Lahore,40.0,48407.0,6.0,137.0,8067.833333333333,1
1922,2025-04-05,Islamabad,39.0,135357.0,12.0,10.0,11279.75,0
1923,2024-03-10,Lahore,32.0,24858.0,6.0,32.0,4143.0,1
1924,2023-12-28,Karachi,35.0,55259.0,10.0,12.0,5525.9,0
1925,2023-05-12,Karachi,26.0,33631.0,4.0,191.0,8407.75,1
1926,2023-12-26,Lahore,39.0,35778.0,8.0,3.0,4472.25,1
1927,2023-05-06,Lahore,18.0,33466.0,7.0,24.0,4780.857142857143,1
1928,2023-07-02,Lahore,40.0,69709.0,9.0,37.0,7745.444444444444,0
1929,2025-08-10,Lahore,33.0,89454.0,11.0,0.0,8132.181818181818,0
1930,2023-03-31,Karachi,29.0,29694.0,6.0,20.0,4949.0,1
1931,2024-04-27,Multan,31.0,66738.0,7.0,115.0,9534.0,1
1932,2025-04-14,Multan,32.0,48362.0,6.0,2.0,8060.333333333333,1
1933,2025-08-11,Karachi,45.0,48661.0,7.0,58.0,6951.571428571428,1
1934,2023-05-27,Karachi,62.0,51475.0,6.0,5.0,8579.166666666666,1
1935,2023-06-13,Karachi,44.0,23254.0,3.0,135.0,7751.333333333333,1
1936,2024-01-08,Multan,28.0,32682.0,6.0,34.0,5447.0,1
1937,2024-07-08,Lahore,39.0,37233.0,4.0,56.0,9308.25,1
1938,2025-08-17,Lahore,39.0,39841.0,6.0,57.0,6640.166666666667,1
1939,2023-07-27,Karachi,25.0,54540.0,8.0,59.0,6817.5,1
1940,2023-06-14,Lahore,22.0,30585.0,3.0,118.0,10195.0,1
1941,2023-09-11,Karachi,32.0,67563.0,11.0,50.0,6142.090909090909,0
1942,2025-05-24,Multan,40.0,47583.0,4.0,52.0,11895.75,1
1943,2023-01-31,Multan,18.0,94924.0,11.0,3.0,8629.454545454546,0
1944,2024-01-16,Lahore,27.0,89355.0,10.0,58.0,8935.5,0
1945,2023-04-29,Karachi,38.0,13151.0,3.0,88.0,4383.666666666667,1
1946,2023-06-07,Karachi,33.0,54007.0,7.0,50.0,7715.285714285715,1
1947,2025-07-05,Karachi,46.0,53288.0,7.0,28.0,7612.571428571428,1
1948,2023-01-02,Karachi,20.0,53330.0,7.0,14.0,7618.571428571428,1
1949,2023-11-18,Lahore,54.0,41799.0,7.0,11.0,5971.285714285715,1
1950,2025-07-04,Multan,19.0,58339.0,5.0,131.0,11667.8,1
1951,2024-08-31,Quetta,18.0,98262.0,10.0,8.0,9826.2,0
1952,2023-03-13,Islamabad,32.0,28781.0,8.0,10.0,3597.625,1
1953,2024-04-10,Islamabad,23.0,89389.0,12.0,43.0,7449.083333333333,0
1954,2025-08-28,Karachi,33.0,21562.0,6.0,64.0,3593.6666666666665,1
1955,2024-02-05,Karachi,32.0,60322.0,7.0,26.0,8617.42857142857,0
1956,2024-06-12,Lahore,31.0,75119.0,8.0,46.0,9389.875,0
1957,2024-06-15,Karachi,25.0,40890.0,6.0,52.0,6815.0,1
1958,2024-10-22,Lahore,37.0,95044.0,10.0,23.0,9504.4,0
1959,2023-07-07,Multan,30.0,38374.0,5.0,18.0,7674.8,1
1960,2025-04-19,Karachi,43.0,49335.0,10.0,25.0,4933.5,1
1961,2025-09-15,Karachi,31.0,38510.0,8.0,40.0,4813.75,1
1962,2023-05-23,Karachi,24.0,83773.0,12.0,16.0,6981.083333333333,0
1963,2025-03-29,Quetta,18.0,38589.0,9.0,14.0,4287.666666666667,1
1964,2025-03-27,Lahore,31.0,36894.0,4.0,25.0,9223.5,1
1965,2025-01-11,Lahore,22.0,60803.0,7.0,10.0,8686.142857142857,0
1966,2024-01-06,Lahore,21.0,57117.0,8.0,16.0,7139.625,0
1967,2024-04-13,Islamabad,38.0,79083.0,11.0,3.0,7189.363636363636,0
1968,2025-04-19,Quetta,18.0,105944.0,13.0,14.0,8149.538461538462,0
1969,2023-06-02,Lahore,46.0,58508.0,10.0,30.0,5850.8,0
1970,2025-04-08,Multan,34.0,48446.0,7.0,54.0,6920.857142857143,1
1971,2025-07-09,Lahore,33.0,57610.0,9.0,45.0,6401.111111111111,0
1972,2024-11-12,Islamabad,24.0,43770.0,5.0,98.0,8754.0,1
1973,2023-12-08,Lahore,40.0,65836.0,8.0,38.0,8229.5,0
1974,2024-07-13,Karachi,33.0,54316.0,9.0,2.0,6035.111111111111,0
1975,2023-02-20,Islamabad,27.0,78173.0,11.0,14.0,7106.636363636364,0
1976,2025-07-20,Karachi,35.0,55815.0,9.0,10.0,6201.666666666667,0
1977,2023-12-09,Lahore,18.0,55994.0,8.0,111.0,6999.25,1
1978,2023-02-27,Multan,18.0,17866.0,2.0,66.0,8933.0,1
1979,2025-03-05,Quetta,23.0,9040.0,3.0,55.0,3013.333333333333,1
1980,2024-10-19,Karachi,36.0,42687.0,7.0,39.0,6098.142857142857,1
1981,2024-09-14,Islamabad,33.0,25601.0,3.0,141.0,8533.666666666666,1
1982,2023-02-24,Islamabad,42.0,31466.0,5.0,133.0,6293.2,1
1983,2025-01-20,Lahore,25.0,60880.0,8.0,4.0,7610.0,0
1984,2024-09-29,Multan,38.0,57454.0,8.0,18.0,7181.75,0
1985,2025-03-04,Lahore,32.0,94343.0,9.0,2.0,10482.555555555557,0
1986,2025-04-07,Islamabad,25.0,48010.0,7.0,27.0,6858.571428571428,1
1987,2023-07-31,Lahore,36.0,47765.0,7.0,130.0,6823.571428571428,1
1988,2023-07-30,Lahore,32.0,40664.0,6.0,49.0,6777.333333333333,1
1989,2025-07-12,Karachi,27.0,71831.0,10.0,19.0,7183.1,0
1990,2024-06-15,Karachi,33.0,10098.0,4.0,170.0,2524.5,1
1991,2024-03-13,Multan,32.0,63120.0,7.0,6.0,9017.142857142857,0
1992,2023-10-15,Quetta,32.0,58771.0,8.0,145.0,7346.375,1
1993,2024-10-01,Lahore,29.0,64544.0,9.0,41.0,7171.555555555556,0
1994,2025-01-23,Lahore,21.0,64996.0,9.0,19.0,7221.777777777777,0
1995,2023-01-03,Karachi,34.0,26412.0,3.0,262.0,8804.0,1
1996,2024-07-06,Karachi,26.0,42888.0,5.0,42.0,8577.6,1
1997,2025-09-20,Karachi,24.0,39674.0,5.0,13.0,7934.8,1
1998,2023-10-08,Multan,31.0,37752.0,9.0,1.0,4194.666666666667,1
1999,2023-10-08,Islamabad,40.0,45016.0,7.0,0.0,6430.857142857143,1
2000,2025-05-28,Lahore,35.0,41021.0,7.0,16.0,5860.142857142857,1
2001,2023-03-04,Karachi,28.0,64450.0,12.0,21.0,5370.833333333333,0
2002,2024-02-02,Islamabad,28.0,69039.0,12.0,21.0,5753.25,0
2003,2024-04-03,Karachi,39.0,72863.0,9.0,53.0,8095.888888888889,0
2004,2025-03-08,Lahore,18.0,53131.0,9.0,102.0,5903.444444444444,1
2005,2023-05-10,Karachi,40.0,30103.0,5.0,61.0,6020.6,1
2006,2024-03-10,Karachi,18.0,92787.0,10.0,73.0,9278.7,0
2007,2023-06-02,Lahore,20.0,29065.0,4.0,12.0,7266.25,1
2008,2025-02-26,Islamabad,28.0,36800.0,8.0,74.0,4600.0,1
2009,2024-09-24,Karachi,53.0,116439.0,13.0,73.0,8956.846153846154,0
2010,2024-05-11,Karachi,48.0,28844.0,8.0,13.0,3605.5,1
2011,2024-01-28,Karachi,39.0,68968.0,6.0,15.0,11494.666666666666,0
2012,2023-06-03,Multan,36.0,49695.0,8.0,11.0,6211.875,1
2013,2025-07-10,Lahore,18.0,80184.0,11.0,12.0,7289.454545454545,0
2014,2024-10-09,Lahore,34.0,98847.0,13.0,37.0,7603.615384615385,0
2015,2023-11-16,Karachi,28.0,94253.0,6.0,34.0,15708.833333333334,0
2016,2024-02-18,Karachi,26.0,62569.0,10.0,3.0,6256.9,0
2017,2024-12-27,Lahore,34.0,124604.0,15.0,19.0,8306.933333333332,0
2018,2024-12-20,Islamabad,29.0,48095.0,6.0,14.0,8015.833333333333,1
2019,2024-04-06,Lahore,41.0,89426.0,11.0,7.0,8129.636363636364,0
2020,2023-10-30,Lahore,18.0,185850.0,11.0,45.0,16895.454545454544,0
2021,2024-10-21,Karachi,34.0,38584.0,6.0,65.0,6430.666666666667,1
2022,2024-10-20,Islamabad,25.0,2371.0,2.0,238.0,1185.5,1
2023,2024-08-22,Multan,29.0,38572.0,8.0,133.0,4821.5,1
2024,2023-03-14,Islamabad,36.0,34894.0,6.0,47.0,5815.666666666667,1
2025,2024-04-17,Karachi,23.0,53645.0,7.0,65.0,7663.571428571428,1
2026,2024-09-05,Islamabad,34.0,70323.0,9.0,65.0,7813.666666666667,0
2027,2025-08-08,Islamabad,31.0,70864.0,9.0,11.0,7873.777777777777,0
2028,2024-06-09,Lahore,27.0,37576.0,9.0,49.0,4175.111111111111,1
2029,2023-12-09,Karachi,29.0,67333.0,7.0,40.0,9619.0,0
2030,2024-07-09,Islamabad,32.0,68137.0,9.0,90.0,7570.777777777777,0
2031,2023-06-27,Karachi,26.0,97764.0,14.0,2.0,6983.142857142857,0
2032,2023-04-01,Islamabad,33.0,86586.0,12.0,13.0,7215.5,0
2033,2024-11-09,Karachi,30.0,50360.0,8.0,9.0,6295.0,1
2034,2025-09-13,Karachi,27.0,41209.0,7.0,18.0,5887.0,1
2035,2025-04-26,Lahore,47.0,84667.0,12.0,35.0,7055.583333333333,0
2036,2024-08-06,Islamabad,37.0,54657.0,7.0,188.0,7808.142857142857,1
2037,2023-02-10,Multan,30.0,42584.0,8.0,18.0,5323.0,1
2038,2025-09-14,Lahore,34.0,96713.0,14.0,15.0,6908.071428571428,0
2039,2024-03-25,Karachi,24.0,73412.0,14.0,11.0,5243.714285714285,0
2040,2023-10-17,Lahore,29.0,27283.0,7.0,96.0,3897.571428571429,1
2041,2025-06-11,Lahore,30.0,54483.0,10.0,90.0,5448.3,1
2042,2025-01-16,Quetta,22.0,13399.0,4.0,251.0,3349.75,1
2043,2025-01-19,Karachi,36.0,28576.0,5.0,8.0,5715.2,1
2044,2023-10-05,Karachi,28.0,60403.0,8.0,59.0,7550.375,0
2045,2025-09-18,Lahore,30.0,95436.0,13.0,25.0,7341.2307692307695,0
2046,2024-03-28,Quetta,28.0,46068.0,9.0,7.0,5118.666666666667,1
2047,2024-06-15,Lahore,60.0,59475.0,6.0,53.0,9912.5,0
2048,2025-01-20,Islamabad,27.0,47962.0,10.0,17.0,4796.2,1
2049,2024-10-21,Lahore,18.0,53525.0,8.0,4.0,6690.625,0
2050,2023-06-22,Lahore,19.0,14028.0,3.0,259.0,4676.0,1
2051,2023-10-30,Islamabad,40.0,46740.0,7.0,44.0,6677.142857142857,1
2052,2023-12-28,Lahore,45.0,66719.0,5.0,72.0,13343.8,0
2053,2025-08-05,Islamabad,27.0,31997.0,7.0,0.0,4571.0,1
2054,2024-12-15,Lahore,45.0,54696.0,6.0,42.0,9116.0,1
2055,2024-01-02,Islamabad,40.0,58187.0,7.0,32.0,8312.42857142857,0
2056,2025-01-04,Islamabad,31.0,122033.0,10.0,0.0,12203.3,0
2057,2025-01-08,Islamabad,31.0,42405.0,8.0,48.0,5300.625,1
2058,2024-01-30,Lahore,35.0,72237.0,7.0,113.0,10319.57142857143,0
2059,2024-02-08,Islamabad,41.0,55096.0,7.0,22.0,7870.857142857143,1
2060,2025-06-13,Quetta,37.0,56555.0,10.0,14.0,5655.5,0
2061,2024-07-15,Lahore,27.0,50954.0,8.0,3.0,6369.25,1
2062,2023-05-30,Lahore,31.0,75110.0,10.0,82.0,7511.0,0
2063,2024-12-20,Multan,51.0,69809.0,10.0,42.0,6980.9,0
2064,2024-08-12,Lahore,35.0,61508.0,8.0,0.0,7688.5,0
2065,2024-05-23,Islamabad,41.0,64530.0,8.0,51.0,8066.25,0
2066,2024-12-26,Islamabad,38.0,27205.0,7.0,16.0,3886.428571428572,1
2067,2025-06-26,Lahore,35.0,54666.0,8.0,34.0,6833.25,1
2068,2023-11-27,Karachi,34.0,61242.0,10.0,3.0,6124.2,0
2069,2024-02-24,Karachi,41.0,65560.0,11.0,52.0,5960.0,0
2070,2023-07-09,Karachi,39.0,30056.0,5.0,30.0,6011.2,1
2071,2024-10-09,Multan,35.0,44442.0,6.0,40.0,7407.0,1
2072,2024-02-07,Lahore,27.0,31483.0,6.0,0.0,5247.166666666667,1
2073,2023-12-09,Karachi,36.0,108893.0,10.0,94.0,10889.3,0
2074,2024-11-27,Multan,32.0,80782.0,12.0,21.0,6731.833333333333,0
2075,2024-02-13,Lahore,30.0,83427.0,10.0,62.0,8342.7,0
2076,2024-04-09,Multan,57.0,13169.0,4.0,73.0,3292.25,1
2077,2024-03-16,Lahore,19.0,21206.0,7.0,25.0,3029.428571428572,1
2078,2023-09-16,Karachi,42.0,79855.0,7.0,2.0,11407.857142857143,0
2079,2023-05-06,Lahore,25.0,62488.0,11.0,23.0,5680.727272727273,0
2080,2025-04-07,Islamabad,34.0,45254.0,9.0,5.0,5028.222222222223,1
2081,2023-04-02,Islamabad,56.0,45118.0,10.0,35.0,4511.8,1
2082,2023-11-21,Multan,24.0,32248.0,6.0,81.0,5374.666666666667,1
2083,2024-10-29,Quetta,26.0,97688.0,15.0,85.0,6512.533333333334,0
2084,2023-05-12,Islamabad,33.0,34188.0,6.0,33.0,5698.0,1
2085,2024-10-17,Islamabad,25.0,41636.0,9.0,0.0,4626.222222222223,1
2086,2025-01-03,Karachi,41.0,48971.0,9.0,11.0,5441.222222222223,1
2087,2024-10-24,Multan,28.0,113077.0,10.0,121.0,11307.7,0
2088,2023-11-02,Islamabad,39.0,44802.0,8.0,11.0,5600.25,1
2089,2023-01-20,Multan,21.0,21480.0,5.0,132.0,4296.0,1
2090,2025-06-06,Lahore,18.0,38098.0,5.0,4.0,7619.6,1
2091,2023-11-23,Karachi,31.0,57536.0,9.0,10.0,6392.888888888889,0
2092,2025-03-16,Islamabad,19.0,48722.0,6.0,38.0,8120.333333333333,1
2093,2023-07-17,Lahore,47.0,49929.0,8.0,21.0,6241.125,1
2094,2023-06-12,Lahore,19.0,68293.0,9.0,60.0,7588.111111111111,0
2095,2025-02-17,Quetta,24.0,39156.0,5.0,43.0,7831.2,1
2096,2025-07-28,Karachi,37.0,47243.0,6.0,43.0,7873.833333333333,1
2097,2025-05-10,Lahore,28.0,61927.0,11.0,2.0,5629.727272727273,0
2098,2025-01-21,Karachi,19.0,17231.0,4.0,166.0,4307.75,1
2099,2023-09-04,Karachi,51.0,73920.0,11.0,2.0,6720.0,0
2100,2025-07-02,Islamabad,24.0,56103.0,7.0,66.0,8014.714285714285,1
2101,2024-10-29,Quetta,31.0,43785.0,7.0,65.0,6255.0,1
2102,2023-06-22,Quetta,31.0,74424.0,11.0,121.0,6765.818181818182,0
2103,2023-05-10,Islamabad,39.0,7446.0,2.0,83.0,3723.0,1
2104,2025-05-21,Islamabad,37.0,59250.0,7.0,32.0,8464.285714285714,0
2105,2023-10-03,Karachi,26.0,41477.0,7.0,43.0,5925.285714285715,1
2106,2025-02-04,Multan,30.0,92540.0,9.0,2.0,10282.222222222224,0
2107,2023-05-19,Lahore,31.0,44393.0,7.0,71.0,6341.857142857143,1
2108,2023-10-08,Lahore,40.0,86081.0,12.0,20.0,7173.416666666667,0
2109,2023-10-11,Quetta,22.0,26495.0,5.0,34.0,5299.0,1
2110,2023-10-09,Multan,51.0,76714.0,8.0,66.0,9589.25,0
2111,2024-11-05,Karachi,26.0,21711.0,4.0,65.0,5427.75,1
2112,2025-07-03,Islamabad,33.0,24263.0,3.0,61.0,8087.666666666667,1
2113,2025-06-29,Karachi,23.0,45271.0,6.0,22.0,7545.166666666667,1
2114,2025-01-11,Karachi,21.0,79737.0,10.0,117.0,7973.7,0
2115,2023-07-22,Lahore,25.0,81174.0,14.0,25.0,5798.142857142857,0
2116,2025-08-18,Lahore,24.0,27428.0,4.0,44.0,6857.0,1
2117,2024-06-26,Karachi,29.0,64513.0,14.0,34.0,4608.071428571428,0
2118,2024-06-29,Karachi,24.0,75962.0,9.0,3.0,8440.222222222223,0
2119,2024-12-02,Karachi,39.0,52764.0,6.0,37.0,8794.0,1
2120,2025-02-08,Lahore,26.0,78685.0,10.0,14.0,7868.5,0
2121,2025-08-10,Quetta,25.0,23384.0,5.0,56.0,4676.8,1
2122,2024-08-05,Islamabad,29.0,30059.0,4.0,242.0,7514.75,1
2123,2024-09-02,Multan,42.0,18296.0,5.0,184.0,3659.2,1
2124,2025-01-15,Lahore,35.0,23657.0,4.0,41.0,5914.25,1
2125,2023-09-13,Islamabad,32.0,37046.0,6.0,29.0,6174.333333333333,1
2126,2023-11-04,Multan,20.0,68436.0,11.0,35.0,6221.454545454545,0
2127,2024-09-17,Karachi,23.0,97426.0,13.0,56.0,7494.307692307692,0
2128,2023-03-06,Lahore,21.0,91317.0,13.0,3.0,7024.384615384615,0
2129,2023-11-17,Lahore,45.0,62060.0,8.0,39.0,7757.5,0
2130,2024-12-18,Lahore,38.0,54644.0,8.0,104.0,6830.5,1
2131,2025-09-03,Karachi,25.0,31298.0,6.0,101.0,5216.333333333333,1
2132,2024-06-03,Karachi,28.0,69389.0,11.0,40.0,6308.090909090909,0
2133,2024-02-04,Lahore,26.0,48299.0,8.0,84.0,6037.375,1
2134,2024-03-16,Islamabad,25.0,72170.0,9.0,2.0,8018.888888888889,0
2135,2024-11-16,Lahore,37.0,96749.0,11.0,0.0,8795.363636363636,0
2136,2024-06-28,Karachi,30.0,90780.0,12.0,0.0,7565.0,0
2137,2023-01-24,Islamabad,52.0,92996.0,18.0,27.0,5166.444444444444,0
2138,2024-06-23,Lahore,44.0,86783.0,10.0,21.0,8678.3,0
2139,2024-02-05,Lahore,45.0,24212.0,7.0,71.0,3458.8571428571427,1
2140,2024-12-01,Lahore,39.0,52901.0,7.0,67.0,7557.285714285715,1
2141,2025-05-25,Lahore,29.0,33422.0,5.0,54.0,6684.4,1
2142,2025-08-20,Karachi,38.0,78078.0,9.0,115.0,8675.333333333334,0
2143,2024-09-02,Lahore,30.0,67985.0,12.0,117.0,5665.416666666667,0
2144,2023-12-29,Lahore,48.0,89365.0,12.0,8.0,7447.083333333333,0
2145,2024-03-19,Quetta,37.0,113182.0,13.0,98.0,8706.307692307691,0
2146,2023-06-26,Multan,35.0,60789.0,9.0,21.0,6754.333333333333,0
2147,2025-07-24,Lahore,34.0,56622.0,5.0,46.0,11324.4,0
2148,2025-04-27,Karachi,49.0,52232.0,7.0,77.0,7461.714285714285,1
2149,2025-05-03,Karachi,20.0,42613.0,6.0,31.0,7102.166666666667,1
2150,2023-11-25,Multan,50.0,63160.0,7.0,59.0,9022.857142857143,0
2151,2023-11-19,Multan,31.0,27817.0,5.0,181.0,5563.4,1
2152,2025-05-06,Lahore,20.0,109435.0,15.0,0.0,7295.666666666667,0
2153,2024-06-28,Lahore,26.0,52810.0,5.0,11.0,10562.0,0
2154,2024-12-05,Karachi,18.0,46983.0,8.0,73.0,5872.875,1
2155,2024-05-04,Multan,39.0,53277.0,9.0,66.0,5919.666666666667,1
2156,2024-03-18,Multan,24.0,42899.0,9.0,105.0,4766.555555555556,1
2157,2024-09-24,Lahore,35.0,23008.0,6.0,58.0,3834.6666666666665,1
2158,2025-03-23,Karachi,43.0,12835.0,4.0,17.0,3208.75,1
2159,2023-12-01,Lahore,27.0,62704.0,8.0,23.0,7838.0,0
2160,2025-03-20,Islamabad,31.0,56444.0,9.0,34.0,6271.555555555556,0
2161,2023-09-02,Multan,21.0,89382.0,11.0,92.0,8125.636363636364,0
2162,2024-02-07,Karachi,30.0,59429.0,10.0,70.0,5942.9,0
2163,2025-07-01,Lahore,56.0,30312.0,6.0,22.0,5052.0,1
2164,2025-08-12,Karachi,40.0,40155.0,3.0,50.0,13385.0,1
2165,2025-07-12,Karachi,31.0,37458.0,5.0,17.0,7491.6,1
2166,2023-11-13,Multan,27.0,45915.0,6.0,7.0,7652.5,1
2167,2025-04-23,Karachi,33.0,40916.0,8.0,13.0,5114.5,1
2168,2025-07-25,Multan,34.0,45960.0,9.0,4.0,5106.666666666667,1
2169,2025-09-05,Lahore,29.0,60555.0,7.0,91.0,8650.714285714286,1
2170,2023-01-21,Lahore,38.0,102896.0,13.0,7.0,7915.076923076923,0
2171,2025-01-14,Karachi,24.0,30202.0,4.0,29.0,7550.5,1
2172,2025-09-23,Lahore,24.0,44864.0,7.0,92.0,6409.142857142857,1
2173,2025-02-03,Lahore,36.0,60431.0,7.0,1.0,8633.0,0
2174,2023-08-22,Islamabad,22.0,62822.0,11.0,37.0,5711.090909090909,0
2175,2025-02-01,Lahore,40.0,72772.0,9.0,7.0,8085.777777777777,0
2176,2023-04-16,Lahore,33.0,68850.0,9.0,55.0,7650.0,0
2177,2024-04-25,Lahore,18.0,62726.0,9.0,24.0,6969.555555555556,0
2178,2024-09-18,Lahore,34.0,142825.0,14.0,18.0,10201.785714285714,0
2179,2024-04-01,Multan,18.0,20025.0,3.0,212.0,6675.0,1
2180,2024-11-30,Quetta,39.0,67152.0,9.0,41.0,7461.333333333333,0
2181,2023-08-29,Lahore,31.0,85673.0,8.0,6.0,10709.125,0
2182,2024-08-29,Islamabad,50.0,39044.0,5.0,55.0,7808.8,1
2183,2024-10-06,Islamabad,43.0,63207.0,6.0,27.0,10534.5,0
2184,2024-09-25,Quetta,23.0,25322.0,7.0,62.0,3617.428571428572,1
2185,2023-10-17,Karachi,18.0,66047.0,7.0,1.0,9435.285714285714,0
2186,2023-11-02,Lahore,26.0,76821.0,14.0,31.0,5487.214285714285,0
2187,2023-09-15,Karachi,22.0,77891.0,10.0,16.0,7789.1,0
2188,2024-04-06,Multan,49.0,30819.0,6.0,51.0,5136.5,1
2189,2024-08-08,Islamabad,33.0,42147.0,6.0,154.0,7024.5,1
2190,2023-12-29,Karachi,41.0,40441.0,7.0,93.0,5777.285714285715,1
2191,2024-02-14,Lahore,30.0,82369.0,13.0,72.0,6336.076923076923,0
2192,2023-10-14,Islamabad,31.0,52294.0,7.0,93.0,7470.571428571428,1
2193,2023-08-07,Multan,33.0,41122.0,4.0,55.0,10280.5,1
2194,2024-10-19,Karachi,43.0,32549.0,4.0,30.0,8137.25,1
2195,2025-03-27,Islamabad,36.0,73925.0,14.0,9.0,5280.357142857143,0
2196,2023-10-18,Karachi,23.0,35371.0,9.0,63.0,3930.1111111111113,1
2197,2025-05-10,Karachi,48.0,26407.0,4.0,189.0,6601.75,1
2198,2024-07-24,Karachi,30.0,35073.0,5.0,4.0,7014.6,1
2199,2023-06-17,Islamabad,29.0,71225.0,7.0,64.0,10175.0,0
2200,2024-01-01,Quetta,18.0,16047.0,3.0,20.0,5349.0,1
2201,2023-01-08,Karachi,39.0,53286.0,7.0,60.0,7612.285714285715,1
2202,2023-02-09,Karachi,34.0,51608.0,9.0,80.0,5734.222222222223,1
2203,2023-12-03,Karachi,34.0,51764.0,8.0,1.0,6470.5,1
2204,2024-03-30,Lahore,29.0,75751.0,11.0,29.0,6886.454545454545,0
2205,2025-03-08,Lahore,28.0,65663.0,7.0,0.0,9380.42857142857,0
2206,2023-05-15,Lahore,30.0,53806.0,6.0,8.0,8967.666666666666,1
2207,2025-04-19,Karachi,37.0,90874.0,11.0,20.0,8261.272727272728,0
2208,2023-08-23,Lahore,39.0,44570.0,8.0,43.0,5571.25,1
2209,2023-05-19,Karachi,31.0,113395.0,13.0,63.0,8722.692307692309,0
2210,2024-11-30,Islamabad,42.0,63863.0,10.0,15.0,6386.3,0
2211,2025-02-13,Lahore,32.0,68201.0,8.0,26.0,8525.125,0
2212,2024-08-27,Islamabad,28.0,59585.0,8.0,89.0,7448.125,1
2213,2023-04-26,Multan,35.0,69642.0,10.0,2.0,6964.2,0
2214,2023-04-26,Karachi,21.0,47332.0,6.0,47.0,7888.666666666667,1
2215,2024-01-26,Lahore,35.0,39209.0,6.0,6.0,6534.833333333333,1
2216,2024-03-26,Karachi,19.0,67326.0,6.0,112.0,11221.0,0
2217,2025-09-25,Karachi,24.0,5904.0,2.0,26.0,2952.0,1
2218,2023-10-14,Karachi,18.0,16251.0,3.0,18.0,5417.0,1
2219,2023-07-12,Lahore,31.0,87793.0,9.0,41.0,9754.777777777776,0
2220,2025-08-03,Karachi,47.0,114791.0,11.0,81.0,10435.545454545454,0
2221,2023-06-03,Karachi,32.0,36485.0,9.0,40.0,4053.8888888888887,1
2222,2023-01-27,Lahore,39.0,59184.0,7.0,12.0,8454.857142857143,0
2223,2024-02-27,Islamabad,54.0,27181.0,4.0,27.0,6795.25,1
2224,2024-02-06,Lahore,37.0,31258.0,7.0,23.0,4465.428571428572,1
2225,2024-09-11,Karachi,26.0,30815.0,5.0,231.0,6163.0,1
2226,2025-05-27,Multan,27.0,39072.0,7.0,92.0,5581.714285714285,1
2227,2025-07-21,Lahore,33.0,44988.0,10.0,11.0,4498.8,1
2228,2023-10-17,Islamabad,27.0,23628.0,5.0,61.0,4725.6,1
2229,2025-09-07,Karachi,28.0,61935.0,7.0,6.0,8847.857142857143,0
2230,2024-09-24,Karachi,42.0,79759.0,12.0,19.0,6646.583333333333,0
2231,2023-03-11,Multan,42.0,72828.0,9.0,3.0,8092.0,0
2232,2025-07-27,Karachi,18.0,57788.0,7.0,48.0,8255.42857142857,1
2233,2023-05-18,Lahore,26.0,35547.0,8.0,63.0,4443.375,1
2234,2024-08-11,Multan,29.0,58958.0,6.0,15.0,9826.333333333334,0
2235,2025-03-01,Islamabad,38.0,89984.0,8.0,10.0,11248.0,0
2236,2023-09-07,Islamabad,43.0,45445.0,4.0,58.0,11361.25,1
2237,2023-09-28,Lahore,57.0,58106.0,8.0,84.0,7263.25,1
2238,2024-04-21,Lahore,29.0,69730.0,8.0,7.0,8716.25,0
2239,2025-06-03,Islamabad,29.0,68823.0,12.0,14.0,5735.25,0
2240,2023-08-12,Lahore,38.0,48662.0,10.0,13.0,4866.2,1
2241,2024-10-25,Lahore,27.0,36178.0,3.0,0.0,12059.333333333334,1
2242,2024-03-28,Islamabad,32.0,61541.0,9.0,5.0,6837.888888888889,0
2243,2023-04-22,Lahore,29.0,4395.0,2.0,212.0,2197.5,1
2244,2024-12-11,Lahore,18.0,29334.0,4.0,43.0,7333.5,1
2245,2025-04-12,Lahore,34.0,47274.0,7.0,49.0,6753.428571428572,1
2246,2024-07-29,Karachi,31.0,34256.0,5.0,17.0,6851.2,1
2247,2023-06-26,Islamabad,44.0,68347.0,9.0,11.0,7594.111111111111,0
2248,2023-06-05,Multan,33.0,80096.0,11.0,4.0,7281.454545454545,0
2249,2024-02-28,Lahore,22.0,28734.0,5.0,212.0,5746.8,1
2250,2024-05-21,Lahore,31.0,45304.0,10.0,7.0,4530.4,1
2251,2024-07-06,Karachi,18.0,46513.0,7.0,15.0,6644.714285714285,1
2252,2023-09-01,Karachi,22.0,27157.0,6.0,9.0,4526.166666666667,1
2253,2024-05-15,Karachi,39.0,35568.0,4.0,22.0,8892.0,1
2254,2023-10-23,Quetta,31.0,62766.0,6.0,52.0,10461.0,0
2255,2024-11-17,Karachi,41.0,109011.0,11.0,13.0,9910.09090909091,0
2256,2025-03-07,Karachi,18.0,34838.0,6.0,91.0,5806.333333333333,1
2257,2024-10-14,Quetta,31.0,97013.0,14.0,0.0,6929.5,0
2258,2023-01-02,Lahore,29.0,38313.0,11.0,41.0,3483.0,1
2259,2025-09-19,Quetta,42.0,32133.0,6.0,42.0,5355.5,1
2260,2023-01-24,Karachi,39.0,39691.0,5.0,70.0,7938.2,1
2261,2025-09-26,Karachi,39.0,112771.0,13.0,7.0,8674.692307692309,0
2262,2023-02-01,Quetta,47.0,48584.0,7.0,22.0,6940.571428571428,1
2263,2024-05-31,Karachi,30.0,10019.0,2.0,2.0,5009.5,1
2264,2023-04-16,Karachi,45.0,52920.0,6.0,18.0,8820.0,1
2265,2023-04-06,Lahore,24.0,35392.0,5.0,12.0,7078.4,1
2266,2024-11-14,Islamabad,23.0,72499.0,9.0,14.0,8055.444444444444,0
2267,2024-12-28,Karachi,40.0,113651.0,12.0,31.0,9470.916666666666,0
2268,2023-04-29,Lahore,19.0,38212.0,5.0,10.0,7642.4,1
2269,2025-09-03,Islamabad,38.0,50503.0,5.0,57.0,10100.6,1
2270,2023-11-17,Islamabad,34.0,31027.0,6.0,3.0,5171.166666666667,1
2271,2023-11-15,Karachi,43.0,38314.0,6.0,41.0,6385.666666666667,1
2272,2023-10-24,Lahore,32.0,80202.0,10.0,47.0,8020.2,0
2273,2024-04-06,Karachi,34.0,134717.0,11.0,58.0,12247.0,0
2274,2023-06-27,Lahore,38.0,35014.0,6.0,40.0,5835.666666666667,1
2275,2024-02-29,Lahore,27.0,29490.0,7.0,26.0,4212.857142857143,1
2276,2023-07-29,Karachi,27.0,60118.0,5.0,54.0,12023.6,0
2277,2023-02-21,Lahore,37.0,63166.0,5.0,124.0,12633.2,1
2278,2024-01-04,Lahore,33.0,107221.0,10.0,41.0,10722.1,0
2279,2024-11-03,Islamabad,29.0,19369.0,3.0,37.0,6456.333333333333,1
2280,2025-02-02,Karachi,32.0,68361.0,10.0,88.0,6836.1,0
2281,2023-12-20,Quetta,47.0,44224.0,9.0,16.0,4913.777777777777,1
2282,2023-11-20,Multan,29.0,27098.0,5.0,13.0,5419.6,1
2283,2025-02-26,Karachi,29.0,63918.0,6.0,20.0,10653.0,0
2284,2024-11-12,Quetta,18.0,91618.0,10.0,60.0,9161.8,0
2285,2025-04-12,Multan,33.0,77384.0,13.0,35.0,5952.615384615385,0
2286,2025-06-25,Karachi,39.0,80919.0,10.0,39.0,8091.9,0
2287,2025-04-01,Islamabad,41.0,41860.0,7.0,5.0,5980.0,1
2288,2025-07-25,Lahore,34.0,82362.0,12.0,84.0,6863.5,0
2289,2024-02-21,Islamabad,42.0,92947.0,13.0,3.0,7149.769230769231,0
2290,2024-01-30,Karachi,40.0,41238.0,6.0,163.0,6873.0,1
2291,2023-11-18,Lahore,43.0,69885.0,12.0,138.0,5823.75,0
2292,2023-08-24,Lahore,42.0,98316.0,10.0,24.0,9831.6,0
2293,2025-01-18,Quetta,47.0,35143.0,4.0,66.0,8785.75,1
2294,2024-12-15,Karachi,31.0,92037.0,10.0,109.0,9203.7,0
2295,2025-03-12,Lahore,21.0,32267.0,7.0,29.0,4609.571428571428,1
2296,2023-06-17,Lahore,39.0,76936.0,13.0,46.0,5918.153846153846,0
2297,2024-05-06,Karachi,40.0,35372.0,5.0,5.0,7074.4,1
2298,2023-08-10,Multan,47.0,98762.0,11.0,13.0,8978.363636363636,0
2299,2025-06-12,Islamabad,45.0,56362.0,10.0,8.0,5636.2,0
2300,2023-09-25,Karachi,51.0,100845.0,8.0,8.0,12605.625,0
2301,2023-05-24,Lahore,39.0,61333.0,8.0,29.0,7666.625,0
2302,2024-07-23,Lahore,35.0,78167.0,13.0,50.0,6012.846153846154,0
2303,2025-05-29,Karachi,21.0,82664.0,8.0,99.0,10333.0,0
2304,2025-07-04,Multan,36.0,43295.0,5.0,51.0,8659.0,1
2305,2023-04-07,Islamabad,28.0,92273.0,8.0,16.0,11534.125,0
2306,2023-11-22,Karachi,35.0,64717.0,9.0,26.0,7190.777777777777,0
2307,2023-06-03,Karachi,33.0,83432.0,7.0,23.0,11918.857142857143,0
2308,2023-11-04,Karachi,37.0,87071.0,9.0,26.0,9674.555555555557,0
2309,2024-06-17,Karachi,32.0,65604.0,9.0,7.0,7289.333333333333,0
2310,2023-10-08,Karachi,41.0,71513.0,7.0,1.0,10216.142857142857,0
2311,2023-03-09,Islamabad,18.0,64964.0,6.0,96.0,10827.333333333334,0
2312,2024-05-25,Karachi,35.0,71859.0,10.0,11.0,7185.9,0
2313,2023-02-22,Quetta,44.0,62535.0,10.0,12.0,6253.5,0
2314,2023-08-15,Karachi,50.0,19712.0,4.0,22.0,4928.0,1
2315,2023-01-01,Lahore,40.0,50330.0,7.0,3.0,7190.0,1
2316,2023-03-28,Lahore,48.0,113875.0,14.0,82.0,8133.928571428572,0
2317,2024-03-12,Karachi,35.0,43928.0,6.0,125.0,7321.333333333333,1
2318,2025-04-30,Karachi,33.0,63233.0,12.0,2.0,5269.416666666667,0
2319,2025-02-13,Karachi,38.0,54615.0,8.0,9.0,6826.875,0
2320,2023-04-09,Islamabad,33.0,52884.0,8.0,85.0,6610.5,1
2321,2023-02-04,Lahore,26.0,59603.0,9.0,24.0,6622.555555555556,0
2322,2023-12-05,Islamabad,28.0,41373.0,7.0,67.0,5910.428571428572,1
2323,2024-10-14,Islamabad,23.0,51679.0,7.0,73.0,7382.714285714285,1
2324,2025-01-16,Karachi,38.0,70290.0,9.0,6.0,7810.0,0
2325,2025-04-03,Karachi,33.0,8659.0,1.0,100.0,8659.0,1
2326,2023-12-09,Lahore,30.0,10904.0,3.0,28.0,3634.6666666666665,1
2327,2023-06-18,Karachi,28.0,65405.0,9.0,15.0,7267.222222222223,0
2328,2023-01-27,Islamabad,38.0,29316.0,4.0,100.0,7329.0,1
2329,2023-05-27,Multan,40.0,24595.0,6.0,43.0,4099.166666666667,1
2330,2023-03-07,Karachi,23.0,55340.0,9.0,5.0,6148.888888888889,0
2331,2025-05-10,Lahore,21.0,34908.0,7.0,17.0,4986.857142857143,1
2332,2023-09-26,Islamabad,42.0,81865.0,9.0,19.0,9096.111111111111,0
2333,2025-04-03,Islamabad,21.0,64073.0,7.0,18.0,9153.285714285714,0
2334,2024-07-07,Karachi,38.0,68014.0,11.0,62.0,6183.090909090909,0
2335,2024-06-22,Multan,48.0,25367.0,3.0,250.0,8455.666666666666,1
2336,2024-03-30,Lahore,48.0,47125.0,6.0,39.0,7854.166666666667,1
2337,2025-03-30,Lahore,40.0,69103.0,8.0,13.0,8637.875,0
2338,2023-02-13,Lahore,39.0,26036.0,4.0,107.0,6509.0,1
2339,2023-04-03,Lahore,53.0,62863.0,8.0,5.0,7857.875,0
2340,2024-02-28,Multan,18.0,13291.0,2.0,191.0,6645.5,1
2341,2024-01-30,Karachi,29.0,31698.0,6.0,3.0,5283.0,1
2342,2024-06-29,Lahore,41.0,26887.0,5.0,24.0,5377.4,1
2343,2025-01-07,Karachi,30.0,32397.0,5.0,87.0,6479.4,1
2344,2024-08-10,Karachi,44.0,67800.0,9.0,66.0,7533.333333333333,0
2345,2023-09-15,Karachi,33.0,97571.0,10.0,17.0,9757.1,0
2346,2023-11-24,Lahore,34.0,65520.0,6.0,12.0,10920.0,0
2347,2025-01-22,Islamabad,31.0,33369.0,5.0,1.0,6673.8,1
2348,2023-07-21,Lahore,28.0,96278.0,15.0,1.0,6418.533333333334,0
2349,2024-05-19,Islamabad,28.0,119182.0,13.0,29.0,9167.846153846154,0
2350,2024-06-22,Lahore,35.0,53720.0,5.0,36.0,10744.0,1
2351,2025-01-20,Islamabad,26.0,58105.0,8.0,69.0,7263.125,1
2352,2024-12-15,Multan,42.0,107310.0,11.0,53.0,9755.454545454546,0
2353,2024-04-09,Lahore,39.0,138048.0,15.0,108.0,9203.2,0
2354,2023-11-06,Lahore,43.0,89980.0,8.0,20.0,11247.5,0
2355,2024-01-03,Quetta,23.0,53825.0,6.0,14.0,8970.833333333334,1
2356,2024-02-16,Karachi,18.0,76501.0,8.0,38.0,9562.625,0
2357,2023-08-08,Islamabad,33.0,21840.0,3.0,29.0,7280.0,1
2358,2024-09-17,Lahore,59.0,35445.0,6.0,6.0,5907.5,1
2359,2023-07-28,Lahore,44.0,40986.0,5.0,67.0,8197.2,1
2360,2024-10-10,Karachi,28.0,86781.0,12.0,10.0,7231.75,0
2361,2025-01-21,Multan,37.0,103224.0,14.0,15.0,7373.142857142857,0
2362,2025-08-19,Lahore,40.0,59943.0,9.0,14.0,6660.333333333333,0
2363,2023-04-29,Islamabad,21.0,23183.0,6.0,64.0,3863.8333333333335,1
2364,2025-01-29,Islamabad,45.0,71539.0,8.0,116.0,8942.375,0
2365,2023-03-27,Lahore,31.0,64690.0,8.0,8.0,8086.25,0
2366,2023-12-04,Lahore,32.0,69777.0,6.0,32.0,11629.5,0
2367,2023-06-26,Lahore,33.0,50584.0,5.0,17.0,10116.8,1
2368,2023-06-12,Karachi,43.0,25627.0,5.0,125.0,5125.4,1
2369,2023-06-25,Islamabad,26.0,94201.0,10.0,103.0,9420.1,0
2370,2023-02-13,Karachi,18.0,37547.0,7.0,4.0,5363.857142857143,1
2371,2025-04-03,Lahore,36.0,66288.0,8.0,17.0,8286.0,0
2372,2023-03-03,Islamabad,18.0,13272.0,5.0,127.0,2654.4,1
2373,2024-02-03,Karachi,30.0,78736.0,13.0,12.0,6056.615384615385,0
2374,2024-11-30,Karachi,44.0,57568.0,6.0,24.0,9594.666666666666,0
2375,2025-09-17,Karachi,38.0,79872.0,14.0,7.0,5705.142857142857,0
2376,2025-05-03,Lahore,42.0,47713.0,8.0,14.0,5964.125,1
2377,2023-05-18,Islamabad,39.0,59947.0,6.0,53.0,9991.166666666666,0
2378,2025-09-14,Karachi,55.0,95783.0,12.0,2.0,7981.916666666667,0
2379,2024-10-15,Karachi,28.0,63279.0,9.0,0.0,7031.0,0
2380,2023-06-29,Lahore,37.0,39521.0,9.0,81.0,4391.222222222223,1
2381,2024-03-24,Karachi,29.0,56247.0,10.0,26.0,5624.7,0
2382,2025-07-06,Islamabad,42.0,64599.0,6.0,32.0,10766.5,0
2383,2024-01-28,Karachi,32.0,34560.0,8.0,83.0,4320.0,1
2384,2023-07-03,Multan,48.0,25142.0,5.0,129.0,5028.4,1
2385,2025-05-25,Multan,28.0,96156.0,11.0,1.0,8741.454545454546,0
2386,2025-08-10,Lahore,46.0,51863.0,6.0,26.0,8643.833333333334,1
2387,2025-09-02,Islamabad,38.0,61792.0,7.0,20.0,8827.42857142857,0
2388,2025-08-13,Karachi,33.0,48777.0,7.0,13.0,6968.142857142857,1
2389,2025-05-22,Quetta,38.0,7555.0,2.0,22.0,3777.5,1
2390,2024-03-30,Lahore,35.0,111381.0,16.0,70.0,6961.3125,0
2391,2023-07-12,Lahore,36.0,82515.0,13.0,14.0,6347.307692307692,0
2392,2024-09-09,Karachi,31.0,31778.0,8.0,4.0,3972.25,1
2393,2023-08-09,Lahore,27.0,31491.0,6.0,58.0,5248.5,1
2394,2024-04-18,Islamabad,30.0,81853.0,11.0,0.0,7441.181818181818,0
2395,2024-10-18,Karachi,18.0,74976.0,11.0,102.0,6816.0,0
2396,2025-08-04,Lahore,41.0,116354.0,14.0,15.0,8311.0,0
2397,2023-10-17,Karachi,22.0,93038.0,10.0,14.0,9303.8,0
2398,2023-09-09,Multan,31.0,56648.0,7.0,22.0,8092.571428571428,0
2399,2025-01-04,Islamabad,39.0,47909.0,4.0,5.0,11977.25,1
2400,2023-01-07,Karachi,41.0,48082.0,8.0,107.0,6010.25,1
2401,2024-07-20,Lahore,18.0,21173.0,4.0,222.0,5293.25,1
2402,2025-01-15,Lahore,32.0,58634.0,5.0,38.0,11726.8,0
2403,2024-07-04,Multan,37.0,50377.0,7.0,74.0,7196.714285714285,1
2404,2024-01-19,Islamabad,33.0,77524.0,12.0,39.0,6460.333333333333,0
2405,2025-04-08,Karachi,45.0,59735.0,11.0,23.0,5430.454545454545,0
2406,2024-01-07,Multan,26.0,53710.0,11.0,42.0,4882.727272727273,0
2407,2024-12-11,Lahore,18.0,70328.0,10.0,3.0,7032.8,0
2408,2024-04-09,Islamabad,40.0,61112.0,10.0,65.0,6111.2,0
2409,2023-01-27,Lahore,28.0,84795.0,11.0,3.0,7708.636363636364,0
2410,2024-06-14,Lahore,18.0,99596.0,12.0,13.0,8299.666666666666,0
2411,2023-02-19,Karachi,32.0,88731.0,10.0,35.0,8873.1,0
2412,2025-07-19,Karachi,44.0,66005.0,5.0,71.0,13201.0,0
2413,2024-08-24,Quetta,22.0,45627.0,8.0,9.0,5703.375,1
2414,2024-01-08,Karachi,54.0,76377.0,9.0,53.0,8486.333333333334,0
2415,2024-05-01,Multan,25.0,73364.0,11.0,16.0,6669.454545454545,0
2416,2024-09-11,Islamabad,34.0,42043.0,10.0,37.0,4204.3,1
2417,2023-09-18,Islamabad,22.0,54422.0,6.0,59.0,9070.333333333334,1
2418,2023-10-16,Quetta,33.0,26460.0,6.0,113.0,4410.0,1
2419,2024-02-23,Karachi,32.0,34441.0,8.0,32.0,4305.125,1
2420,2023-09-16,Karachi,20.0,77265.0,8.0,91.0,9658.125,0
2421,2025-01-27,Lahore,58.0,23906.0,6.0,30.0,3984.3333333333335,1
2422,2023-04-14,Lahore,29.0,12124.0,3.0,37.0,4041.3333333333335,1
2423,2025-04-06,Multan,29.0,59911.0,8.0,0.0,7488.875,0
2424,2023-12-15,Karachi,42.0,73740.0,9.0,76.0,8193.333333333334,0
2425,2024-07-15,Karachi,49.0,90951.0,9.0,48.0,10105.666666666666,0
2426,2023-06-07,Lahore,43.0,61296.0,9.0,19.0,6810.666666666667,0
2427,2024-01-21,Karachi,22.0,24525.0,6.0,8.0,4087.5,1
2428,2025-01-24,Islamabad,35.0,55231.0,9.0,25.0,6136.777777777777,0
2429,2023-09-28,Lahore,18.0,76485.0,7.0,4.0,10926.42857142857,0
2430,2023-05-13,Islamabad,41.0,95575.0,12.0,77.0,7964.583333333333,0
2431,2024-06-05,Islamabad,18.0,59793.0,12.0,2.0,4982.75,0
2432,2023-06-12,Islamabad,26.0,45518.0,7.0,55.0,6502.571428571428,1
2433,2023-11-11,Lahore,33.0,43506.0,10.0,3.0,4350.6,1
2434,2024-03-26,Islamabad,37.0,20075.0,3.0,156.0,6691.666666666667,1
2435,2024-07-18,Lahore,31.0,52631.0,7.0,31.0,7518.714285714285,1
2436,2024-10-01,Karachi,47.0,74214.0,11.0,39.0,6746.727272727273,0
2437,2024-11-07,Islamabad,40.0,57579.0,11.0,43.0,5234.454545454545,0
2438,2025-04-24,Islamabad,39.0,30133.0,4.0,18.0,7533.25,1
2439,2023-03-08,Lahore,22.0,19922.0,5.0,3.0,3984.4,1
2440,2023-12-29,Multan,48.0,39987.0,7.0,132.0,5712.428571428572,1
2441,2023-01-02,Lahore,26.0,53718.0,6.0,173.0,8953.0,1
2442,2023-01-10,Karachi,49.0,45837.0,6.0,13.0,7639.5,1
2443,2023-08-01,Quetta,51.0,67090.0,6.0,53.0,11181.666666666666,0
2444,2024-08-21,Karachi,38.0,33599.0,4.0,20.0,8399.75,1
2445,2025-06-13,Multan,42.0,74298.0,8.0,77.0,9287.25,0
2446,2025-02-12,Karachi,18.0,100675.0,11.0,13.0,9152.272727272728,0
2447,2024-10-08,Islamabad,31.0,59866.0,11.0,38.0,5442.363636363636,0
2448,2025-02-17,Islamabad,43.0,99323.0,14.0,26.0,7094.5,0
2449,2023-06-21,Islamabad,41.0,62558.0,8.0,17.0,7819.75,0
2450,2025-04-19,Lahore,22.0,64687.0,13.0,11.0,4975.923076923077,0
2451,2025-06-09,Islamabad,30.0,190458.0,13.0,20.0,14650.615384615385,0
2452,2023-04-06,Lahore,18.0,90026.0,9.0,111.0,10002.888888888889,0
2453,2024-04-14,Quetta,37.0,43301.0,6.0,71.0,7216.833333333333,1
2454,2025-04-10,Lahore,18.0,86553.0,8.0,66.0,10819.125,0
2455,2024-04-21,Lahore,43.0,47880.0,8.0,27.0,5985.0,1
2456,2025-04-20,Multan,44.0,60094.0,5.0,41.0,12018.8,0
2457,2025-07-24,Lahore,29.0,69214.0,12.0,11.0,5767.833333333333,0
2458,2024-04-19,Karachi,38.0,41775.0,6.0,10.0,6962.5,1
2459,2023-03-01,Islamabad,31.0,62583.0,9.0,11.0,6953.666666666667,0
2460,2023-12-07,Lahore,35.0,54624.0,7.0,58.0,7803.428571428572,1
2461,2023-08-04,Lahore,23.0,84677.0,9.0,63.0,9408.555555555557,0
2462,2024-04-19,Karachi,39.0,67577.0,8.0,38.0,8447.125,0
2463,2024-08-08,Lahore,18.0,99052.0,11.0,78.0,9004.727272727272,0
2464,2024-04-08,Lahore,18.0,61156.0,9.0,92.0,6795.111111111111,1
2465,2023-07-15,Lahore,32.0,80030.0,11.0,44.0,7275.454545454545,0
2466,2023-10-29,Karachi,31.0,3736.0,1.0,221.0,3736.0,1
2467,2024-11-10,Karachi,35.0,85646.0,10.0,32.0,8564.6,0
2468,2023-01-27,Lahore,27.0,65641.0,9.0,12.0,7293.444444444444,0
2469,2023-08-03,Islamabad,50.0,50248.0,9.0,47.0,5583.111111111111,1
2470,2025-06-11,Islamabad,34.0,40989.0,7.0,63.0,5855.571428571428,1
2471,2023-04-10,Lahore,35.0,56280.0,6.0,40.0,9380.0,1
2472,2024-02-19,Karachi,35.0,26074.0,7.0,18.0,3724.857142857143,1
2473,2023-07-26,Multan,42.0,78741.0,10.0,42.0,7874.1,0
2474,2023-04-15,Karachi,38.0,58799.0,9.0,99.0,6533.222222222223,1
2475,2024-02-27,Karachi,37.0,30432.0,7.0,145.0,4347.428571428572,1
2476,2024-06-05,Karachi,40.0,52046.0,8.0,0.0,6505.75,1
2477,2023-06-26,Lahore,18.0,78882.0,10.0,48.0,7888.2,0
2478,2023-03-19,Multan,18.0,47169.0,10.0,12.0,4716.9,1
2479,2023-05-15,Multan,32.0,47766.0,7.0,58.0,6823.714285714285,1
2480,2024-10-13,Multan,31.0,87470.0,8.0,26.0,10933.75,0
2481,2025-05-10,Lahore,38.0,57496.0,10.0,40.0,5749.6,0
2482,2023-06-30,Karachi,33.0,37152.0,7.0,86.0,5307.428571428572,1
2483,2023-11-17,Lahore,38.0,50051.0,12.0,37.0,4170.916666666667,0
2484,2023-12-10,Karachi,22.0,97176.0,12.0,26.0,8098.0,0
2485,2023-12-27,Karachi,33.0,81103.0,11.0,53.0,7373.0,0
2486,2023-09-02,Islamabad,21.0,31043.0,2.0,267.0,15521.5,1
2487,2023-02-25,Lahore,36.0,14961.0,2.0,200.0,7480.5,1
2488,2024-06-09,Multan,18.0,56880.0,8.0,17.0,7110.0,0
2489,2023-12-24,Lahore,36.0,53107.0,8.0,99.0,6638.375,1
2490,2023-12-09,Lahore,20.0,19928.0,5.0,70.0,3985.6,1
2491,2023-09-22,Multan,30.0,88212.0,10.0,86.0,8821.2,0
2492,2025-07-18,Islamabad,41.0,32875.0,5.0,91.0,6575.0,1
2493,2024-09-02,Karachi,35.0,78657.0,13.0,3.0,6050.538461538462,0
2494,2024-02-23,Karachi,18.0,59135.0,8.0,6.0,7391.875,0
2495,2023-07-25,Lahore,27.0,43970.0,8.0,22.0,5496.25,1
2496,2025-03-12,Lahore,19.0,22955.0,5.0,91.0,4591.0,1
2497,2025-06-07,Karachi,18.0,56535.0,7.0,49.0,8076.428571428572,1
2498,2023-02-02,Karachi,34.0,78714.0,11.0,55.0,7155.818181818182,0
2499,2025-07-18,Islamabad,38.0,70692.0,5.0,156.0,14138.4,0
2500,2024-11-30,Lahore,37.0,61021.0,9.0,24.0,6780.111111111111,0
2501,2023-04-10,Islamabad,38.0,62840.0,7.0,56.0,8977.142857142857,0
2502,2025-01-23,Islamabad,33.0,9689.0,3.0,53.0,3229.6666666666665,1
2503,2023-04-18,Lahore,31.0,79550.0,13.0,62.0,6119.2307692307695,0
2504,2023-02-20,Lahore,23.0,49460.0,9.0,27.0,5495.555555555556,1
2505,2023-04-26,Karachi,29.0,40522.0,8.0,64.0,5065.25,1
2506,2024-04-04,Islamabad,21.0,57398.0,6.0,37.0,9566.333333333334,1
2507,2024-09-11,Islamabad,25.0,32711.0,6.0,17.0,5451.833333333333,1
2508,2024-02-12,Islamabad,34.0,77855.0,10.0,38.0,7785.5,0
2509,2023-05-02,Karachi,32.0,48445.0,7.0,20.0,6920.714285714285,1
2510,2023-07-19,Lahore,61.0,48580.0,9.0,3.0,5397.777777777777,1
2511,2025-05-02,Karachi,21.0,13131.0,3.0,69.0,4377.0,1
2512,2025-08-20,Lahore,32.0,62193.0,10.0,24.0,6219.3,0
2513,2025-01-24,Islamabad,20.0,85388.0,11.0,5.0,7762.545454545455,0
2514,2023-04-14,Lahore,30.0,60200.0,9.0,50.0,6688.888888888889,0
2515,2025-03-30,Lahore,30.0,52492.0,9.0,60.0,5832.444444444444,1
2516,2024-11-22,Karachi,41.0,81777.0,11.0,2.0,7434.272727272727,0
2517,2024-06-10,Karachi,29.0,67296.0,7.0,27.0,9613.714285714286,0
2518,2023-05-24,Islamabad,31.0,51930.0,7.0,6.0,7418.571428571428,1
2519,2025-09-23,Karachi,29.0,35943.0,10.0,49.0,3594.3,1
2520,2024-03-18,Multan,20.0,93395.0,8.0,44.0,11674.375,0
2521,2023-02-14,Multan,27.0,71600.0,10.0,40.0,7160.0,0
2522,2023-07-29,Multan,30.0,18842.0,4.0,39.0,4710.5,1
2523,2024-02-06,Islamabad,34.0,36169.0,6.0,3.0,6028.166666666667,1
2524,2023-03-04,Islamabad,38.0,42664.0,8.0,3.0,5333.0,1
2525,2023-11-20,Islamabad,31.0,99620.0,11.0,56.0,9056.363636363636,0
2526,2024-04-13,Karachi,31.0,35164.0,7.0,8.0,5023.428571428572,1
2527,2025-08-06,Karachi,18.0,29919.0,8.0,12.0,3739.875,1
2528,2023-03-28,Karachi,38.0,25612.0,5.0,99.0,5122.4,1
2529,2024-07-30,Lahore,27.0,56814.0,8.0,82.0,7101.75,1
2530,2025-07-04,Lahore,40.0,68753.0,7.0,2.0,9821.857142857143,0
2531,2025-03-17,Multan,45.0,41633.0,5.0,7.0,8326.6,1
2532,2025-07-13,Lahore,31.0,130702.0,11.0,14.0,11882.0,0
2533,2023-06-20,Karachi,24.0,63891.0,8.0,6.0,7986.375,0
2534,2025-03-12,Islamabad,33.0,29622.0,6.0,21.0,4937.0,1
2535,2025-09-05,Lahore,36.0,86676.0,12.0,29.0,7223.0,0
2536,2023-11-23,Multan,30.0,52174.0,10.0,6.0,5217.4,0
2537,2024-05-13,Lahore,28.0,82564.0,11.0,30.0,7505.818181818182,0
2538,2024-06-14,Multan,38.0,10545.0,2.0,96.0,5272.5,1
2539,2024-05-08,Islamabad,37.0,63406.0,9.0,66.0,7045.111111111111,0
2540,2023-10-17,Lahore,30.0,102952.0,13.0,26.0,7919.384615384615,0
2541,2025-08-28,Lahore,18.0,44495.0,8.0,0.0,5561.875,1
2542,2025-08-14,Karachi,37.0,40549.0,8.0,13.0,5068.625,1
2543,2024-01-16,Karachi,26.0,42693.0,9.0,5.0,4743.666666666667,1
2544,2025-03-16,Lahore,35.0,85266.0,9.0,1.0,9474.0,0
2545,2024-02-02,Quetta,34.0,53423.0,5.0,35.0,10684.6,1
2546,2025-03-05,Lahore,18.0,48774.0,9.0,41.0,5419.333333333333,1
2547,2024-08-07,Multan,34.0,76246.0,12.0,0.0,6353.833333333333,0
2548,2024-04-15,Lahore,38.0,31715.0,6.0,105.0,5285.833333333333,1
2549,2023-05-09,Quetta,39.0,52042.0,8.0,56.0,6505.25,1
2550,2024-10-16,Lahore,34.0,69217.0,10.0,112.0,6921.7,0
2551,2023-11-18,Karachi,18.0,59505.0,8.0,33.0,7438.125,0
2552,2023-08-05,Karachi,44.0,70547.0,10.0,3.0,7054.7,0
2553,2023-07-13,Lahore,37.0,81634.0,8.0,10.0,10204.25,0
2554,2025-09-08,Multan,22.0,48551.0,9.0,13.0,5394.555555555556,1
2555,2023-04-14,Lahore,26.0,50597.0,6.0,55.0,8432.833333333334,1
2556,2025-03-09,Karachi,35.0,44238.0,8.0,104.0,5529.75,1
2557,2025-05-16,Karachi,39.0,80591.0,9.0,16.0,8954.555555555555,0
2558,2023-02-01,Islamabad,29.0,42520.0,7.0,108.0,6074.285714285715,1
2559,2024-08-12,Lahore,40.0,52767.0,7.0,115.0,7538.142857142857,1
2560,2024-07-31,Lahore,18.0,9561.0,3.0,64.0,3187.0,1
2561,2023-12-25,Lahore,24.0,82814.0,13.0,6.0,6370.307692307692,0
2562,2024-10-28,Karachi,18.0,99939.0,14.0,0.0,7138.5,0
2563,2024-02-13,Lahore,25.0,34023.0,6.0,23.0,5670.5,1
2564,2024-03-15,Quetta,47.0,65571.0,8.0,41.0,8196.375,0
2565,2024-03-07,Karachi,52.0,47144.0,6.0,107.0,7857.333333333333,1
2566,2025-03-11,Islamabad,35.0,37962.0,7.0,21.0,5423.142857142857,1
2567,2024-09-25,Karachi,27.0,59990.0,9.0,42.0,6665.555555555556,0
2568,2024-01-15,Lahore,31.0,85171.0,10.0,23.0,8517.1,0
2569,2025-07-15,Karachi,37.0,36353.0,5.0,133.0,7270.6,1
2570,2025-03-13,Lahore,19.0,38881.0,7.0,11.0,5554.428571428572,1
2571,2025-07-21,Karachi,28.0,72622.0,8.0,8.0,9077.75,0
2572,2024-12-31,Karachi,46.0,67759.0,6.0,4.0,11293.166666666666,0
2573,2024-01-27,Karachi,24.0,51017.0,8.0,35.0,6377.125,1
2574,2025-02-11,Quetta,26.0,41571.0,6.0,44.0,6928.5,1
2575,2023-11-26,Lahore,33.0,41587.0,6.0,107.0,6931.166666666667,1
2576,2023-09-28,Karachi,36.0,56233.0,9.0,6.0,6248.111111111111,0
2577,2024-03-27,Lahore,27.0,45831.0,9.0,24.0,5092.333333333333,1
2578,2025-08-27,Karachi,34.0,60037.0,10.0,0.0,6003.7,0
2579,2024-07-21,Islamabad,38.0,45055.0,7.0,53.0,6436.428571428572,1
2580,2024-01-19,Lahore,51.0,50542.0,8.0,49.0,6317.75,1
2581,2024-04-06,Karachi,32.0,28066.0,7.0,74.0,4009.428571428572,1
2582,2023-10-19,Karachi,33.0,43976.0,4.0,1.0,10994.0,1
2583,2024-10-20,Lahore,47.0,107680.0,9.0,3.0,11964.444444444443,0
2584,2023-12-17,Quetta,28.0,79143.0,9.0,9.0,8793.666666666666,0
2585,2024-07-08,Karachi,21.0,63788.0,9.0,22.0,7087.555555555556,0
2586,2024-01-05,Islamabad,35.0,33981.0,7.0,22.0,4854.428571428572,1
2587,2023-11-17,Karachi,43.0,58628.0,8.0,49.0,7328.5,1
2588,2025-08-28,Quetta,36.0,46919.0,6.0,32.0,7819.833333333333,1
2589,2023-12-12,Lahore,32.0,23358.0,5.0,36.0,4671.6,1
2590,2023-03-12,Karachi,20.0,73428.0,12.0,0.0,6119.0,0
2591,2024-01-14,Islamabad,32.0,125534.0,12.0,44.0,10461.166666666666,0
2592,2024-06-16,Karachi,44.0,34794.0,7.0,13.0,4970.571428571428,1
2593,2023-04-05,Karachi,22.0,17788.0,3.0,231.0,5929.333333333333,1
2594,2023-11-02,Quetta,31.0,35891.0,6.0,57.0,5981.833333333333,1
2595,2023-06-16,Karachi,30.0,3283.0,1.0,71.0,3283.0,1
2596,2024-05-15,Islamabad,27.0,78224.0,9.0,28.0,8691.555555555555,0
2597,2024-12-24,Islamabad,35.0,69689.0,8.0,52.0,8711.125,0
2598,2025-08-26,Multan,37.0,54033.0,5.0,4.0,10806.6,0
2599,2024-01-25,Multan,37.0,72676.0,9.0,63.0,8075.111111111111,0
2600,2025-05-13,Karachi,24.0,83121.0,11.0,12.0,7556.454545454545,0
2601,2023-08-03,Lahore,18.0,86130.0,10.0,52.0,8613.0,0
2602,2025-02-19,Lahore,35.0,41357.0,5.0,1.0,8271.4,1
2603,2024-07-16,Islamabad,28.0,24685.0,7.0,13.0,3526.428571428572,1
2604,2025-01-28,Multan,50.0,48224.0,10.0,20.0,4822.4,1
2605,2025-01-25,Karachi,50.0,44206.0,10.0,78.0,4420.6,1
2606,2024-06-16,Lahore,51.0,50961.0,6.0,3.0,8493.5,1
2607,2023-09-15,Lahore,25.0,70683.0,10.0,1.0,7068.3,0
2608,2024-06-10,Karachi,38.0,36979.0,7.0,47.0,5282.714285714285,1
2609,2025-04-06,Multan,41.0,49023.0,7.0,21.0,7003.285714285715,1
2610,2025-08-28,Lahore,40.0,67506.0,9.0,84.0,7500.666666666667,0
2611,2025-07-16,Islamabad,30.0,35394.0,6.0,99.0,5899.0,1
2612,2023-07-01,Islamabad,45.0,83468.0,9.0,6.0,9274.222222222224,0
2613,2024-08-20,Quetta,33.0,80857.0,12.0,19.0,6738.083333333333,0
2614,2023-04-15,Lahore,34.0,68342.0,9.0,65.0,7593.555555555556,0
2615,2024-10-30,Quetta,19.0,42392.0,6.0,54.0,7065.333333333333,1
2616,2025-09-19,Islamabad,39.0,66629.0,7.0,62.0,9518.42857142857,0
2617,2023-02-22,Islamabad,31.0,42687.0,8.0,71.0,5335.875,1
2618,2024-10-18,Lahore,37.0,48520.0,6.0,15.0,8086.666666666667,1
2619,2025-08-03,Karachi,35.0,90143.0,10.0,33.0,9014.3,0
2620,2025-04-27,Islamabad,35.0,86216.0,11.0,29.0,7837.818181818182,0
2621,2024-01-28,Karachi,33.0,35916.0,6.0,58.0,5986.0,1
2622,2023-04-14,Karachi,40.0,46892.0,7.0,24.0,6698.857142857143,1
2623,2025-07-12,Karachi,31.0,52241.0,7.0,11.0,7463.0,1
2624,2025-07-10,Karachi,20.0,83904.0,11.0,31.0,7627.636363636364,0
2625,2024-08-01,Lahore,38.0,50575.0,9.0,41.0,5619.444444444444,1
2626,2025-09-05,Karachi,26.0,53645.0,8.0,16.0,6705.625,1
2627,2023-01-05,Lahore,21.0,44142.0,5.0,136.0,8828.4,1
2628,2024-09-08,Multan,24.0,37463.0,7.0,179.0,5351.857142857143,1
2629,2023-02-08,Quetta,36.0,122556.0,9.0,62.0,13617.333333333334,0
2630,2025-07-24,Lahore,32.0,32117.0,5.0,33.0,6423.4,1
2631,2024-11-11,Lahore,18.0,81424.0,8.0,48.0,10178.0,0
2632,2025-07-02,Lahore,30.0,41345.0,8.0,22.0,5168.125,1
2633,2024-07-16,Karachi,44.0,18025.0,2.0,24.0,9012.5,1
2634,2023-03-25,Multan,29.0,63365.0,8.0,20.0,7920.625,0
2635,2023-01-27,Karachi,32.0,51043.0,10.0,18.0,5104.3,0
2636,2023-12-02,Lahore,42.0,32703.0,5.0,26.0,6540.6,1
2637,2025-01-13,Lahore,40.0,52822.0,6.0,61.0,8803.666666666666,1
2638,2023-06-01,Lahore,42.0,77158.0,8.0,58.0,9644.75,0
2639,2025-05-02,Multan,18.0,45427.0,6.0,86.0,7571.166666666667,1
2640,2023-08-28,Islamabad,49.0,106863.0,13.0,59.0,8220.23076923077,0
2641,2024-05-11,Karachi,39.0,97413.0,13.0,78.0,7493.307692307692,0
2642,2023-07-23,Karachi,55.0,47125.0,7.0,93.0,6732.142857142857,1
2643,2024-04-10,Quetta,26.0,68499.0,11.0,7.0,6227.181818181818,0
2644,2024-03-28,Karachi,18.0,44536.0,7.0,1.0,6362.285714285715,1
2645,2023-01-06,Multan,33.0,57108.0,9.0,20.0,6345.333333333333,0
2646,2024-07-21,Multan,31.0,37794.0,11.0,78.0,3435.818181818182,1
2647,2025-02-25,Karachi,39.0,129724.0,14.0,6.0,9266.0,0
2648,2025-07-25,Multan,43.0,90221.0,12.0,40.0,7518.416666666667,0
2649,2023-11-27,Lahore,32.0,43747.0,4.0,112.0,10936.75,1
2650,2025-05-30,Islamabad,31.0,45181.0,7.0,103.0,6454.428571428572,1
2651,2025-05-28,Lahore,38.0,49173.0,9.0,23.0,5463.666666666667,1
2652,2025-09-15,Karachi,31.0,73055.0,9.0,79.0,8117.222222222223,0
2653,2024-01-09,Lahore,30.0,61632.0,7.0,11.0,8804.57142857143,0
2654,2025-04-30,Lahore,42.0,23826.0,3.0,55.0,7942.0,1
2655,2024-07-19,Lahore,44.0,75824.0,10.0,14.0,7582.4,0
2656,2023-02-28,Karachi,43.0,31569.0,8.0,190.0,3946.125,1
2657,2023-09-28,Karachi,31.0,57087.0,7.0,7.0,8155.285714285715,0
2658,2024-11-03,Karachi,18.0,66425.0,6.0,20.0,11070.833333333334,0
2659,2023-06-10,Karachi,32.0,43610.0,8.0,18.0,5451.25,1
2660,2024-03-10,Quetta,26.0,78693.0,13.0,30.0,6053.307692307692,0
2661,2025-02-13,Quetta,32.0,54602.0,6.0,101.0,9100.333333333334,1
2662,2023-05-30,Lahore,27.0,57150.0,10.0,23.0,5715.0,0
2663,2024-05-11,Karachi,33.0,60367.0,9.0,52.0,6707.444444444444,0
2664,2023-08-03,Islamabad,24.0,59953.0,10.0,6.0,5995.3,0
2665,2024-06-20,Islamabad,21.0,52301.0,8.0,28.0,6537.625,1
2666,2023-08-29,Karachi,44.0,34856.0,7.0,51.0,4979.428571428572,1
2667,2025-08-23,Islamabad,24.0,105603.0,10.0,14.0,10560.3,0
2668,2023-03-18,Lahore,33.0,59759.0,8.0,30.0,7469.875,0
2669,2025-08-21,Karachi,42.0,32514.0,3.0,206.0,10838.0,1
2670,2025-03-02,Islamabad,41.0,82628.0,9.0,9.0,9180.888888888889,0
2671,2025-05-05,Islamabad,40.0,9885.0,3.0,89.0,3295.0,1
2672,2025-05-01,Multan,36.0,77973.0,12.0,49.0,6497.75,0
2673,2023-07-07,Lahore,40.0,34767.0,6.0,30.0,5794.5,1
2674,2025-07-20,Lahore,45.0,64988.0,12.0,9.0,5415.666666666667,0
2675,2024-08-17,Lahore,37.0,46143.0,7.0,59.0,6591.857142857143,1
2676,2025-08-20,Lahore,18.0,18647.0,5.0,62.0,3729.4,1
2677,2025-05-28,Lahore,28.0,32304.0,9.0,68.0,3589.333333333333,1
2678,2024-08-02,Karachi,39.0,32354.0,8.0,76.0,4044.25,1
2679,2024-01-10,Karachi,27.0,33539.0,7.0,19.0,4791.285714285715,1
2680,2023-04-28,Islamabad,48.0,29180.0,7.0,52.0,4168.571428571428,1
2681,2023-04-12,Karachi,32.0,38925.0,10.0,96.0,3892.5,1
2682,2024-01-25,Lahore,34.0,64520.0,9.0,26.0,7168.888888888889,0
2683,2025-03-21,Islamabad,43.0,68945.0,7.0,1.0,9849.285714285714,0
2684,2024-05-20,Lahore,31.0,68503.0,15.0,32.0,4566.866666666667,0
2685,2024-04-26,Multan,35.0,67083.0,9.0,23.0,7453.666666666667,0
2686,2023-09-02,Lahore,41.0,60542.0,10.0,23.0,6054.2,0
2687,2024-07-18,Karachi,20.0,77534.0,9.0,1.0,8614.888888888889,0
2688,2024-09-30,Multan,30.0,65088.0,9.0,73.0,7232.0,0
2689,2025-09-09,Karachi,40.0,8969.0,2.0,93.0,4484.5,1
2690,2024-12-30,Islamabad,34.0,34644.0,5.0,22.0,6928.8,1
2691,2024-08-30,Islamabad,46.0,58932.0,9.0,30.0,6548.0,0
2692,2025-06-29,Lahore,19.0,63417.0,7.0,21.0,9059.57142857143,0
2693,2024-02-29,Islamabad,18.0,105788.0,12.0,25.0,8815.666666666666,0
2694,2025-07-23,Multan,40.0,58533.0,12.0,5.0,4877.75,0
2695,2024-01-05,Quetta,41.0,44631.0,7.0,54.0,6375.857142857143,1
2696,2023-05-08,Karachi,31.0,61958.0,8.0,10.0,7744.75,0
2697,2024-02-22,Karachi,37.0,74394.0,7.0,12.0,10627.714285714286,0
2698,2023-05-09,Islamabad,40.0,24347.0,4.0,143.0,6086.75,1
2699,2023-04-29,Karachi,26.0,94138.0,18.0,83.0,5229.888888888889,0
2700,2025-05-31,Lahore,27.0,40905.0,6.0,2.0,6817.5,1
2701,2025-03-05,Lahore,35.0,57893.0,4.0,89.0,14473.25,0
2702,2023-08-10,Lahore,41.0,123349.0,15.0,3.0,8223.266666666666,0
2703,2025-04-17,Karachi,23.0,86561.0,16.0,6.0,5410.0625,0
2704,2023-03-10,Lahore,31.0,73593.0,10.0,25.0,7359.3,0
2705,2023-10-12,Lahore,31.0,83609.0,10.0,17.0,8360.9,0
2706,2024-12-07,Lahore,37.0,68274.0,7.0,39.0,9753.42857142857,0
2707,2023-10-31,Quetta,33.0,92148.0,8.0,39.0,11518.5,0
2708,2024-12-31,Lahore,28.0,40762.0,7.0,16.0,5823.142857142857,1
2709,2025-05-24,Lahore,44.0,45624.0,8.0,8.0,5703.0,1
2710,2023-03-08,Karachi,28.0,27122.0,4.0,5.0,6780.5,1
2711,2023-01-24,Lahore,30.0,46144.0,7.0,8.0,6592.0,1
2712,2025-07-29,Quetta,19.0,28745.0,6.0,11.0,4790.833333333333,1
2713,2024-06-04,Multan,27.0,28715.0,4.0,124.0,7178.75,1
2714,2024-05-21,Karachi,38.0,54473.0,11.0,5.0,4952.090909090909,0
2715,2024-04-08,Karachi,36.0,48384.0,7.0,10.0,6912.0,1
2716,2024-03-09,Karachi,38.0,48554.0,7.0,27.0,6936.285714285715,1
2717,2024-11-21,Lahore,38.0,66415.0,6.0,33.0,11069.166666666666,0
2718,2024-08-02,Lahore,52.0,59036.0,9.0,15.0,6559.555555555556,0
2719,2023-06-13,Lahore,26.0,57500.0,9.0,11.0,6388.888888888889,0
2720,2024-09-18,Lahore,18.0,69377.0,8.0,47.0,8672.125,0
2721,2024-10-30,Karachi,24.0,27580.0,4.0,1.0,6895.0,1
2722,2023-04-24,Lahore,27.0,68564.0,10.0,11.0,6856.4,0
2723,2024-01-12,Lahore,24.0,73727.0,11.0,19.0,6702.454545454545,0
2724,2025-03-01,Karachi,34.0,100694.0,15.0,45.0,6712.933333333333,0
2725,2024-09-10,Karachi,44.0,38298.0,7.0,5.0,5471.142857142857,1
2726,2023-05-17,Lahore,47.0,34420.0,6.0,1.0,5736.666666666667,1
2727,2023-02-10,Lahore,38.0,73819.0,7.0,18.0,10545.57142857143,0
2728,2024-08-04,Lahore,52.0,78070.0,7.0,30.0,11152.857142857143,0
2729,2024-04-06,Lahore,30.0,64808.0,12.0,4.0,5400.666666666667,0
2730,2025-08-19,Multan,18.0,35220.0,7.0,33.0,5031.428571428572,1
2731,2024-06-06,Multan,42.0,72954.0,9.0,44.0,8106.0,0
2732,2025-07-20,Karachi,18.0,83151.0,9.0,52.0,9239.0,0
2733,2023-08-03,Karachi,26.0,75491.0,12.0,21.0,6290.916666666667,0
2734,2024-03-23,Islamabad,38.0,21438.0,4.0,42.0,5359.5,1
2735,2023-05-20,Islamabad,32.0,48558.0,8.0,79.0,6069.75,1
2736,2024-07-28,Lahore,31.0,68379.0,9.0,14.0,7597.666666666667,0
2737,2023-07-08,Lahore,22.0,13460.0,3.0,148.0,4486.666666666667,1
2738,2024-05-07,Karachi,33.0,55101.0,7.0,34.0,7871.571428571428,1
2739,2023-12-11,Karachi,42.0,16779.0,4.0,5.0,4194.75,1
2740,2023-07-05,Lahore,33.0,76046.0,7.0,18.0,10863.714285714286,0
2741,2023-04-07,Lahore,26.0,37457.0,8.0,39.0,4682.125,1
2742,2024-05-27,Karachi,22.0,33829.0,7.0,116.0,4832.714285714285,1
2743,2025-08-05,Lahore,26.0,44646.0,7.0,91.0,6378.0,1
2744,2023-07-18,Karachi,37.0,17178.0,4.0,67.0,4294.5,1
2745,2024-02-09,Islamabad,36.0,53983.0,5.0,54.0,10796.6,1
2746,2023-08-13,Karachi,26.0,47732.0,7.0,70.0,6818.857142857143,1
2747,2025-03-19,Lahore,18.0,33719.0,4.0,27.0,8429.75,1
2748,2024-02-19,Lahore,37.0,38082.0,6.0,7.0,6347.0,1
2749,2025-09-01,Multan,25.0,4876.0,2.0,34.0,2438.0,1
2750,2023-09-03,Karachi,39.0,56453.0,7.0,24.0,8064.714285714285,0
2751,2023-03-22,Lahore,26.0,76465.0,11.0,28.0,6951.363636363636,0
2752,2024-08-05,Lahore,24.0,54492.0,9.0,7.0,6054.666666666667,0
2753,2024-10-13,Multan,34.0,27044.0,6.0,4.0,4507.333333333333,1
2754,2025-09-17,Islamabad,54.0,56284.0,7.0,55.0,8040.571428571428,1
2755,2025-05-21,Multan,40.0,60224.0,11.0,1.0,5474.909090909091,0
2756,2025-06-03,Islamabad,34.0,60874.0,7.0,49.0,8696.285714285714,0
2757,2024-09-26,Karachi,36.0,40922.0,11.0,17.0,3720.181818181818,1
2758,2023-12-26,Karachi,18.0,43103.0,7.0,10.0,6157.571428571428,1
2759,2024-03-05,Lahore,23.0,70343.0,7.0,8.0,10049.0,0
2760,2023-05-14,Islamabad,18.0,63982.0,7.0,72.0,9140.285714285714,0
2761,2024-03-07,Karachi,49.0,51882.0,9.0,28.0,5764.666666666667,1
2762,2023-12-31,Lahore,47.0,125753.0,13.0,21.0,9673.307692307691,0
2763,2023-02-05,Multan,37.0,44857.0,6.0,69.0,7476.166666666667,1
2764,2023-07-24,Karachi,34.0,53617.0,9.0,52.0,5957.444444444444,1
2765,2024-06-18,Lahore,19.0,68100.0,9.0,6.0,7566.666666666667,0
2766,2024-01-05,Karachi,31.0,61601.0,6.0,93.0,10266.833333333334,1
2767,2025-09-20,Multan,49.0,47865.0,5.0,50.0,9573.0,1
2768,2024-04-23,Multan,34.0,35781.0,5.0,44.0,7156.2,1
2769,2025-08-16,Karachi,28.0,72263.0,8.0,32.0,9032.875,0
2770,2024-10-22,Quetta,18.0,43648.0,6.0,61.0,7274.666666666667,1
2771,2023-02-10,Multan,45.0,23815.0,2.0,155.0,11907.5,1
2772,2023-07-23,Multan,32.0,91372.0,10.0,23.0,9137.2,0
2773,2024-12-06,Multan,18.0,35041.0,3.0,117.0,11680.333333333334,1
2774,2024-06-29,Karachi,25.0,82981.0,13.0,12.0,6383.153846153846,0
2775,2023-10-29,Islamabad,22.0,44620.0,4.0,41.0,11155.0,1
2776,2024-06-06,Karachi,32.0,103198.0,11.0,32.0,9381.636363636364,0
2777,2025-06-21,Islamabad,35.0,41548.0,4.0,71.0,10387.0,1
2778,2024-01-24,Lahore,28.0,48258.0,10.0,51.0,4825.8,1
2779,2023-02-15,Islamabad,40.0,43632.0,7.0,0.0,6233.142857142857,1
2780,2023-11-07,Quetta,34.0,38932.0,6.0,38.0,6488.666666666667,1
2781,2025-07-24,Karachi,43.0,37984.0,8.0,199.0,4748.0,1
2782,2025-01-31,Quetta,30.0,94159.0,9.0,49.0,10462.111111111111,0
2783,2025-04-17,Karachi,60.0,38471.0,6.0,3.0,6411.833333333333,1
2784,2025-06-30,Lahore,28.0,50046.0,8.0,65.0,6255.75,1
2785,2023-04-28,Lahore,25.0,100034.0,12.0,26.0,8336.166666666666,0
2786,2023-10-10,Islamabad,24.0,46910.0,9.0,3.0,5212.222222222223,1
2787,2023-03-01,Karachi,31.0,88303.0,16.0,47.0,5518.9375,0
2788,2023-01-05,Karachi,18.0,89371.0,12.0,10.0,7447.583333333333,0
2789,2025-04-14,Islamabad,36.0,96355.0,13.0,20.0,7411.923076923077,0
2790,2025-07-25,Karachi,18.0,54591.0,11.0,124.0,4962.818181818182,1
2791,2023-06-05,Karachi,34.0,42903.0,6.0,13.0,7150.5,1
2792,2024-12-23,Multan,21.0,82897.0,11.0,41.0,7536.090909090909,0
2793,2024-06-18,Islamabad,30.0,60387.0,7.0,114.0,8626.714285714286,1
2794,2023-03-11,Islamabad,38.0,35766.0,6.0,22.0,5961.0,1
2795,2025-07-04,Karachi,54.0,75371.0,11.0,34.0,6851.909090909091,0
2796,2025-05-21,Quetta,23.0,84445.0,11.0,32.0,7676.818181818182,0
2797,2024-07-21,Lahore,32.0,54506.0,9.0,78.0,6056.222222222223,1
2798,2024-12-08,Lahore,26.0,63931.0,11.0,44.0,5811.909090909091,0
2799,2024-02-02,Lahore,25.0,90369.0,15.0,22.0,6024.6,0
2800,2025-03-03,Karachi,27.0,57071.0,8.0,20.0,7133.875,0
2801,2024-03-21,Islamabad,40.0,13481.0,4.0,130.0,3370.25,1
2802,2025-09-16,Islamabad,29.0,32016.0,5.0,1.0,6403.2,1
2803,2023-03-05,Karachi,53.0,32919.0,4.0,36.0,8229.75,1
2804,2023-06-22,Lahore,37.0,84539.0,12.0,44.0,7044.916666666667,0
2805,2025-08-26,Islamabad,24.0,68719.0,9.0,54.0,7635.444444444444,0
2806,2023-10-16,Quetta,30.0,80133.0,10.0,14.0,8013.3,0
2807,2023-11-07,Lahore,26.0,33356.0,5.0,77.0,6671.2,1
2808,2025-03-02,Lahore,40.0,56663.0,6.0,134.0,9443.833333333334,1
2809,2023-07-09,Lahore,18.0,57252.0,6.0,49.0,9542.0,1
2810,2024-05-28,Karachi,21.0,139878.0,14.0,30.0,9991.285714285714,0
2811,2023-10-14,Lahore,28.0,54066.0,5.0,6.0,10813.2,0
2812,2023-07-17,Karachi,39.0,34839.0,9.0,63.0,3871.0,1
2813,2025-08-22,Islamabad,44.0,92790.0,7.0,1.0,13255.714285714286,0
2814,2023-07-19,Karachi,45.0,62921.0,11.0,8.0,5720.090909090909,0
2815,2023-04-05,Karachi,38.0,54284.0,8.0,0.0,6785.5,0
2816,2024-11-04,Lahore,32.0,54725.0,7.0,13.0,7817.857142857143,1
2817,2025-05-17,Multan,40.0,32775.0,5.0,44.0,6555.0,1
2818,2023-05-08,Karachi,23.0,35059.0,4.0,39.0,8764.75,1
2819,2024-12-08,Karachi,18.0,40700.0,8.0,31.0,5087.5,1
2820,2024-06-24,Lahore,37.0,39240.0,5.0,24.0,7848.0,1
2821,2025-04-10,Islamabad,24.0,79086.0,11.0,14.0,7189.636363636364,0
2822,2023-05-07,Multan,32.0,28857.0,5.0,136.0,5771.4,1
2823,2025-09-02,Lahore,34.0,65182.0,10.0,29.0,6518.2,0
2824,2024-09-11,Lahore,35.0,40795.0,6.0,31.0,6799.166666666667,1
2825,2025-04-22,Lahore,41.0,26288.0,6.0,47.0,4381.333333333333,1
2826,2023-12-28,Islamabad,40.0,43037.0,7.0,9.0,6148.142857142857,1
2827,2025-08-01,Quetta,35.0,37779.0,6.0,92.0,6296.5,1
2828,2024-09-18,Karachi,29.0,73036.0,11.0,28.0,6639.636363636364,0
2829,2023-05-07,Karachi,34.0,62151.0,5.0,113.0,12430.2,1
2830,2025-07-11,Islamabad,28.0,26925.0,9.0,42.0,2991.6666666666665,1
2831,2025-03-06,Islamabad,31.0,113544.0,14.0,6.0,8110.285714285715,0
2832,2023-10-28,Lahore,57.0,54568.0,7.0,20.0,7795.428571428572,1
2833,2024-06-29,Lahore,35.0,61890.0,9.0,41.0,6876.666666666667,0
2834,2024-01-24,Karachi,37.0,87455.0,9.0,46.0,9717.222222222224,0
2835,2024-06-27,Islamabad,27.0,97856.0,14.0,72.0,6989.714285714285,0
2836,2025-08-23,Islamabad,42.0,97020.0,10.0,108.0,9702.0,0
2837,2025-06-17,Islamabad,40.0,29181.0,5.0,16.0,5836.2,1
2838,2023-08-04,Multan,40.0,36339.0,6.0,5.0,6056.5,1
2839,2025-08-29,Lahore,35.0,131443.0,14.0,40.0,9388.785714285714,0
2840,2024-03-13,Karachi,42.0,35226.0,6.0,64.0,5871.0,1
2841,2024-12-05,Lahore,44.0,62433.0,9.0,12.0,6937.0,0
2842,2025-02-03,Multan,36.0,57968.0,7.0,174.0,8281.142857142857,1
2843,2024-04-27,Karachi,32.0,90599.0,10.0,21.0,9059.9,0
2844,2024-04-01,Lahore,41.0,24361.0,6.0,136.0,4060.1666666666665,1
2845,2024-04-01,Lahore,25.0,47821.0,5.0,72.0,9564.2,1
2846,2025-05-12,Islamabad,27.0,117873.0,10.0,16.0,11787.3,0
2847,2024-01-22,Islamabad,33.0,66317.0,8.0,2.0,8289.625,0
2848,2023-10-07,Islamabad,18.0,28394.0,5.0,96.0,5678.8,1
2849,2023-12-28,Lahore,40.0,53679.0,8.0,18.0,6709.875,1
2850,2023-07-14,Multan,24.0,76512.0,8.0,129.0,9564.0,0
2851,2024-01-27,Islamabad,29.0,16037.0,5.0,76.0,3207.4,1
2852,2023-04-25,Islamabad,31.0,46017.0,4.0,79.0,11504.25,1
2853,2023-03-31,Islamabad,33.0,75300.0,10.0,14.0,7530.0,0
2854,2024-12-24,Multan,30.0,39646.0,7.0,20.0,5663.714285714285,1
2855,2023-03-19,Quetta,32.0,20630.0,3.0,80.0,6876.666666666667,1
2856,2024-07-22,Karachi,32.0,72771.0,9.0,2.0,8085.666666666667,0
2857,2025-02-18,Karachi,29.0,74417.0,6.0,56.0,12402.833333333334,0
2858,2024-12-25,Karachi,26.0,35865.0,8.0,11.0,4483.125,1
2859,2024-03-22,Multan,43.0,27601.0,5.0,16.0,5520.2,1
2860,2023-07-13,Islamabad,18.0,25140.0,5.0,1.0,5028.0,1
2861,2025-07-19,Lahore,31.0,82365.0,13.0,89.0,6335.769230769231,0
2862,2025-04-15,Lahore,29.0,56323.0,10.0,21.0,5632.3,0
2863,2024-09-04,Multan,37.0,40049.0,5.0,265.0,8009.8,1
2864,2023-03-28,Multan,20.0,28937.0,5.0,1.0,5787.4,1
2865,2023-02-05,Quetta,29.0,38193.0,6.0,71.0,6365.5,1
2866,2023-11-12,Karachi,32.0,46188.0,8.0,137.0,5773.5,1
2867,2023-06-07,Islamabad,43.0,86897.0,9.0,43.0,9655.222222222224,0
2868,2025-05-10,Multan,36.0,37965.0,6.0,12.0,6327.5,1
2869,2023-07-25,Karachi,22.0,46965.0,8.0,6.0,5870.625,1
2870,2023-10-10,Lahore,29.0,13803.0,3.0,218.0,4601.0,1
2871,2025-09-02,Quetta,41.0,66277.0,9.0,6.0,7364.111111111111,0
2872,2025-03-29,Lahore,22.0,39246.0,9.0,36.0,4360.666666666667,1
2873,2023-08-07,Karachi,32.0,35604.0,8.0,21.0,4450.5,1
2874,2024-01-19,Islamabad,33.0,58759.0,9.0,3.0,6528.777777777777,0
2875,2024-05-30,Islamabad,30.0,59407.0,5.0,47.0,11881.4,0
2876,2024-10-26,Lahore,57.0,49959.0,6.0,66.0,8326.5,1
2877,2025-07-25,Islamabad,29.0,55681.0,7.0,71.0,7954.428571428572,1
2878,2025-05-21,Lahore,37.0,68706.0,7.0,76.0,9815.142857142857,0
2879,2025-09-04,Multan,26.0,4833.0,2.0,145.0,2416.5,1
2880,2023-02-10,Lahore,38.0,57683.0,7.0,72.0,8240.42857142857,1
2881,2023-08-25,Islamabad,41.0,33441.0,6.0,52.0,5573.5,1
2882,2024-07-17,Islamabad,28.0,40619.0,7.0,32.0,5802.714285714285,1
2883,2023-02-19,Lahore,33.0,109646.0,12.0,24.0,9137.166666666666,0
2884,2023-12-22,Lahore,25.0,48139.0,6.0,101.0,8023.166666666667,1
2885,2023-06-03,Islamabad,23.0,67941.0,10.0,42.0,6794.1,0
2886,2025-07-21,Lahore,42.0,79311.0,9.0,39.0,8812.333333333334,0
2887,2023-03-05,Lahore,28.0,101294.0,9.0,7.0,11254.888888888889,0
2888,2023-05-29,Karachi,18.0,23811.0,4.0,105.0,5952.75,1
2889,2023-07-15,Quetta,49.0,50199.0,9.0,1.0,5577.666666666667,1
2890,2023-05-29,Karachi,26.0,58668.0,11.0,1.0,5333.454545454545,0
2891,2024-07-22,Karachi,31.0,46593.0,6.0,62.0,7765.5,1
2892,2023-12-31,Quetta,48.0,10784.0,4.0,77.0,2696.0,1
2893,2025-07-01,Karachi,32.0,41520.0,7.0,0.0,5931.428571428572,1
2894,2023-09-18,Karachi,32.0,52150.0,11.0,28.0,4740.909090909091,0
2895,2024-06-21,Karachi,22.0,47363.0,7.0,115.0,6766.142857142857,1
2896,2024-10-22,Karachi,18.0,64711.0,8.0,43.0,8088.875,0
2897,2024-09-17,Karachi,32.0,35927.0,6.0,9.0,5987.833333333333,1
2898,2025-03-07,Islamabad,36.0,46249.0,5.0,53.0,9249.8,1
2899,2023-07-21,Lahore,36.0,30534.0,6.0,50.0,5089.0,1
2900,2024-05-22,Islamabad,29.0,39964.0,7.0,10.0,5709.142857142857,1
2901,2025-03-11,Lahore,33.0,45259.0,8.0,23.0,5657.375,1
2902,2025-05-13,Karachi,18.0,56893.0,9.0,11.0,6321.444444444444,0
2903,2024-09-09,Lahore,37.0,50757.0,8.0,3.0,6344.625,1
2904,2024-10-13,Karachi,34.0,63719.0,6.0,5.0,10619.833333333334,0
2905,2025-05-14,Islamabad,51.0,96383.0,10.0,5.0,9638.3,0
2906,2024-09-16,Karachi,33.0,3130.0,2.0,82.0,1565.0,1
2907,2025-08-06,Lahore,25.0,44721.0,7.0,50.0,6388.714285714285,1
2908,2023-05-08,Lahore,33.0,43968.0,8.0,71.0,5496.0,1
2909,2023-12-14,Multan,30.0,34520.0,6.0,56.0,5753.333333333333,1
2910,2023-04-23,Lahore,37.0,50284.0,7.0,25.0,7183.428571428572,1
2911,2023-04-01,Islamabad,33.0,43649.0,9.0,7.0,4849.888888888889,1
2912,2024-04-16,Karachi,22.0,96827.0,10.0,50.0,9682.7,0
2913,2023-08-14,Lahore,18.0,58109.0,8.0,19.0,7263.625,0
2914,2024-02-12,Islamabad,35.0,68668.0,13.0,97.0,5282.153846153846,0
2915,2024-03-13,Karachi,45.0,30477.0,5.0,83.0,6095.4,1
2916,2024-09-12,Lahore,34.0,24176.0,5.0,25.0,4835.2,1
2917,2025-08-03,Quetta,40.0,24992.0,7.0,112.0,3570.285714285714,1
2918,2025-04-29,Lahore,42.0,90641.0,11.0,31.0,8240.09090909091,0
2919,2024-01-14,Karachi,35.0,80937.0,9.0,2.0,8993.0,0
2920,2023-11-22,Karachi,26.0,55741.0,6.0,2.0,9290.166666666666,0
2921,2025-02-09,Karachi,35.0,49889.0,6.0,93.0,8314.833333333334,1
2922,2023-05-04,Islamabad,44.0,19917.0,4.0,16.0,4979.25,1
2923,2024-06-24,Lahore,38.0,41591.0,6.0,5.0,6931.833333333333,1
2924,2024-02-28,Quetta,40.0,52404.0,9.0,26.0,5822.666666666667,1
2925,2023-07-02,Islamabad,29.0,87060.0,6.0,29.0,14510.0,0
2926,2024-09-08,Quetta,31.0,120142.0,9.0,82.0,13349.111111111111,0
2927,2023-11-17,Multan,32.0,51264.0,11.0,30.0,4660.363636363636,0
2928,2023-07-05,Quetta,33.0,18840.0,4.0,90.0,4710.0,1
2929,2024-10-15,Islamabad,44.0,76439.0,11.0,18.0,6949.0,0
2930,2023-06-24,Karachi,18.0,45300.0,5.0,165.0,9060.0,1
2931,2024-11-03,Karachi,33.0,80408.0,8.0,35.0,10051.0,0
2932,2023-06-12,Islamabad,32.0,80349.0,12.0,3.0,6695.75,0
2933,2024-03-10,Karachi,21.0,54554.0,7.0,3.0,7793.428571428572,0
2934,2025-03-18,Islamabad,39.0,65313.0,7.0,48.0,9330.42857142857,0
2935,2023-08-17,Lahore,26.0,42113.0,6.0,31.0,7018.833333333333,1
2936,2025-02-06,Multan,30.0,46752.0,6.0,92.0,7792.0,1
2937,2024-12-22,Lahore,50.0,90656.0,12.0,51.0,7554.666666666667,0
2938,2025-06-21,Quetta,42.0,11369.0,3.0,114.0,3789.6666666666665,1
2939,2023-06-18,Lahore,38.0,23793.0,5.0,36.0,4758.6,1
2940,2024-12-16,Lahore,36.0,56161.0,9.0,10.0,6240.111111111111,0
2941,2025-07-25,Multan,32.0,59702.0,7.0,49.0,8528.857142857143,0
2942,2025-02-02,Multan,51.0,65085.0,8.0,111.0,8135.625,1
2943,2023-07-07,Islamabad,40.0,53961.0,5.0,23.0,10792.2,1
2944,2025-04-02,Quetta,26.0,35219.0,9.0,6.0,3913.222222222222,1
2945,2023-04-18,Lahore,20.0,32943.0,4.0,52.0,8235.75,1
2946,2024-08-11,Multan,38.0,37103.0,3.0,124.0,12367.666666666666,1
2947,2024-05-12,Karachi,32.0,34135.0,6.0,20.0,5689.166666666667,1
2948,2024-06-15,Karachi,20.0,54837.0,10.0,30.0,5483.7,0
2949,2024-06-03,Karachi,37.0,46534.0,9.0,33.0,5170.444444444444,1
2950,2023-02-01,Lahore,31.0,69479.0,9.0,44.0,7719.888888888889,0
2951,2024-05-23,Karachi,38.0,41302.0,7.0,8.0,5900.285714285715,1
2952,2025-07-25,Islamabad,37.0,65573.0,10.0,31.0,6557.3,0
2953,2024-03-12,Lahore,28.0,4343.0,2.0,200.0,2171.5,1
2954,2023-10-04,Quetta,39.0,53075.0,8.0,19.0,6634.375,1
2955,2025-09-21,Karachi,29.0,31782.0,8.0,87.0,3972.75,1
2956,2023-04-09,Lahore,29.0,42797.0,6.0,12.0,7132.833333333333,1
2957,2024-05-01,Islamabad,28.0,19911.0,4.0,113.0,4977.75,1
2958,2024-05-27,Lahore,43.0,54589.0,6.0,38.0,9098.166666666666,1
2959,2024-04-22,Lahore,30.0,74099.0,13.0,26.0,5699.923076923077,0
2960,2025-07-10,Islamabad,45.0,19548.0,5.0,15.0,3909.6,1
2961,2024-02-26,Lahore,49.0,77574.0,14.0,96.0,5541.0,0
2962,2025-08-31,Lahore,26.0,57776.0,7.0,0.0,8253.714285714286,0
2963,2023-03-08,Islamabad,18.0,50306.0,9.0,2.0,5589.555555555556,1
2964,2025-01-03,Lahore,42.0,45195.0,5.0,52.0,9039.0,1
2965,2024-08-15,Multan,30.0,30447.0,7.0,18.0,4349.571428571428,1
2966,2023-08-29,Islamabad,25.0,25632.0,5.0,5.0,5126.4,1
2967,2023-08-16,Lahore,28.0,51562.0,6.0,31.0,8593.666666666666,1
2968,2024-12-20,Karachi,29.0,17762.0,6.0,52.0,2960.333333333333,1
2969,2024-09-29,Lahore,45.0,30966.0,6.0,37.0,5161.0,1
2970,2024-09-03,Islamabad,34.0,64547.0,7.0,125.0,9221.0,1
2971,2023-02-20,Lahore,45.0,45678.0,8.0,28.0,5709.75,1
2972,2024-08-20,Quetta,37.0,49034.0,9.0,2.0,5448.222222222223,1
2973,2025-09-08,Lahore,30.0,86159.0,10.0,21.0,8615.9,0
2974,2023-01-18,Islamabad,29.0,27941.0,4.0,7.0,6985.25,1
2975,2024-04-14,Lahore,38.0,72359.0,5.0,141.0,14471.8,0
2976,2024-05-09,Lahore,40.0,35463.0,6.0,7.0,5910.5,1
2977,2025-06-15,Karachi,42.0,25289.0,5.0,170.0,5057.8,1
2978,2023-10-10,Karachi,31.0,100731.0,10.0,20.0,10073.1,0
2979,2024-04-20,Quetta,35.0,41671.0,11.0,0.0,3788.272727272728,1
2980,2024-12-18,Lahore,38.0,72790.0,12.0,62.0,6065.833333333333,0
2981,2023-03-02,Lahore,30.0,80610.0,6.0,107.0,13435.0,0
2982,2025-03-12,Karachi,23.0,25573.0,5.0,0.0,5114.6,1
2983,2025-04-02,Karachi,26.0,27830.0,4.0,9.0,6957.5,1
2984,2024-12-20,Multan,31.0,102580.0,11.0,17.0,9325.454545454546,0
2985,2024-10-10,Multan,39.0,38327.0,6.0,55.0,6387.833333333333,1
2986,2025-01-17,Multan,44.0,66706.0,7.0,31.0,9529.42857142857,0
2987,2025-02-20,Lahore,21.0,71409.0,11.0,24.0,6491.727272727273,0
2988,2025-06-22,Karachi,28.0,13857.0,4.0,70.0,3464.25,1
2989,2024-03-04,Islamabad,30.0,104281.0,14.0,11.0,7448.642857142857,0
2990,2024-04-01,Karachi,40.0,67459.0,7.0,60.0,9637.0,0
2991,2024-09-29,Islamabad,28.0,78007.0,9.0,1.0,8667.444444444445,0
2992,2023-07-13,Lahore,29.0,8348.0,3.0,110.0,2782.6666666666665,1
2993,2025-05-06,Karachi,20.0,64465.0,12.0,1.0,5372.083333333333,0
2994,2025-02-09,Multan,37.0,23190.0,4.0,58.0,5797.5,1
2995,2024-09-23,Lahore,32.0,71493.0,10.0,63.0,7149.3,0
2996,2023-10-29,Quetta,27.0,27799.0,4.0,73.0,6949.75,1
2997,2023-12-14,Karachi,31.0,165968.0,16.0,25.0,10373.0,0
2998,2024-03-10,Lahore,43.0,25775.0,8.0,75.0,3221.875,1
2999,2024-10-24,Lahore,24.0,76063.0,12.0,11.0,6338.583333333333,0
3000,2025-02-17,Lahore,25.0,58274.0,7.0,23.0,8324.857142857143,0
3001,2024-11-02,Karachi,44.0,66088.0,11.0,8.0,6008.0,0
3002,2025-07-18,Lahore,34.0,57140.0,8.0,64.0,7142.5,1
3003,2025-08-18,Islamabad,39.0,61150.0,9.0,23.0,6794.444444444444,0
3004,2024-12-05,Multan,37.0,39773.0,9.0,11.0,4419.222222222223,1
3005,2024-01-06,Karachi,33.0,27748.0,4.0,168.0,6937.0,1
3006,2024-08-22,Lahore,30.0,64323.0,12.0,36.0,5360.25,0
3007,2024-03-01,Karachi,40.0,79772.0,11.0,1.0,7252.0,0
3008,2024-09-21,Islamabad,43.0,82480.0,11.0,11.0,7498.181818181818,0
3009,2025-03-23,Karachi,43.0,54488.0,8.0,0.0,6811.0,0
3010,2024-01-05,Lahore,22.0,57323.0,11.0,16.0,5211.181818181818,0
3011,2024-05-20,Karachi,45.0,2118.0,1.0,163.0,2118.0,1
3012,2023-02-15,Karachi,30.0,52789.0,5.0,179.0,10557.8,1
3013,2025-01-06,Karachi,26.0,68045.0,6.0,142.0,11340.833333333334,1
3014,2024-05-04,Lahore,31.0,54081.0,11.0,2.0,4916.454545454545,0
3015,2024-04-04,Quetta,40.0,41762.0,7.0,74.0,5966.0,1
3016,2024-06-16,Lahore,38.0,57522.0,9.0,24.0,6391.333333333333,0
3017,2023-08-04,Lahore,31.0,68242.0,9.0,123.0,7582.444444444444,0
3018,2024-08-20,Lahore,41.0,85361.0,10.0,16.0,8536.1,0
3019,2025-01-15,Karachi,34.0,46546.0,10.0,30.0,4654.6,1
3020,2023-12-16,Karachi,28.0,88923.0,12.0,0.0,7410.25,0
3021,2023-05-12,Lahore,27.0,34881.0,6.0,22.0,5813.5,1
3022,2024-01-22,Karachi,37.0,100618.0,9.0,199.0,11179.777777777776,0
3023,2023-07-18,Islamabad,32.0,70591.0,9.0,22.0,7843.444444444444,0
3024,2024-01-09,Lahore,21.0,73875.0,9.0,103.0,8208.333333333334,0
3025,2024-09-18,Multan,41.0,33591.0,6.0,73.0,5598.5,1
3026,2023-04-24,Karachi,29.0,45116.0,8.0,1.0,5639.5,1
3027,2025-01-17,Lahore,47.0,50149.0,5.0,52.0,10029.8,1
3028,2023-08-13,Quetta,20.0,23001.0,4.0,89.0,5750.25,1
3029,2025-06-13,Multan,31.0,68188.0,9.0,46.0,7576.444444444444,0
3030,2025-01-02,Karachi,27.0,82026.0,7.0,37.0,11718.0,0
3031,2023-09-30,Multan,24.0,66845.0,11.0,2.0,6076.818181818182,0
3032,2024-07-17,Karachi,29.0,120978.0,14.0,17.0,8641.285714285714,0
3033,2023-04-21,Karachi,49.0,65669.0,9.0,40.0,7296.555555555556,0
3034,2023-04-10,Multan,34.0,68501.0,7.0,116.0,9785.857142857143,0
3035,2025-08-14,Islamabad,26.0,94174.0,11.0,13.0,8561.272727272728,0
3036,2025-03-13,Lahore,18.0,68690.0,11.0,86.0,6244.545454545455,0
3037,2023-06-04,Islamabad,18.0,28560.0,6.0,137.0,4760.0,1
3038,2023-10-10,Karachi,28.0,33696.0,5.0,81.0,6739.2,1
3039,2023-07-17,Lahore,27.0,81536.0,12.0,16.0,6794.666666666667,0
3040,2024-01-31,Quetta,31.0,103730.0,13.0,48.0,7979.2307692307695,0
3041,2023-10-19,Karachi,18.0,111821.0,9.0,57.0,12424.555555555557,0
3042,2023-11-25,Karachi,32.0,20827.0,4.0,120.0,5206.75,1
3043,2024-06-13,Karachi,42.0,27020.0,5.0,120.0,5404.0,1
3044,2023-07-09,Karachi,48.0,38622.0,5.0,34.0,7724.4,1
3045,2025-06-01,Lahore,18.0,54967.0,6.0,105.0,9161.166666666666,1
3046,2024-12-28,Quetta,26.0,67059.0,8.0,80.0,8382.375,0
3047,2025-01-30,Islamabad,25.0,20028.0,3.0,207.0,6676.0,1
3048,2023-06-19,Islamabad,34.0,105205.0,12.0,4.0,8767.083333333334,0
3049,2024-12-09,Karachi,22.0,73627.0,13.0,17.0,5663.615384615385,0
3050,2025-04-16,Lahore,48.0,86759.0,11.0,25.0,7887.181818181818,0
3051,2023-06-25,Lahore,33.0,40161.0,5.0,8.0,8032.2,1
3052,2025-01-21,Karachi,32.0,60787.0,9.0,10.0,6754.111111111111,0
3053,2023-12-24,Lahore,47.0,68772.0,8.0,7.0,8596.5,0
3054,2025-02-26,Islamabad,33.0,41610.0,7.0,26.0,5944.285714285715,1
3055,2024-04-23,Multan,37.0,45289.0,5.0,52.0,9057.8,1
3056,2025-03-13,Karachi,26.0,41225.0,7.0,53.0,5889.285714285715,1
3057,2023-05-28,Karachi,21.0,73074.0,8.0,42.0,9134.25,0
3058,2024-01-25,Islamabad,28.0,147947.0,19.0,5.0,7786.684210526316,0
3059,2023-10-01,Lahore,53.0,95527.0,13.0,29.0,7348.2307692307695,0
3060,2023-09-06,Quetta,39.0,17775.0,5.0,165.0,3555.0,1
3061,2023-11-05,Karachi,35.0,59990.0,10.0,8.0,5999.0,0
3062,2024-01-18,Lahore,24.0,10638.0,2.0,27.0,5319.0,1
3063,2023-05-08,Lahore,41.0,28808.0,3.0,59.0,9602.666666666666,1
3064,2024-12-08,Quetta,21.0,77114.0,7.0,81.0,11016.285714285714,0
3065,2024-07-04,Lahore,19.0,65391.0,8.0,74.0,8173.875,0
3066,2025-04-09,Islamabad,28.0,63513.0,11.0,24.0,5773.909090909091,0
3067,2024-12-06,Lahore,51.0,65734.0,8.0,29.0,8216.75,0
3068,2023-05-30,Lahore,50.0,132692.0,15.0,7.0,8846.133333333333,0
3069,2023-03-11,Multan,29.0,124292.0,15.0,27.0,8286.133333333333,0
3070,2024-02-27,Lahore,27.0,53901.0,10.0,3.0,5390.1,0
3071,2024-04-26,Lahore,18.0,52288.0,6.0,32.0,8714.666666666666,1
3072,2023-08-29,Karachi,34.0,108777.0,12.0,23.0,9064.75,0
3073,2025-02-21,Multan,34.0,45947.0,8.0,55.0,5743.375,1
3074,2024-08-04,Karachi,40.0,52380.0,5.0,3.0,10476.0,0
3075,2025-01-17,Lahore,41.0,71219.0,8.0,43.0,8902.375,0
3076,2023-04-20,Quetta,31.0,26537.0,5.0,41.0,5307.4,1
3077,2025-03-26,Islamabad,38.0,50199.0,10.0,47.0,5019.9,1
3078,2023-07-26,Multan,27.0,128903.0,14.0,17.0,9207.357142857143,0
3079,2024-03-24,Islamabad,38.0,35236.0,8.0,5.0,4404.5,1
3080,2024-03-15,Islamabad,28.0,29763.0,6.0,204.0,4960.5,1
3081,2025-03-31,Karachi,37.0,90689.0,11.0,17.0,8244.454545454546,0
3082,2023-10-04,Karachi,36.0,6003.0,1.0,0.0,6003.0,1
3083,2023-08-29,Islamabad,34.0,39312.0,4.0,46.0,9828.0,1
3084,2023-12-06,Islamabad,40.0,82209.0,11.0,43.0,7473.545454545455,0
3085,2023-12-27,Quetta,19.0,33896.0,6.0,1.0,5649.333333333333,1
3086,2023-07-01,Karachi,23.0,71290.0,10.0,45.0,7129.0,0
3087,2023-06-26,Lahore,31.0,51049.0,11.0,14.0,4640.818181818182,0
3088,2023-08-20,Karachi,20.0,53885.0,11.0,49.0,4898.636363636364,0
3089,2024-04-12,Islamabad,29.0,58284.0,8.0,52.0,7285.5,1
3090,2023-12-10,Karachi,30.0,35699.0,4.0,18.0,8924.75,1
3091,2024-01-28,Islamabad,45.0,53966.0,8.0,8.0,6745.75,0
3092,2024-12-20,Karachi,34.0,43107.0,9.0,9.0,4789.666666666667,1
3093,2023-08-29,Lahore,42.0,55196.0,9.0,93.0,6132.888888888889,1
3094,2025-06-28,Karachi,36.0,57980.0,7.0,101.0,8282.857142857143,1
3095,2025-01-21,Islamabad,28.0,32510.0,7.0,86.0,4644.285714285715,1
3096,2023-06-24,Multan,34.0,76727.0,7.0,6.0,10961.0,0
3097,2023-11-10,Karachi,40.0,97158.0,9.0,12.0,10795.333333333334,0
3098,2023-07-03,Karachi,44.0,74766.0,9.0,22.0,8307.333333333334,0
3099,2023-09-30,Karachi,32.0,59649.0,8.0,31.0,7456.125,0
3100,2024-01-01,Karachi,18.0,24886.0,6.0,12.0,4147.666666666667,1
3101,2023-05-11,Lahore,18.0,35094.0,8.0,58.0,4386.75,1
3102,2023-01-15,Multan,30.0,100298.0,12.0,44.0,8358.166666666666,0
3103,2024-03-14,Multan,18.0,49484.0,10.0,80.0,4948.4,1
3104,2024-12-01,Karachi,49.0,69667.0,12.0,13.0,5805.583333333333,0
3105,2023-10-30,Karachi,38.0,48890.0,7.0,42.0,6984.285714285715,1
3106,2025-05-10,Lahore,27.0,59606.0,7.0,44.0,8515.142857142857,0
3107,2024-01-05,Karachi,23.0,35239.0,7.0,59.0,5034.142857142857,1
3108,2025-06-19,Karachi,42.0,65404.0,11.0,11.0,5945.818181818182,0
3109,2023-08-24,Islamabad,23.0,30357.0,6.0,27.0,5059.5,1
3110,2024-06-23,Lahore,24.0,37571.0,6.0,130.0,6261.833333333333,1
3111,2025-02-02,Islamabad,26.0,63759.0,7.0,30.0,9108.42857142857,0
3112,2023-03-01,Lahore,34.0,66923.0,10.0,45.0,6692.3,0
3113,2025-07-19,Islamabad,39.0,41241.0,10.0,5.0,4124.1,1
3114,2023-12-31,Islamabad,44.0,21499.0,3.0,40.0,7166.333333333333,1
3115,2024-05-12,Lahore,42.0,76115.0,10.0,75.0,7611.5,0
3116,2024-09-20,Karachi,33.0,74202.0,9.0,88.0,8244.666666666666,0
3117,2024-10-04,Multan,42.0,51439.0,9.0,45.0,5715.444444444444,1
3118,2023-01-24,Islamabad,27.0,21572.0,5.0,71.0,4314.4,1
3119,2025-05-17,Lahore,18.0,98432.0,12.0,14.0,8202.666666666666,0
3120,2024-09-15,Karachi,27.0,108872.0,11.0,8.0,9897.454545454546,0
3121,2025-09-25,Karachi,26.0,77820.0,10.0,25.0,7782.0,0
3122,2024-04-16,Islamabad,27.0,29668.0,4.0,128.0,7417.0,1
3123,2024-09-05,Islamabad,24.0,57738.0,8.0,63.0,7217.25,1
3124,2024-03-17,Lahore,29.0,72274.0,10.0,70.0,7227.4,0
3125,2025-06-08,Islamabad,39.0,76059.0,9.0,102.0,8451.0,0
3126,2025-04-12,Islamabad,48.0,38412.0,9.0,15.0,4268.0,1
3127,2025-06-27,Islamabad,18.0,28995.0,7.0,6.0,4142.142857142857,1
3128,2024-05-19,Lahore,21.0,41558.0,5.0,6.0,8311.6,1
3129,2025-03-02,Karachi,26.0,48666.0,7.0,77.0,6952.285714285715,1
3130,2023-12-25,Karachi,40.0,30838.0,9.0,50.0,3426.4444444444443,1
3131,2024-04-05,Lahore,31.0,26831.0,5.0,22.0,5366.2,1
3132,2025-01-30,Karachi,26.0,81601.0,8.0,39.0,10200.125,0
3133,2023-03-23,Lahore,39.0,85130.0,12.0,80.0,7094.166666666667,0
3134,2024-12-11,Lahore,42.0,36669.0,6.0,48.0,6111.5,1
3135,2023-01-16,Islamabad,33.0,20327.0,4.0,126.0,5081.75,1
3136,2024-08-03,Lahore,26.0,81564.0,8.0,2.0,10195.5,0
3137,2024-04-22,Islamabad,35.0,55879.0,11.0,2.0,5079.909090909091,0
3138,2024-04-13,Lahore,31.0,30839.0,7.0,61.0,4405.571428571428,1
3139,2024-05-09,Karachi,31.0,3441.0,2.0,203.0,1720.5,1
3140,2024-05-06,Karachi,28.0,21695.0,8.0,6.0,2711.875,1
3141,2024-02-12,Islamabad,41.0,84445.0,12.0,42.0,7037.083333333333,0
3142,2024-03-27,Islamabad,35.0,58105.0,8.0,63.0,7263.125,1
3143,2024-07-22,Karachi,42.0,58808.0,9.0,10.0,6534.222222222223,0
3144,2025-02-02,Islamabad,45.0,24805.0,7.0,18.0,3543.5714285714284,1
3145,2024-07-06,Lahore,37.0,47262.0,9.0,2.0,5251.333333333333,1
3146,2024-10-04,Karachi,28.0,104823.0,8.0,9.0,13102.875,0
3147,2025-04-16,Lahore,42.0,121903.0,9.0,84.0,13544.777777777776,0
3148,2025-09-16,Karachi,37.0,31893.0,5.0,19.0,6378.6,1
3149,2023-04-19,Lahore,56.0,51295.0,8.0,129.0,6411.875,1
3150,2024-12-13,Multan,36.0,19124.0,5.0,141.0,3824.8,1
3151,2023-08-14,Karachi,39.0,60925.0,8.0,43.0,7615.625,0
3152,2023-07-16,Karachi,36.0,44760.0,6.0,78.0,7460.0,1
3153,2025-03-04,Karachi,32.0,80618.0,13.0,6.0,6201.384615384615,0
3154,2023-03-10,Lahore,31.0,11235.0,5.0,121.0,2247.0,1
3155,2025-04-27,Lahore,36.0,63017.0,9.0,96.0,7001.888888888889,1
3156,2025-02-09,Multan,38.0,35940.0,7.0,18.0,5134.285714285715,1
3157,2025-09-21,Islamabad,43.0,49493.0,6.0,25.0,8248.833333333334,1
3158,2024-10-29,Lahore,36.0,25654.0,5.0,23.0,5130.8,1
3159,2025-05-22,Islamabad,29.0,32936.0,4.0,54.0,8234.0,1
3160,2023-04-29,Karachi,30.0,31584.0,7.0,93.0,4512.0,1
3161,2025-06-08,Lahore,21.0,74160.0,12.0,16.0,6180.0,0
3162,2023-06-10,Karachi,48.0,36067.0,6.0,170.0,6011.166666666667,1
3163,2023-11-11,Lahore,28.0,62622.0,10.0,20.0,6262.2,0
3164,2023-05-09,Lahore,42.0,99432.0,11.0,35.0,9039.272727272728,0
3165,2024-02-06,Islamabad,35.0,49215.0,8.0,9.0,6151.875,1
3166,2025-01-18,Lahore,36.0,55800.0,7.0,10.0,7971.428571428572,0
3167,2023-09-26,Multan,32.0,54212.0,9.0,9.0,6023.555555555556,0
3168,2025-04-02,Islamabad,26.0,50146.0,10.0,64.0,5014.6,1
3169,2024-08-29,Multan,24.0,60203.0,7.0,131.0,8600.42857142857,1
3170,2024-09-20,Islamabad,49.0,57018.0,9.0,8.0,6335.333333333333,0
3171,2025-07-27,Multan,34.0,50249.0,9.0,1.0,5583.222222222223,1
3172,2024-03-07,Karachi,43.0,49571.0,9.0,23.0,5507.888888888889,1
3173,2023-12-11,Karachi,45.0,54549.0,11.0,9.0,4959.0,0
3174,2025-09-21,Karachi,29.0,76442.0,14.0,13.0,5460.142857142857,0
3175,2024-07-11,Multan,37.0,28430.0,5.0,98.0,5686.0,1
3176,2024-09-06,Lahore,33.0,78940.0,12.0,16.0,6578.333333333333,0
3177,2023-10-24,Karachi,23.0,44101.0,7.0,11.0,6300.142857142857,1
3178,2023-08-04,Islamabad,31.0,49120.0,8.0,54.0,6140.0,1
3179,2023-06-19,Karachi,38.0,59625.0,9.0,4.0,6625.0,0
3180,2023-08-12,Multan,29.0,1799.0,1.0,183.0,1799.0,1
3181,2023-07-15,Karachi,30.0,98850.0,9.0,62.0,10983.333333333334,0
3182,2025-01-16,Lahore,31.0,48464.0,9.0,47.0,5384.888888888889,1
3183,2023-02-27,Karachi,52.0,66706.0,11.0,17.0,6064.181818181818,0
3184,2024-09-21,Karachi,18.0,73788.0,9.0,25.0,8198.666666666666,0
3185,2025-08-07,Lahore,38.0,33657.0,3.0,60.0,11219.0,1
3186,2025-02-04,Lahore,31.0,44687.0,8.0,17.0,5585.875,1
3187,2024-02-07,Lahore,27.0,142209.0,16.0,46.0,8888.0625,0
3188,2023-03-01,Islamabad,30.0,29214.0,6.0,67.0,4869.0,1
3189,2025-04-14,Multan,39.0,91913.0,12.0,23.0,7659.416666666667,0
3190,2023-01-04,Karachi,40.0,81442.0,11.0,8.0,7403.818181818182,0
3191,2024-11-12,Lahore,35.0,16683.0,4.0,39.0,4170.75,1
3192,2024-11-01,Karachi,43.0,74943.0,8.0,112.0,9367.875,0
3193,2023-07-11,Multan,44.0,64904.0,6.0,10.0,10817.333333333334,0
3194,2025-01-09,Islamabad,40.0,51646.0,8.0,32.0,6455.75,1
3195,2023-06-25,Lahore,28.0,54599.0,9.0,3.0,6066.555555555556,0
3196,2023-08-14,Lahore,37.0,50276.0,6.0,40.0,8379.333333333334,1
3197,2025-03-22,Multan,37.0,87990.0,12.0,11.0,7332.5,0
3198,2025-09-06,Multan,26.0,68952.0,11.0,20.0,6268.363636363636,0
3199,2023-09-22,Lahore,19.0,98036.0,11.0,25.0,8912.363636363636,0
3200,2025-07-10,Multan,18.0,24532.0,3.0,37.0,8177.333333333333,1
3201,2025-07-02,Lahore,34.0,78619.0,10.0,71.0,7861.9,0
3202,2025-02-08,Lahore,36.0,17395.0,5.0,77.0,3479.0,1
3203,2023-05-21,Islamabad,22.0,83545.0,13.0,38.0,6426.538461538462,0
3204,2023-10-27,Karachi,42.0,69792.0,10.0,27.0,6979.2,0
3205,2024-11-08,Karachi,34.0,44110.0,5.0,8.0,8822.0,1
3206,2025-09-26,Multan,45.0,93882.0,12.0,49.0,7823.5,0
3207,2025-03-25,Multan,36.0,49294.0,9.0,30.0,5477.111111111111,1
3208,2024-02-25,Lahore,23.0,80777.0,11.0,13.0,7343.363636363636,0
3209,2023-08-24,Islamabad,37.0,111284.0,10.0,12.0,11128.4,0
3210,2025-08-18,Islamabad,39.0,37010.0,4.0,5.0,9252.5,1
3211,2023-10-04,Karachi,28.0,46126.0,7.0,50.0,6589.428571428572,1
3212,2023-12-09,Quetta,20.0,88808.0,13.0,36.0,6831.384615384615,0
3213,2025-08-22,Islamabad,34.0,106871.0,12.0,26.0,8905.916666666666,0
3214,2024-07-15,Lahore,24.0,38139.0,7.0,18.0,5448.428571428572,1
3215,2023-09-22,Lahore,43.0,67076.0,7.0,5.0,9582.285714285714,0
3216,2023-01-06,Multan,29.0,59976.0,10.0,71.0,5997.6,0
3217,2024-03-05,Quetta,49.0,88208.0,11.0,18.0,8018.909090909091,0
3218,2025-09-13,Lahore,18.0,38474.0,9.0,3.0,4274.888888888889,1
3219,2024-03-08,Lahore,34.0,37549.0,5.0,27.0,7509.8,1
3220,2024-11-30,Islamabad,46.0,54280.0,9.0,76.0,6031.111111111111,1
3221,2023-09-11,Lahore,25.0,58449.0,8.0,42.0,7306.125,0
3222,2025-02-14,Lahore,32.0,57480.0,9.0,70.0,6386.666666666667,1
3223,2025-02-14,Multan,29.0,14308.0,5.0,14.0,2861.6,1
3224,2024-08-31,Multan,27.0,40571.0,8.0,14.0,5071.375,1
3225,2025-02-10,Multan,35.0,77041.0,9.0,23.0,8560.111111111111,0
3226,2024-08-01,Islamabad,21.0,51417.0,8.0,9.0,6427.125,1
3227,2024-01-14,Karachi,32.0,71805.0,12.0,53.0,5983.75,0
3228,2025-01-07,Multan,38.0,94037.0,9.0,5.0,10448.555555555557,0
3229,2025-04-15,Lahore,31.0,52743.0,8.0,97.0,6592.875,1
3230,2025-04-21,Lahore,24.0,43424.0,7.0,35.0,6203.428571428572,1
3231,2023-08-02,Multan,42.0,65890.0,10.0,50.0,6589.0,0
3232,2024-11-07,Islamabad,40.0,46306.0,3.0,23.0,15435.333333333334,0
3233,2023-01-05,Multan,24.0,53701.0,6.0,26.0,8950.166666666666,1
3234,2024-07-25,Lahore,21.0,74457.0,10.0,181.0,7445.7,0
3235,2024-07-25,Quetta,24.0,85807.0,9.0,7.0,9534.111111111111,0
3236,2023-12-30,Islamabad,38.0,52993.0,7.0,37.0,7570.428571428572,1
3237,2025-09-21,Islamabad,35.0,92949.0,11.0,14.0,8449.90909090909,0
3238,2025-06-01,Multan,40.0,81976.0,9.0,17.0,9108.444444444443,0
3239,2023-02-08,Karachi,30.0,52471.0,7.0,10.0,7495.857142857143,1
3240,2023-07-28,Islamabad,25.0,20366.0,4.0,49.0,5091.5,1
3241,2023-07-27,Islamabad,41.0,36323.0,6.0,136.0,6053.833333333333,1
3242,2025-06-16,Islamabad,28.0,113124.0,14.0,11.0,8080.285714285715,0
3243,2024-06-02,Multan,35.0,49276.0,7.0,62.0,7039.428571428572,1
3244,2024-12-29,Islamabad,19.0,40851.0,6.0,43.0,6808.5,1
3245,2025-03-20,Lahore,28.0,24833.0,4.0,177.0,6208.25,1
3246,2025-02-06,Lahore,42.0,47218.0,6.0,15.0,7869.666666666667,1
3247,2023-03-31,Quetta,27.0,13366.0,2.0,193.0,6683.0,1
3248,2023-05-21,Quetta,40.0,139358.0,13.0,34.0,10719.846153846154,0
3249,2024-01-31,Quetta,18.0,108154.0,12.0,20.0,9012.833333333334,0
3250,2023-12-05,Lahore,28.0,61006.0,9.0,28.0,6778.444444444444,0
3251,2025-01-17,Karachi,31.0,87324.0,12.0,50.0,7277.0,0
3252,2023-06-06,Islamabad,49.0,40016.0,7.0,13.0,5716.571428571428,1
3253,2024-01-07,Islamabad,22.0,47614.0,7.0,66.0,6802.0,1
3254,2023-08-25,Lahore,39.0,27681.0,6.0,18.0,4613.5,1
3255,2023-07-08,Islamabad,43.0,82006.0,12.0,15.0,6833.833333333333,0
3256,2023-06-22,Lahore,27.0,72379.0,10.0,6.0,7237.9,0
3257,2023-07-15,Karachi,30.0,74586.0,6.0,92.0,12431.0,0
3258,2024-07-18,Lahore,34.0,56824.0,10.0,27.0,5682.4,0
3259,2024-02-15,Lahore,20.0,16080.0,4.0,109.0,4020.0,1
3260,2024-03-11,Lahore,29.0,49177.0,6.0,88.0,8196.166666666666,1
3261,2024-04-24,Multan,44.0,114073.0,14.0,23.0,8148.071428571428,0
3262,2025-01-11,Islamabad,38.0,41190.0,5.0,28.0,8238.0,1
3263,2025-05-11,Quetta,32.0,53364.0,8.0,28.0,6670.5,1
3264,2024-06-10,Karachi,34.0,30122.0,5.0,105.0,6024.4,1
3265,2024-10-04,Karachi,38.0,70179.0,8.0,165.0,8772.375,1
3266,2025-01-08,Karachi,40.0,55951.0,7.0,3.0,7993.0,0
3267,2024-11-21,Islamabad,28.0,69088.0,9.0,44.0,7676.444444444444,0
3268,2023-05-15,Karachi,47.0,28027.0,6.0,28.0,4671.166666666667,1
3269,2025-09-09,Islamabad,45.0,54180.0,8.0,29.0,6772.5,1
3270,2023-06-14,Multan,39.0,104857.0,12.0,14.0,8738.083333333334,0
3271,2024-02-16,Multan,25.0,65686.0,7.0,10.0,9383.714285714286,0
3272,2024-10-14,Lahore,24.0,45023.0,7.0,95.0,6431.857142857143,1
3273,2024-02-08,Karachi,30.0,35226.0,5.0,83.0,7045.2,1
3274,2023-09-01,Lahore,34.0,39897.0,6.0,14.0,6649.5,1
3275,2025-07-12,Lahore,18.0,111535.0,13.0,8.0,8579.615384615385,0
3276,2023-03-13,Islamabad,37.0,80190.0,11.0,38.0,7290.0,0
3277,2023-09-03,Karachi,45.0,50945.0,9.0,37.0,5660.555555555556,1
3278,2025-09-19,Islamabad,38.0,59697.0,9.0,53.0,6633.0,0
3279,2024-12-30,Lahore,27.0,25233.0,5.0,96.0,5046.6,1
3280,2023-03-28,Quetta,26.0,32704.0,5.0,109.0,6540.8,1
3281,2025-01-24,Quetta,36.0,62259.0,7.0,24.0,8894.142857142857,0
3282,2025-08-27,Karachi,32.0,58958.0,9.0,1.0,6550.888888888889,0
3283,2023-04-08,Multan,37.0,52316.0,7.0,2.0,7473.714285714285,1
3284,2024-02-19,Lahore,38.0,57835.0,8.0,15.0,7229.375,0
3285,2024-04-13,Islamabad,43.0,49666.0,9.0,4.0,5518.444444444444,1
3286,2023-05-12,Multan,23.0,67023.0,10.0,25.0,6702.3,0
3287,2023-07-20,Multan,35.0,55966.0,5.0,78.0,11193.2,1
3288,2023-06-23,Multan,30.0,28709.0,5.0,72.0,5741.8,1
3289,2023-07-05,Karachi,32.0,84320.0,11.0,33.0,7665.454545454545,0
3290,2024-02-08,Multan,41.0,26758.0,5.0,75.0,5351.6,1
3291,2024-04-08,Islamabad,42.0,31832.0,4.0,22.0,7958.0,1
3292,2023-08-26,Lahore,46.0,56252.0,10.0,23.0,5625.2,0
3293,2023-10-17,Lahore,37.0,29831.0,9.0,22.0,3314.555555555556,1
3294,2023-07-12,Islamabad,32.0,27779.0,5.0,140.0,5555.8,1
3295,2025-03-07,Islamabad,31.0,90880.0,11.0,18.0,8261.818181818182,0
3296,2023-07-31,Karachi,18.0,70804.0,8.0,50.0,8850.5,0
3297,2025-06-26,Multan,45.0,50710.0,8.0,16.0,6338.75,1
3298,2024-06-22,Islamabad,30.0,31525.0,6.0,75.0,5254.166666666667,1
3299,2025-03-13,Karachi,38.0,95481.0,10.0,50.0,9548.1,0
3300,2024-09-28,Karachi,39.0,63487.0,13.0,39.0,4883.615384615385,0
3301,2023-09-24,Islamabad,22.0,33865.0,5.0,64.0,6773.0,1
3302,2024-08-24,Islamabad,25.0,48841.0,10.0,37.0,4884.1,1
3303,2023-10-02,Karachi,47.0,69822.0,8.0,15.0,8727.75,0
3304,2023-04-29,Karachi,36.0,53977.0,7.0,0.0,7711.0,0
3305,2023-09-12,Islamabad,28.0,59802.0,8.0,70.0,7475.25,1
3306,2023-10-03,Islamabad,32.0,53703.0,4.0,12.0,13425.75,0
3307,2023-05-16,Multan,43.0,95334.0,11.0,29.0,8666.727272727272,0
3308,2023-01-24,Lahore,41.0,36824.0,7.0,202.0,5260.571428571428,1
3309,2025-08-01,Islamabad,20.0,22072.0,4.0,25.0,5518.0,1
3310,2024-05-28,Karachi,48.0,76298.0,10.0,23.0,7629.8,0
3311,2024-02-07,Lahore,42.0,18730.0,3.0,89.0,6243.333333333333,1
3312,2025-07-18,Islamabad,32.0,53510.0,6.0,136.0,8918.333333333334,1
3313,2023-08-13,Islamabad,22.0,40115.0,6.0,7.0,6685.833333333333,1
3314,2024-02-07,Karachi,42.0,32111.0,9.0,21.0,3567.8888888888887,1
3315,2025-04-26,Islamabad,37.0,48132.0,7.0,11.0,6876.0,1
3316,2024-09-24,Karachi,20.0,68462.0,6.0,35.0,11410.333333333334,0
3317,2024-02-04,Lahore,31.0,78658.0,10.0,20.0,7865.8,0
3318,2023-09-13,Karachi,61.0,83424.0,11.0,69.0,7584.0,0
3319,2023-02-05,Karachi,33.0,38469.0,7.0,20.0,5495.571428571428,1
3320,2023-03-27,Islamabad,26.0,48074.0,5.0,57.0,9614.8,1
3321,2023-06-11,Multan,24.0,63623.0,9.0,44.0,7069.222222222223,0
3322,2025-02-25,Islamabad,49.0,70849.0,6.0,28.0,11808.166666666666,0
3323,2024-10-01,Lahore,41.0,97190.0,11.0,7.0,8835.454545454546,0
3324,2024-03-09,Karachi,46.0,53093.0,9.0,17.0,5899.222222222223,0
3325,2025-02-21,Lahore,35.0,46465.0,6.0,113.0,7744.166666666667,1
3326,2023-06-10,Islamabad,44.0,75061.0,12.0,4.0,6255.083333333333,0
3327,2023-07-30,Lahore,25.0,100451.0,9.0,4.0,11161.222222222224,0
3328,2024-01-28,Karachi,34.0,54649.0,13.0,65.0,4203.769230769231,0
3329,2025-07-06,Islamabad,36.0,89041.0,12.0,24.0,7420.083333333333,0
3330,2024-09-06,Islamabad,45.0,41639.0,6.0,0.0,6939.833333333333,1
3331,2025-04-30,Lahore,36.0,70972.0,9.0,25.0,7885.777777777777,0
3332,2023-09-06,Karachi,27.0,79038.0,10.0,93.0,7903.8,0
3333,2025-04-28,Islamabad,34.0,86926.0,10.0,5.0,8692.6,0
3334,2023-03-14,Karachi,18.0,63278.0,9.0,73.0,7030.888888888889,0
3335,2023-08-16,Lahore,18.0,49642.0,6.0,56.0,8273.666666666666,1
3336,2024-06-07,Multan,40.0,57740.0,8.0,36.0,7217.5,0
3337,2023-02-20,Karachi,30.0,119334.0,12.0,16.0,9944.5,0
3338,2025-05-08,Karachi,31.0,48766.0,7.0,9.0,6966.571428571428,1
3339,2025-05-17,Lahore,40.0,137857.0,15.0,3.0,9190.466666666667,0
3340,2024-06-25,Karachi,46.0,37718.0,8.0,47.0,4714.75,1
3341,2023-11-02,Karachi,38.0,53655.0,7.0,102.0,7665.0,1
3342,2023-04-09,Lahore,50.0,45459.0,5.0,18.0,9091.8,1
3343,2024-09-10,Karachi,38.0,54142.0,9.0,12.0,6015.777777777777,0
3344,2024-06-21,Karachi,36.0,43832.0,8.0,30.0,5479.0,1
3345,2025-01-29,Multan,35.0,59097.0,9.0,19.0,6566.333333333333,0
3346,2024-08-25,Quetta,21.0,55787.0,6.0,26.0,9297.833333333334,1
3347,2023-05-09,Lahore,42.0,75889.0,10.0,24.0,7588.9,0
3348,2023-05-02,Lahore,18.0,31470.0,8.0,19.0,3933.75,1
3349,2025-02-19,Islamabad,28.0,62412.0,9.0,18.0,6934.666666666667,0
3350,2023-06-09,Quetta,33.0,103939.0,12.0,75.0,8661.583333333334,0
3351,2025-07-27,Multan,26.0,27183.0,4.0,11.0,6795.75,1
3352,2023-04-16,Lahore,29.0,123009.0,13.0,11.0,9462.23076923077,0
3353,2024-12-29,Lahore,50.0,123200.0,15.0,6.0,8213.333333333334,0
3354,2025-09-02,Lahore,43.0,40908.0,6.0,22.0,6818.0,1
3355,2024-03-17,Multan,27.0,47926.0,8.0,12.0,5990.75,1
3356,2023-02-26,Karachi,29.0,26638.0,5.0,63.0,5327.6,1
3357,2025-05-26,Karachi,22.0,48973.0,7.0,3.0,6996.142857142857,1
3358,2023-07-07,Karachi,39.0,63605.0,6.0,39.0,10600.833333333334,0
3359,2024-06-11,Lahore,31.0,85129.0,11.0,99.0,7739.0,0
3360,2025-09-11,Islamabad,18.0,72093.0,10.0,10.0,7209.3,0
3361,2025-01-14,Lahore,34.0,72967.0,10.0,43.0,7296.7,0
3362,2023-02-16,Islamabad,37.0,67195.0,11.0,28.0,6108.636363636364,0
3363,2025-03-31,Islamabad,42.0,77640.0,10.0,11.0,7764.0,0
3364,2023-06-11,Islamabad,32.0,79053.0,11.0,0.0,7186.636363636364,0
3365,2025-01-19,Karachi,30.0,98341.0,9.0,0.0,10926.777777777776,0
3366,2024-09-12,Multan,51.0,24525.0,4.0,186.0,6131.25,1
3367,2023-10-15,Islamabad,33.0,38559.0,7.0,49.0,5508.428571428572,1
3368,2024-02-28,Lahore,39.0,59826.0,6.0,17.0,9971.0,0
3369,2023-04-28,Lahore,28.0,50325.0,11.0,15.0,4575.0,0
3370,2025-09-13,Islamabad,39.0,23525.0,4.0,168.0,5881.25,1
3371,2023-08-27,Lahore,20.0,67276.0,10.0,0.0,6727.6,0
3372,2023-11-05,Lahore,29.0,54109.0,8.0,26.0,6763.625,1
3373,2024-05-17,Lahore,22.0,21876.0,4.0,41.0,5469.0,1
3374,2024-11-03,Lahore,28.0,37438.0,7.0,3.0,5348.285714285715,1
3375,2024-05-20,Karachi,44.0,199085.0,22.0,15.0,9049.318181818182,0
3376,2024-05-20,Islamabad,27.0,103826.0,15.0,5.0,6921.733333333334,0
3377,2024-08-05,Lahore,39.0,32069.0,6.0,7.0,5344.833333333333,1
3378,2025-05-07,Islamabad,47.0,82453.0,10.0,92.0,8245.3,0
3379,2024-01-31,Lahore,33.0,1777.0,1.0,198.0,1777.0,1
3380,2025-04-12,Karachi,42.0,80246.0,13.0,1.0,6172.769230769231,0
3381,2025-02-25,Lahore,38.0,18471.0,7.0,135.0,2638.714285714286,1
3382,2025-08-19,Islamabad,34.0,79158.0,12.0,74.0,6596.5,0
3383,2025-07-02,Quetta,40.0,98543.0,12.0,113.0,8211.916666666666,0
3384,2025-03-09,Karachi,50.0,25533.0,6.0,37.0,4255.5,1
3385,2023-09-04,Lahore,27.0,53716.0,11.0,2.0,4883.272727272727,0
3386,2025-02-13,Lahore,24.0,70833.0,8.0,71.0,8854.125,0
3387,2025-01-06,Lahore,24.0,68301.0,11.0,44.0,6209.181818181818,0
3388,2023-10-17,Multan,42.0,53912.0,12.0,7.0,4492.666666666667,0
3389,2024-11-08,Lahore,43.0,84841.0,9.0,1.0,9426.777777777776,0
3390,2023-09-10,Quetta,28.0,57309.0,10.0,21.0,5730.9,0
3391,2024-06-07,Karachi,18.0,44166.0,6.0,13.0,7361.0,1
3392,2025-03-07,Karachi,27.0,31606.0,7.0,77.0,4515.142857142857,1
3393,2023-07-08,Multan,38.0,47216.0,6.0,28.0,7869.333333333333,1
3394,2023-12-03,Lahore,32.0,90521.0,8.0,2.0,11315.125,0
3395,2025-03-06,Islamabad,35.0,86115.0,9.0,11.0,9568.333333333334,0
3396,2024-03-29,Lahore,28.0,46004.0,4.0,105.0,11501.0,1
3397,2025-08-18,Multan,42.0,70976.0,8.0,26.0,8872.0,0
3398,2023-01-08,Karachi,36.0,75799.0,7.0,38.0,10828.42857142857,0
3399,2024-12-22,Lahore,38.0,83850.0,9.0,0.0,9316.666666666666,0
3400,2025-03-25,Multan,34.0,54368.0,5.0,22.0,10873.6,0
3401,2025-07-06,Lahore,38.0,24573.0,5.0,50.0,4914.6,1
3402,2023-06-06,Lahore,37.0,48365.0,9.0,17.0,5373.888888888889,1
3403,2025-09-11,Islamabad,25.0,54870.0,7.0,101.0,7838.571428571428,1
3404,2024-01-28,Karachi,36.0,64019.0,13.0,10.0,4924.538461538462,0
3405,2023-12-19,Multan,40.0,94120.0,12.0,54.0,7843.333333333333,0
3406,2023-12-22,Islamabad,43.0,38409.0,5.0,109.0,7681.8,1
3407,2024-09-30,Islamabad,37.0,83754.0,15.0,8.0,5583.6,0
3408,2024-10-21,Lahore,24.0,43207.0,8.0,50.0,5400.875,1
3409,2024-04-18,Lahore,26.0,15717.0,5.0,49.0,3143.4,1
3410,2023-03-13,Quetta,29.0,159476.0,16.0,7.0,9967.25,0
3411,2025-09-13,Lahore,35.0,61974.0,10.0,4.0,6197.4,0
3412,2023-08-11,Karachi,32.0,58441.0,9.0,52.0,6493.444444444444,0
3413,2023-04-04,Lahore,23.0,79691.0,12.0,43.0,6640.916666666667,0
3414,2024-08-20,Lahore,23.0,57732.0,7.0,1.0,8247.42857142857,0
3415,2024-02-17,Karachi,18.0,41421.0,5.0,22.0,8284.2,1
3416,2024-09-07,Islamabad,18.0,101998.0,11.0,1.0,9272.545454545454,0
3417,2025-05-25,Islamabad,32.0,24856.0,3.0,20.0,8285.333333333334,1
3418,2023-04-08,Multan,54.0,36152.0,8.0,0.0,4519.0,1
3419,2023-10-12,Lahore,49.0,61625.0,11.0,42.0,5602.272727272727,0
3420,2024-05-31,Karachi,24.0,23865.0,5.0,36.0,4773.0,1
3421,2025-02-26,Lahore,34.0,54576.0,12.0,51.0,4548.0,0
3422,2024-08-23,Islamabad,20.0,33257.0,7.0,52.0,4751.0,1
3423,2024-01-18,Karachi,21.0,51249.0,5.0,207.0,10249.8,1
3424,2024-09-02,Karachi,22.0,41352.0,6.0,41.0,6892.0,1
3425,2025-09-06,Lahore,31.0,88216.0,13.0,14.0,6785.846153846154,0
3426,2024-04-25,Multan,31.0,106640.0,8.0,29.0,13330.0,0
3427,2025-06-02,Multan,35.0,49494.0,6.0,59.0,8249.0,1
3428,2025-02-18,Multan,39.0,42517.0,4.0,16.0,10629.25,1
3429,2023-10-29,Lahore,30.0,53351.0,12.0,25.0,4445.916666666667,0
3430,2023-09-07,Quetta,33.0,78020.0,9.0,28.0,8668.888888888889,0
3431,2025-02-09,Lahore,23.0,55859.0,8.0,15.0,6982.375,0
3432,2023-07-27,Karachi,21.0,117099.0,15.0,20.0,7806.6,0
3433,2023-12-03,Lahore,20.0,62006.0,10.0,66.0,6200.6,0
3434,2023-08-24,Lahore,39.0,42093.0,6.0,155.0,7015.5,1
3435,2024-08-29,Karachi,30.0,35426.0,5.0,116.0,7085.2,1
3436,2023-10-22,Lahore,18.0,80906.0,10.0,38.0,8090.6,0
3437,2024-10-20,Karachi,32.0,124098.0,12.0,17.0,10341.5,0
3438,2025-07-23,Islamabad,22.0,45389.0,7.0,13.0,6484.142857142857,1
3439,2025-04-09,Multan,48.0,62061.0,9.0,106.0,6895.666666666667,1
3440,2025-08-05,Islamabad,28.0,50754.0,9.0,2.0,5639.333333333333,1
3441,2023-01-25,Karachi,39.0,90090.0,10.0,19.0,9009.0,0
3442,2024-03-31,Lahore,43.0,79998.0,9.0,25.0,8888.666666666666,0
3443,2023-08-09,Multan,24.0,59611.0,7.0,64.0,8515.857142857143,1
3444,2025-07-06,Lahore,34.0,34653.0,5.0,23.0,6930.6,1
3445,2024-12-12,Lahore,38.0,65654.0,8.0,3.0,8206.75,0
3446,2023-11-17,Lahore,34.0,24686.0,6.0,27.0,4114.333333333333,1
3447,2024-07-17,Islamabad,36.0,102776.0,11.0,27.0,9343.272727272728,0
3448,2024-08-28,Karachi,21.0,19261.0,1.0,143.0,19261.0,1
3449,2024-05-10,Islamabad,38.0,61040.0,9.0,23.0,6782.222222222223,0
3450,2024-04-19,Karachi,29.0,63619.0,10.0,9.0,6361.9,0
3451,2023-02-25,Karachi,36.0,82468.0,12.0,65.0,6872.333333333333,0
3452,2024-03-28,Karachi,41.0,45119.0,5.0,30.0,9023.8,1
3453,2023-12-15,Lahore,39.0,43097.0,7.0,17.0,6156.714285714285,1
3454,2025-03-29,Karachi,36.0,79852.0,14.0,73.0,5703.714285714285,0
3455,2025-05-15,Islamabad,39.0,53261.0,7.0,1.0,7608.714285714285,1
3456,2025-01-20,Karachi,39.0,23819.0,4.0,100.0,5954.75,1
3457,2023-01-31,Lahore,46.0,47171.0,5.0,66.0,9434.2,1
3458,2025-04-21,Islamabad,33.0,82533.0,10.0,72.0,8253.3,0
3459,2024-02-01,Karachi,34.0,47206.0,4.0,17.0,11801.5,1
3460,2024-02-21,Lahore,41.0,97535.0,10.0,6.0,9753.5,0
3461,2025-08-03,Lahore,29.0,69862.0,10.0,21.0,6986.2,0
3462,2025-05-17,Karachi,21.0,50469.0,9.0,15.0,5607.666666666667,1
3463,2023-02-20,Karachi,37.0,70387.0,9.0,12.0,7820.777777777777,0
3464,2023-12-26,Islamabad,31.0,18630.0,2.0,332.0,9315.0,1
3465,2025-01-19,Lahore,22.0,57344.0,5.0,113.0,11468.8,1
3466,2024-06-22,Islamabad,38.0,51186.0,7.0,47.0,7312.285714285715,1
3467,2023-09-15,Lahore,46.0,31569.0,8.0,121.0,3946.125,1
3468,2024-06-08,Islamabad,18.0,75554.0,10.0,49.0,7555.4,0
3469,2025-05-16,Islamabad,42.0,41610.0,6.0,48.0,6935.0,1
3470,2023-08-12,Karachi,18.0,76990.0,9.0,48.0,8554.444444444445,0
3471,2025-01-16,Lahore,29.0,62631.0,7.0,9.0,8947.285714285714,0
3472,2025-01-04,Karachi,50.0,109936.0,12.0,1.0,9161.333333333334,0
3473,2025-06-04,Quetta,30.0,42803.0,7.0,132.0,6114.714285714285,1
3474,2023-10-25,Quetta,34.0,68148.0,9.0,31.0,7572.0,0
3475,2023-08-04,Lahore,40.0,23277.0,5.0,42.0,4655.4,1
3476,2024-07-01,Islamabad,18.0,40916.0,7.0,3.0,5845.142857142857,1
3477,2024-06-15,Karachi,34.0,86046.0,8.0,5.0,10755.75,0
3478,2024-02-14,Lahore,34.0,83524.0,9.0,12.0,9280.444444444443,0
3479,2025-02-18,Islamabad,50.0,73378.0,11.0,52.0,6670.727272727273,0
3480,2025-03-10,Karachi,22.0,67648.0,7.0,33.0,9664.0,0
3481,2023-09-03,Karachi,30.0,41179.0,10.0,26.0,4117.9,1
3482,2025-03-06,Multan,25.0,68518.0,7.0,148.0,9788.285714285714,1
3483,2023-08-19,Karachi,24.0,27902.0,5.0,57.0,5580.4,1
3484,2024-02-12,Islamabad,43.0,73205.0,7.0,7.0,10457.857142857143,0
3485,2023-01-28,Karachi,33.0,72912.0,9.0,4.0,8101.333333333333,0
3486,2023-12-07,Lahore,28.0,8069.0,3.0,161.0,2689.6666666666665,1
3487,2025-08-16,Karachi,28.0,29374.0,6.0,5.0,4895.666666666667,1
3488,2024-03-18,Quetta,28.0,63518.0,8.0,106.0,7939.75,1
3489,2024-12-11,Karachi,29.0,68236.0,11.0,12.0,6203.272727272727,0
3490,2023-04-18,Lahore,22.0,43690.0,5.0,84.0,8738.0,1
3491,2024-09-27,Islamabad,31.0,67455.0,12.0,34.0,5621.25,0
3492,2024-01-07,Quetta,30.0,40973.0,9.0,9.0,4552.555555555556,1
3493,2025-01-13,Multan,26.0,62230.0,6.0,36.0,10371.666666666666,0
3494,2025-07-17,Karachi,34.0,23069.0,3.0,43.0,7689.666666666667,1
3495,2024-06-15,Karachi,35.0,44304.0,4.0,128.0,11076.0,1
3496,2023-04-13,Karachi,28.0,86343.0,11.0,18.0,7849.363636363636,0
3497,2024-04-21,Multan,32.0,62882.0,10.0,2.0,6288.2,0
3498,2023-05-04,Multan,52.0,63174.0,7.0,95.0,9024.857142857143,1
3499,2024-03-25,Multan,52.0,36483.0,6.0,2.0,6080.5,1
3500,2023-03-03,Karachi,24.0,55560.0,6.0,72.0,9260.0,1
3501,2024-10-02,Lahore,25.0,40091.0,8.0,3.0,5011.375,1
3502,2023-11-07,Karachi,23.0,69172.0,10.0,28.0,6917.2,0
3503,2023-07-21,Lahore,43.0,105297.0,14.0,5.0,7521.214285714285,0
3504,2023-01-18,Lahore,29.0,63507.0,10.0,4.0,6350.7,0
3505,2025-06-07,Karachi,35.0,68204.0,6.0,5.0,11367.333333333334,0
3506,2025-04-17,Islamabad,51.0,52473.0,9.0,59.0,5830.333333333333,1
3507,2025-03-22,Multan,33.0,87562.0,9.0,74.0,9729.111111111111,0
3508,2023-02-28,Islamabad,39.0,104733.0,8.0,22.0,13091.625,0
3509,2023-12-16,Multan,38.0,88699.0,12.0,26.0,7391.583333333333,0
3510,2025-08-29,Islamabad,28.0,66052.0,9.0,48.0,7339.111111111111,0
3511,2024-08-01,Islamabad,43.0,41075.0,7.0,27.0,5867.857142857143,1
3512,2023-05-09,Lahore,25.0,26628.0,5.0,32.0,5325.6,1
3513,2023-05-22,Islamabad,45.0,48374.0,8.0,44.0,6046.75,1
3514,2023-09-21,Lahore,28.0,38399.0,5.0,10.0,7679.8,1
3515,2025-08-30,Lahore,29.0,98216.0,11.0,21.0,8928.727272727272,0
3516,2023-06-19,Lahore,23.0,87645.0,9.0,5.0,9738.333333333334,0
3517,2025-06-21,Multan,25.0,53660.0,12.0,10.0,4471.666666666667,0
3518,2024-11-09,Islamabad,29.0,26912.0,4.0,1.0,6728.0,1
3519,2025-07-10,Quetta,18.0,66096.0,8.0,54.0,8262.0,0
3520,2025-04-06,Quetta,31.0,129193.0,13.0,27.0,9937.923076923076,0
3521,2023-11-29,Multan,28.0,79374.0,9.0,46.0,8819.333333333334,0
3522,2025-04-07,Lahore,40.0,40245.0,6.0,17.0,6707.5,1
3523,2023-06-19,Multan,37.0,23839.0,3.0,53.0,7946.333333333333,1
3524,2023-10-18,Multan,27.0,62060.0,8.0,2.0,7757.5,0
3525,2023-07-31,Multan,29.0,76395.0,12.0,25.0,6366.25,0
3526,2023-05-14,Lahore,31.0,67763.0,7.0,9.0,9680.42857142857,0
3527,2023-04-01,Lahore,46.0,85711.0,11.0,37.0,7791.909090909091,0
3528,2023-07-07,Quetta,26.0,36226.0,6.0,60.0,6037.666666666667,1
3529,2023-05-01,Lahore,27.0,43165.0,9.0,72.0,4796.111111111111,1
3530,2024-01-16,Karachi,23.0,44119.0,6.0,101.0,7353.166666666667,1
3531,2023-03-13,Karachi,20.0,69712.0,9.0,43.0,7745.777777777777,0
3532,2023-03-03,Lahore,36.0,15662.0,4.0,66.0,3915.5,1
3533,2025-09-16,Lahore,35.0,33412.0,4.0,7.0,8353.0,1
3534,2023-03-29,Quetta,45.0,66940.0,9.0,35.0,7437.777777777777,0
3535,2023-03-16,Multan,42.0,95248.0,13.0,3.0,7326.7692307692305,0
3536,2023-01-31,Multan,55.0,19831.0,3.0,130.0,6610.333333333333,1
3537,2023-05-13,Lahore,32.0,33956.0,6.0,182.0,5659.333333333333,1
3538,2024-06-11,Lahore,31.0,31362.0,6.0,211.0,5227.0,1
3539,2025-04-07,Karachi,21.0,64978.0,6.0,25.0,10829.666666666666,0
3540,2025-01-04,Karachi,39.0,25837.0,4.0,132.0,6459.25,1
3541,2024-08-03,Lahore,34.0,84829.0,11.0,14.0,7711.727272727273,0
3542,2023-03-27,Islamabad,39.0,34956.0,6.0,33.0,5826.0,1
3543,2025-02-13,Quetta,23.0,28066.0,4.0,3.0,7016.5,1
3544,2023-02-07,Karachi,36.0,72547.0,9.0,1.0,8060.777777777777,0
3545,2024-09-22,Karachi,35.0,49853.0,12.0,28.0,4154.416666666667,0
3546,2024-02-14,Karachi,34.0,3931.0,2.0,20.0,1965.5,1
3547,2025-06-01,Lahore,27.0,41078.0,7.0,47.0,5868.285714285715,1
3548,2023-11-04,Lahore,44.0,51804.0,9.0,19.0,5756.0,1
3549,2024-09-30,Karachi,51.0,70128.0,9.0,29.0,7792.0,0
3550,2024-03-15,Karachi,23.0,31618.0,5.0,10.0,6323.6,1
3551,2024-06-06,Karachi,39.0,28162.0,7.0,2.0,4023.142857142857,1
3552,2025-07-27,Multan,18.0,71771.0,13.0,10.0,5520.846153846154,0
3553,2024-12-13,Lahore,39.0,27657.0,6.0,47.0,4609.5,1
3554,2024-02-19,Lahore,18.0,25625.0,3.0,176.0,8541.666666666666,1
3555,2024-03-23,Lahore,28.0,89182.0,9.0,83.0,9909.111111111111,0
3556,2024-12-05,Lahore,21.0,77730.0,10.0,9.0,7773.0,0
3557,2023-12-13,Karachi,31.0,60714.0,12.0,58.0,5059.5,0
3558,2023-06-17,Multan,41.0,80225.0,10.0,6.0,8022.5,0
3559,2024-04-12,Multan,18.0,64075.0,8.0,0.0,8009.375,0
3560,2023-03-10,Islamabad,30.0,29371.0,5.0,102.0,5874.2,1
3561,2023-06-19,Karachi,28.0,79944.0,11.0,49.0,7267.636363636364,0
3562,2024-02-25,Lahore,47.0,50298.0,7.0,84.0,7185.428571428572,1
3563,2025-03-07,Karachi,37.0,58967.0,8.0,9.0,7370.875,0
3564,2025-02-20,Karachi,22.0,113972.0,14.0,24.0,8140.857142857143,0
3565,2023-09-18,Multan,29.0,94941.0,10.0,13.0,9494.1,0
3566,2024-02-26,Karachi,47.0,31069.0,7.0,92.0,4438.428571428572,1
3567,2023-06-03,Lahore,39.0,39874.0,8.0,29.0,4984.25,1
3568,2025-01-25,Lahore,25.0,33569.0,6.0,130.0,5594.833333333333,1
3569,2023-09-04,Lahore,31.0,19277.0,4.0,205.0,4819.25,1
3570,2025-03-10,Multan,31.0,29542.0,6.0,32.0,4923.666666666667,1
3571,2025-04-22,Lahore,28.0,47851.0,9.0,8.0,5316.777777777777,1
3572,2024-11-20,Lahore,18.0,58691.0,6.0,0.0,9781.833333333334,0
3573,2023-11-27,Lahore,27.0,36770.0,8.0,4.0,4596.25,1
3574,2025-08-10,Multan,46.0,49886.0,7.0,32.0,7126.571428571428,1
3575,2024-11-17,Karachi,30.0,98015.0,14.0,21.0,7001.071428571428,0
3576,2024-10-07,Islamabad,32.0,49517.0,5.0,52.0,9903.4,1
3577,2025-05-06,Karachi,34.0,95110.0,10.0,8.0,9511.0,0
3578,2025-05-31,Lahore,53.0,56002.0,5.0,154.0,11200.4,1
3579,2023-03-19,Multan,33.0,44986.0,8.0,14.0,5623.25,1
3580,2025-05-31,Lahore,43.0,41650.0,9.0,6.0,4627.777777777777,1
3581,2025-02-04,Lahore,28.0,35196.0,6.0,41.0,5866.0,1
3582,2023-07-26,Karachi,31.0,99489.0,11.0,57.0,9044.454545454546,0
3583,2023-11-04,Lahore,33.0,40302.0,8.0,67.0,5037.75,1
3584,2025-01-22,Lahore,26.0,72227.0,10.0,13.0,7222.7,0
3585,2023-08-05,Multan,31.0,33603.0,6.0,29.0,5600.5,1
3586,2024-03-28,Karachi,41.0,68713.0,6.0,0.0,11452.166666666666,0
3587,2024-11-19,Lahore,26.0,27748.0,6.0,71.0,4624.666666666667,1
3588,2024-10-12,Karachi,33.0,44578.0,7.0,28.0,6368.285714285715,1
3589,2025-06-28,Islamabad,39.0,111858.0,10.0,6.0,11185.8,0
3590,2023-04-22,Lahore,26.0,44979.0,6.0,56.0,7496.5,1
3591,2023-10-23,Lahore,43.0,41505.0,10.0,128.0,4150.5,1
3592,2025-09-11,Islamabad,34.0,57623.0,10.0,7.0,5762.3,0
3593,2024-07-22,Islamabad,32.0,52575.0,7.0,2.0,7510.714285714285,1
3594,2023-09-06,Quetta,18.0,43905.0,8.0,134.0,5488.125,1
3595,2023-10-17,Karachi,30.0,23061.0,6.0,7.0,3843.5,1
3596,2023-12-06,Lahore,36.0,30951.0,7.0,71.0,4421.571428571428,1
3597,2024-07-08,Karachi,49.0,64476.0,6.0,12.0,10746.0,0
3598,2023-10-12,Islamabad,38.0,68489.0,7.0,9.0,9784.142857142857,0
3599,2024-09-13,Lahore,43.0,50055.0,10.0,7.0,5005.5,0
3600,2024-03-21,Karachi,22.0,31212.0,8.0,25.0,3901.5,1
3601,2024-09-02,Lahore,32.0,53526.0,11.0,21.0,4866.0,0
3602,2023-06-05,Multan,44.0,133508.0,13.0,22.0,10269.846153846154,0
3603,2024-09-15,Multan,25.0,52955.0,8.0,0.0,6619.375,0
3604,2025-07-13,Karachi,42.0,48902.0,7.0,139.0,6986.0,1
3605,2023-05-16,Quetta,40.0,93610.0,11.0,52.0,8510.0,0
3606,2023-11-24,Quetta,35.0,108020.0,19.0,11.0,5685.263157894737,0
3607,2024-11-24,Lahore,30.0,35211.0,7.0,72.0,5030.142857142857,1
3608,2024-09-09,Karachi,24.0,55716.0,7.0,14.0,7959.428571428572,0
3609,2024-11-05,Islamabad,49.0,48486.0,5.0,57.0,9697.2,1
3610,2024-07-13,Lahore,39.0,63650.0,10.0,25.0,6365.0,0
3611,2024-11-13,Karachi,36.0,69816.0,9.0,7.0,7757.333333333333,0
3612,2024-09-01,Lahore,29.0,49507.0,6.0,170.0,8251.166666666666,1
3613,2023-03-16,Quetta,33.0,80134.0,12.0,46.0,6677.833333333333,0
3614,2025-01-21,Karachi,34.0,59847.0,9.0,12.0,6649.666666666667,0
3615,2024-03-22,Islamabad,37.0,51538.0,8.0,74.0,6442.25,1
3616,2023-02-21,Karachi,40.0,40575.0,4.0,3.0,10143.75,1
3617,2024-02-14,Lahore,26.0,43706.0,8.0,48.0,5463.25,1
3618,2024-03-11,Multan,20.0,76251.0,8.0,27.0,9531.375,0
3619,2023-03-28,Lahore,34.0,97878.0,10.0,28.0,9787.8,0
3620,2025-09-23,Lahore,18.0,95833.0,11.0,5.0,8712.09090909091,0
3621,2023-08-11,Karachi,30.0,47564.0,6.0,6.0,7927.333333333333,1
3622,2023-11-27,Islamabad,28.0,45446.0,9.0,23.0,5049.555555555556,1
3623,2024-03-16,Karachi,37.0,16480.0,3.0,128.0,5493.333333333333,1
3624,2025-04-12,Lahore,51.0,122393.0,14.0,2.0,8742.357142857143,0
3625,2025-01-12,Karachi,18.0,61672.0,9.0,7.0,6852.444444444444,0
3626,2025-02-09,Lahore,53.0,32468.0,4.0,29.0,8117.0,1
3627,2023-08-26,Lahore,31.0,33827.0,6.0,81.0,5637.833333333333,1
3628,2025-04-25,Karachi,36.0,74367.0,13.0,19.0,5720.538461538462,0
3629,2025-04-09,Lahore,20.0,62658.0,7.0,86.0,8951.142857142857,1
3630,2024-04-08,Lahore,42.0,85888.0,9.0,109.0,9543.111111111111,0
3631,2024-06-29,Islamabad,33.0,24428.0,7.0,115.0,3489.714285714286,1
3632,2023-02-07,Islamabad,32.0,73100.0,7.0,56.0,10442.857142857143,0
3633,2025-01-30,Lahore,18.0,64861.0,10.0,5.0,6486.1,0
3634,2025-08-18,Karachi,34.0,53023.0,5.0,114.0,10604.6,1
3635,2024-04-17,Lahore,41.0,83786.0,9.0,96.0,9309.555555555557,0
3636,2024-06-24,Quetta,31.0,94894.0,11.0,8.0,8626.727272727272,0
3637,2024-05-14,Lahore,44.0,39030.0,6.0,28.0,6505.0,1
3638,2023-03-24,Lahore,43.0,47086.0,7.0,163.0,6726.571428571428,1
3639,2024-09-11,Karachi,27.0,56774.0,8.0,0.0,7096.75,0
3640,2024-12-22,Lahore,47.0,17052.0,5.0,37.0,3410.4,1
3641,2025-07-16,Lahore,33.0,30245.0,4.0,37.0,7561.25,1
3642,2025-07-18,Lahore,33.0,30450.0,5.0,109.0,6090.0,1
3643,2024-05-06,Islamabad,34.0,60105.0,9.0,19.0,6678.333333333333,0
3644,2025-08-16,Islamabad,34.0,54729.0,5.0,17.0,10945.8,0
3645,2024-06-12,Islamabad,18.0,27673.0,6.0,141.0,4612.166666666667,1
3646,2024-10-04,Islamabad,31.0,63881.0,10.0,40.0,6388.1,0
3647,2024-08-24,Karachi,21.0,63408.0,10.0,87.0,6340.8,0
3648,2025-09-25,Multan,48.0,46493.0,9.0,59.0,5165.888888888889,1
3649,2025-01-07,Islamabad,47.0,35905.0,5.0,73.0,7181.0,1
3650,2023-05-01,Multan,41.0,56834.0,8.0,69.0,7104.25,1
3651,2023-03-13,Islamabad,31.0,40639.0,6.0,52.0,6773.166666666667,1
3652,2024-02-14,Karachi,24.0,56635.0,5.0,126.0,11327.0,1
3653,2024-05-30,Lahore,27.0,52523.0,8.0,26.0,6565.375,1
3654,2024-10-30,Karachi,50.0,83420.0,11.0,35.0,7583.636363636364,0
3655,2024-04-26,Lahore,27.0,14358.0,5.0,55.0,2871.6,1
3656,2024-05-29,Karachi,18.0,38630.0,8.0,6.0,4828.75,1
3657,2025-07-10,Lahore,42.0,88290.0,7.0,45.0,12612.857142857143,0
3658,2023-12-01,Lahore,47.0,74494.0,13.0,0.0,5730.307692307692,0
3659,2024-05-08,Quetta,48.0,77654.0,6.0,25.0,12942.333333333334,0
3660,2024-07-11,Islamabad,42.0,38349.0,5.0,0.0,7669.8,1
3661,2024-04-13,Karachi,44.0,94383.0,11.0,41.0,8580.272727272728,0
3662,2025-08-26,Karachi,33.0,82952.0,10.0,19.0,8295.2,0
3663,2025-08-20,Karachi,18.0,54603.0,8.0,40.0,6825.375,1
3664,2024-05-28,Multan,33.0,66300.0,11.0,7.0,6027.272727272727,0
3665,2024-03-26,Islamabad,39.0,102109.0,11.0,19.0,9282.636363636364,0
3666,2024-08-11,Islamabad,32.0,34959.0,6.0,3.0,5826.5,1
3667,2023-06-30,Karachi,31.0,44995.0,8.0,14.0,5624.375,1
3668,2024-03-01,Karachi,24.0,45215.0,5.0,3.0,9043.0,1
3669,2023-08-05,Islamabad,24.0,43234.0,10.0,14.0,4323.4,1
3670,2023-05-25,Quetta,50.0,17201.0,5.0,82.0,3440.2,1
3671,2023-04-06,Karachi,50.0,48223.0,6.0,58.0,8037.166666666667,1
3672,2024-08-10,Karachi,33.0,35543.0,6.0,76.0,5923.833333333333,1
3673,2023-01-01,Karachi,36.0,68932.0,7.0,8.0,9847.42857142857,0
3674,2024-10-08,Karachi,24.0,77417.0,9.0,26.0,8601.888888888889,0
3675,2024-03-07,Quetta,39.0,24351.0,3.0,79.0,8117.0,1
3676,2024-01-02,Islamabad,49.0,95453.0,14.0,51.0,6818.071428571428,0
3677,2025-02-08,Karachi,19.0,79123.0,9.0,38.0,8791.444444444445,0
3678,2024-06-22,Karachi,37.0,75948.0,8.0,31.0,9493.5,0
3679,2025-01-03,Karachi,38.0,27718.0,6.0,30.0,4619.666666666667,1
3680,2024-12-10,Lahore,38.0,46743.0,9.0,54.0,5193.666666666667,1
3681,2023-02-02,Karachi,48.0,69699.0,9.0,41.0,7744.333333333333,0
3682,2023-08-04,Multan,51.0,57811.0,8.0,16.0,7226.375,0
3683,2024-07-23,Islamabad,31.0,58681.0,9.0,16.0,6520.111111111111,0
3684,2025-09-02,Lahore,39.0,41297.0,10.0,7.0,4129.7,1
3685,2023-06-04,Islamabad,34.0,44998.0,5.0,39.0,8999.6,1
3686,2023-04-16,Islamabad,27.0,47509.0,6.0,0.0,7918.166666666667,1
3687,2025-07-30,Lahore,35.0,78521.0,11.0,9.0,7138.272727272727,0
3688,2025-08-24,Islamabad,39.0,69894.0,10.0,63.0,6989.4,0
3689,2023-06-17,Islamabad,35.0,35693.0,6.0,14.0,5948.833333333333,1
3690,2024-02-06,Multan,25.0,41254.0,10.0,10.0,4125.4,1
3691,2024-09-18,Lahore,29.0,62323.0,10.0,7.0,6232.3,0
3692,2023-07-15,Lahore,29.0,45597.0,9.0,52.0,5066.333333333333,1
3693,2023-11-23,Karachi,25.0,43898.0,7.0,25.0,6271.142857142857,1
3694,2024-01-31,Lahore,36.0,102922.0,11.0,3.0,9356.545454545454,0
3695,2024-10-03,Karachi,37.0,64553.0,10.0,54.0,6455.3,0
3696,2023-11-05,Islamabad,42.0,35443.0,6.0,35.0,5907.166666666667,1
3697,2024-02-17,Lahore,25.0,48054.0,9.0,16.0,5339.333333333333,1
3698,2023-10-17,Karachi,28.0,61068.0,10.0,17.0,6106.8,0
3699,2025-01-29,Quetta,47.0,50002.0,8.0,3.0,6250.25,1
3700,2023-06-03,Karachi,32.0,30259.0,5.0,0.0,6051.8,1
3701,2023-08-19,Karachi,33.0,8002.0,3.0,143.0,2667.333333333333,1
3702,2023-09-07,Karachi,31.0,26853.0,7.0,56.0,3836.142857142857,1
3703,2025-06-24,Lahore,43.0,51745.0,8.0,9.0,6468.125,1
3704,2025-08-02,Lahore,44.0,55361.0,8.0,0.0,6920.125,0
3705,2024-05-15,Islamabad,43.0,77108.0,14.0,31.0,5507.714285714285,0
3706,2023-06-06,Karachi,33.0,68268.0,8.0,217.0,8533.5,1
3707,2025-01-26,Lahore,25.0,65377.0,9.0,100.0,7264.111111111111,0
3708,2024-05-07,Lahore,50.0,35472.0,7.0,6.0,5067.428571428572,1
3709,2025-04-29,Multan,41.0,31014.0,10.0,15.0,3101.4,1
3710,2023-12-26,Lahore,29.0,20651.0,4.0,146.0,5162.75,1
3711,2025-09-25,Islamabad,46.0,44604.0,7.0,74.0,6372.0,1
3712,2025-03-18,Karachi,28.0,49025.0,9.0,22.0,5447.222222222223,1
3713,2023-08-12,Karachi,46.0,53883.0,8.0,30.0,6735.375,1
3714,2024-12-26,Lahore,46.0,41055.0,6.0,86.0,6842.5,1
3715,2023-10-14,Lahore,25.0,21656.0,6.0,2.0,3609.3333333333335,1
3716,2023-12-16,Karachi,38.0,69266.0,7.0,32.0,9895.142857142857,0
3717,2023-09-08,Islamabad,40.0,38718.0,3.0,196.0,12906.0,1
3718,2024-11-13,Lahore,57.0,60716.0,10.0,55.0,6071.6,0
3719,2023-09-20,Karachi,26.0,42430.0,10.0,22.0,4243.0,1
3720,2024-09-30,Karachi,46.0,49335.0,6.0,84.0,8222.5,1
3721,2024-08-05,Lahore,33.0,31978.0,4.0,11.0,7994.5,1
3722,2025-01-20,Karachi,22.0,58830.0,11.0,70.0,5348.181818181818,0
3723,2025-09-20,Lahore,32.0,49718.0,8.0,78.0,6214.75,1
3724,2023-01-09,Karachi,33.0,57227.0,7.0,136.0,8175.285714285715,1
3725,2025-09-17,Lahore,23.0,62559.0,11.0,31.0,5687.181818181818,0
3726,2023-04-20,Karachi,36.0,48819.0,5.0,199.0,9763.8,1
3727,2024-06-10,Karachi,42.0,43650.0,8.0,0.0,5456.25,1
3728,2023-12-07,Karachi,35.0,9412.0,3.0,88.0,3137.333333333333,1
3729,2024-10-01,Karachi,28.0,39633.0,9.0,22.0,4403.666666666667,1
3730,2024-12-22,Multan,32.0,61681.0,7.0,35.0,8811.57142857143,0
3731,2025-05-09,Karachi,33.0,70637.0,10.0,9.0,7063.7,0
3732,2024-02-06,Multan,35.0,48413.0,8.0,85.0,6051.625,1
3733,2025-07-21,Lahore,43.0,10161.0,2.0,116.0,5080.5,1
3734,2023-11-19,Karachi,35.0,63700.0,5.0,100.0,12740.0,0
3735,2023-07-23,Lahore,20.0,28285.0,6.0,4.0,4714.166666666667,1
3736,2024-01-15,Karachi,28.0,93399.0,12.0,1.0,7783.25,0
3737,2024-06-12,Islamabad,34.0,57458.0,7.0,145.0,8208.285714285714,1
3738,2024-10-30,Multan,43.0,90362.0,10.0,7.0,9036.2,0
3739,2025-04-12,Karachi,45.0,89702.0,10.0,16.0,8970.2,0
3740,2023-08-13,Islamabad,49.0,75139.0,10.0,14.0,7513.9,0
3741,2023-10-31,Lahore,34.0,24146.0,3.0,98.0,8048.666666666667,1
3742,2025-07-27,Lahore,40.0,52404.0,6.0,98.0,8734.0,1
3743,2024-03-15,Islamabad,20.0,53150.0,8.0,85.0,6643.75,1
3744,2023-08-30,Lahore,37.0,68115.0,9.0,51.0,7568.333333333333,0
3745,2025-09-12,Lahore,23.0,62732.0,13.0,9.0,4825.538461538462,0
3746,2024-03-24,Quetta,32.0,32083.0,5.0,199.0,6416.6,1
3747,2025-09-12,Quetta,60.0,37763.0,8.0,17.0,4720.375,1
3748,2025-07-08,Islamabad,36.0,57285.0,12.0,7.0,4773.75,0
3749,2025-06-25,Karachi,25.0,54689.0,6.0,4.0,9114.833333333334,0
3750,2024-08-04,Multan,37.0,95400.0,12.0,53.0,7950.0,0
3751,2025-03-09,Lahore,28.0,63028.0,8.0,1.0,7878.5,0
3752,2025-08-18,Karachi,24.0,45517.0,4.0,13.0,11379.25,1
3753,2023-09-27,Karachi,52.0,64366.0,7.0,4.0,9195.142857142857,0
3754,2023-02-07,Multan,43.0,60392.0,6.0,38.0,10065.333333333334,0
3755,2023-11-17,Multan,36.0,21654.0,6.0,68.0,3609.0,1
3756,2024-09-28,Islamabad,29.0,41993.0,4.0,83.0,10498.25,1
3757,2024-07-01,Lahore,30.0,84765.0,11.0,16.0,7705.909090909091,0
3758,2023-03-22,Karachi,47.0,128835.0,14.0,14.0,9202.5,0
3759,2024-07-14,Lahore,36.0,88199.0,12.0,7.0,7349.916666666667,0
3760,2023-06-24,Multan,18.0,80286.0,10.0,22.0,8028.6,0
3761,2024-05-20,Lahore,55.0,115845.0,11.0,29.0,10531.363636363636,0
3762,2024-07-29,Lahore,35.0,76051.0,9.0,39.0,8450.111111111111,0
3763,2024-09-28,Islamabad,36.0,50447.0,7.0,77.0,7206.714285714285,1
3764,2024-02-17,Karachi,43.0,61545.0,9.0,51.0,6838.333333333333,0
3765,2024-02-13,Multan,37.0,44602.0,9.0,30.0,4955.777777777777,1
3766,2024-11-09,Lahore,40.0,23750.0,6.0,73.0,3958.3333333333335,1
3767,2025-01-19,Multan,29.0,44427.0,7.0,16.0,6346.714285714285,1
3768,2025-03-18,Lahore,22.0,83150.0,10.0,37.0,8315.0,0
3769,2023-11-30,Lahore,36.0,111158.0,13.0,13.0,8550.615384615385,0
3770,2024-02-29,Karachi,46.0,62434.0,7.0,24.0,8919.142857142857,0
3771,2023-11-27,Lahore,27.0,41946.0,6.0,31.0,6991.0,1
3772,2024-06-11,Karachi,26.0,92057.0,14.0,2.0,6575.5,0
3773,2023-05-08,Lahore,44.0,58884.0,11.0,6.0,5353.090909090909,0
3774,2024-03-06,Lahore,29.0,48054.0,10.0,82.0,4805.4,1
3775,2023-07-08,Islamabad,29.0,69784.0,10.0,31.0,6978.4,0
3776,2024-06-16,Lahore,30.0,31959.0,6.0,101.0,5326.5,1
3777,2025-04-30,Islamabad,32.0,20555.0,3.0,48.0,6851.666666666667,1
3778,2025-09-12,Islamabad,19.0,47856.0,7.0,28.0,6836.571428571428,1
3779,2024-03-22,Lahore,28.0,49574.0,6.0,79.0,8262.333333333334,1
3780,2023-02-26,Islamabad,35.0,54718.0,8.0,4.0,6839.75,0
3781,2023-08-16,Lahore,35.0,32191.0,5.0,95.0,6438.2,1
3782,2023-04-15,Karachi,43.0,91294.0,12.0,28.0,7607.833333333333,0
3783,2025-01-29,Lahore,50.0,34862.0,7.0,53.0,4980.285714285715,1
3784,2025-09-11,Multan,47.0,42761.0,7.0,3.0,6108.714285714285,1
3785,2024-07-07,Karachi,41.0,44368.0,8.0,4.0,5546.0,1
3786,2023-06-26,Karachi,32.0,39361.0,4.0,37.0,9840.25,1
3787,2023-01-22,Quetta,27.0,101744.0,11.0,5.0,9249.454545454546,0
3788,2025-09-03,Karachi,33.0,121980.0,12.0,15.0,10165.0,0
3789,2023-11-13,Multan,38.0,52641.0,6.0,37.0,8773.5,1
3790,2023-04-23,Islamabad,40.0,26883.0,6.0,91.0,4480.5,1
3791,2023-06-27,Quetta,39.0,22796.0,5.0,58.0,4559.2,1
3792,2023-09-13,Multan,32.0,79411.0,8.0,30.0,9926.375,0
3793,2024-10-17,Quetta,40.0,42425.0,7.0,4.0,6060.714285714285,1
3794,2025-06-10,Lahore,44.0,53172.0,8.0,28.0,6646.5,1
3795,2023-10-03,Islamabad,41.0,37749.0,6.0,73.0,6291.5,1
3796,2024-11-18,Multan,33.0,34390.0,11.0,33.0,3126.3636363636365,1
3797,2023-03-06,Islamabad,25.0,68818.0,9.0,11.0,7646.444444444444,0
3798,2023-01-11,Lahore,25.0,56031.0,5.0,47.0,11206.2,1
3799,2023-02-24,Quetta,27.0,111985.0,12.0,7.0,9332.083333333334,0
3800,2025-07-12,Lahore,35.0,113411.0,10.0,45.0,11341.1,0
3801,2024-08-04,Karachi,38.0,116424.0,10.0,28.0,11642.4,0
3802,2025-03-16,Karachi,20.0,62519.0,9.0,44.0,6946.555555555556,0
3803,2023-01-22,Lahore,28.0,51673.0,6.0,5.0,8612.166666666666,1
3804,2023-01-23,Islamabad,35.0,59379.0,8.0,32.0,7422.375,0
3805,2025-04-28,Lahore,25.0,64300.0,9.0,159.0,7144.444444444444,1
3806,2023-04-13,Islamabad,37.0,34852.0,4.0,77.0,8713.0,1
3807,2023-06-05,Multan,30.0,73990.0,10.0,51.0,7399.0,0
3808,2024-06-02,Karachi,26.0,68813.0,7.0,13.0,9830.42857142857,0
3809,2024-08-29,Islamabad,33.0,9000.0,4.0,17.0,2250.0,1
3810,2023-08-17,Lahore,37.0,78121.0,9.0,46.0,8680.111111111111,0
3811,2024-03-20,Multan,25.0,46052.0,10.0,18.0,4605.2,1
3812,2024-11-05,Quetta,31.0,47918.0,7.0,40.0,6845.428571428572,1
3813,2024-03-18,Lahore,37.0,62818.0,8.0,83.0,7852.25,1
3814,2024-01-18,Islamabad,26.0,49539.0,7.0,139.0,7077.0,1
3815,2023-03-13,Karachi,18.0,40151.0,6.0,98.0,6691.833333333333,1
3816,2024-03-27,Karachi,19.0,54974.0,7.0,16.0,7853.428571428572,1
3817,2025-03-13,Islamabad,29.0,52321.0,12.0,7.0,4360.083333333333,0
3818,2024-09-18,Karachi,21.0,94012.0,12.0,31.0,7834.333333333333,0
3819,2025-06-12,Islamabad,30.0,35668.0,5.0,94.0,7133.6,1
3820,2023-05-07,Lahore,48.0,96799.0,12.0,20.0,8066.583333333333,0
3821,2023-01-12,Karachi,21.0,37331.0,5.0,23.0,7466.2,1
3822,2024-07-02,Multan,30.0,70306.0,12.0,4.0,5858.833333333333,0
3823,2023-06-28,Lahore,52.0,49706.0,5.0,153.0,9941.2,1
3824,2024-08-16,Karachi,37.0,42752.0,8.0,2.0,5344.0,1
3825,2025-06-22,Lahore,30.0,86563.0,8.0,82.0,10820.375,0
3826,2023-12-04,Multan,32.0,14006.0,3.0,36.0,4668.666666666667,1
3827,2024-07-03,Karachi,37.0,34055.0,8.0,80.0,4256.875,1
3828,2024-11-12,Karachi,48.0,40326.0,6.0,159.0,6721.0,1
3829,2023-05-31,Lahore,28.0,37114.0,5.0,20.0,7422.8,1
3830,2025-06-16,Karachi,26.0,38307.0,7.0,16.0,5472.428571428572,1
3831,2023-07-22,Quetta,21.0,29447.0,4.0,230.0,7361.75,1
3832,2025-03-19,Karachi,34.0,41871.0,7.0,3.0,5981.571428571428,1
3833,2024-10-21,Karachi,20.0,40399.0,7.0,70.0,5771.285714285715,1
3834,2023-05-21,Islamabad,29.0,35777.0,5.0,58.0,7155.4,1
3835,2024-12-25,Karachi,25.0,36076.0,6.0,0.0,6012.666666666667,1
3836,2023-07-16,Karachi,43.0,91638.0,11.0,15.0,8330.727272727272,0
3837,2024-08-22,Karachi,28.0,28125.0,5.0,59.0,5625.0,1
3838,2025-08-17,Lahore,37.0,89525.0,11.0,11.0,8138.636363636364,0
3839,2025-08-11,Islamabad,19.0,87771.0,10.0,2.0,8777.1,0
3840,2025-05-21,Multan,34.0,90870.0,9.0,150.0,10096.666666666666,0
3841,2024-05-09,Multan,22.0,12433.0,4.0,10.0,3108.25,1
3842,2024-07-13,Multan,29.0,70126.0,11.0,5.0,6375.090909090909,0
3843,2023-10-28,Karachi,53.0,80727.0,10.0,2.0,8072.7,0
3844,2025-07-09,Lahore,41.0,70351.0,13.0,10.0,5411.615384615385,0
3845,2024-04-22,Islamabad,32.0,72986.0,9.0,20.0,8109.555555555556,0
3846,2025-02-10,Quetta,62.0,25795.0,4.0,133.0,6448.75,1
3847,2023-12-26,Islamabad,25.0,87274.0,12.0,26.0,7272.833333333333,0
3848,2025-01-10,Karachi,43.0,21979.0,7.0,112.0,3139.8571428571427,1
3849,2023-08-13,Islamabad,19.0,35250.0,4.0,19.0,8812.5,1
3850,2025-01-03,Islamabad,31.0,61364.0,9.0,29.0,6818.222222222223,0
3851,2023-02-15,Multan,21.0,27108.0,5.0,93.0,5421.6,1
3852,2023-04-15,Islamabad,35.0,30192.0,9.0,44.0,3354.6666666666665,1
3853,2023-12-19,Karachi,34.0,28658.0,4.0,0.0,7164.5,1
3854,2024-04-27,Lahore,30.0,48556.0,6.0,81.0,8092.666666666667,1
3855,2024-12-12,Karachi,43.0,15263.0,3.0,89.0,5087.666666666667,1
3856,2023-12-26,Karachi,28.0,38480.0,5.0,94.0,7696.0,1
3857,2023-01-19,Quetta,36.0,42976.0,9.0,14.0,4775.111111111111,1
3858,2023-11-22,Karachi,40.0,25861.0,4.0,85.0,6465.25,1
3859,2024-03-15,Karachi,20.0,49452.0,8.0,46.0,6181.5,1
3860,2024-06-27,Karachi,26.0,64335.0,7.0,13.0,9190.714285714286,0
3861,2024-10-06,Islamabad,33.0,86613.0,9.0,24.0,9623.666666666666,0
3862,2023-09-05,Karachi,39.0,34292.0,8.0,44.0,4286.5,1
3863,2024-09-02,Lahore,46.0,43020.0,5.0,79.0,8604.0,1
3864,2024-09-23,Multan,31.0,120348.0,13.0,67.0,9257.53846153846,0
3865,2025-02-15,Karachi,30.0,64243.0,10.0,82.0,6424.3,0
3866,2024-06-06,Karachi,25.0,95106.0,9.0,78.0,10567.333333333334,0
3867,2025-03-21,Lahore,36.0,96430.0,11.0,3.0,8766.363636363636,0
3868,2023-08-10,Karachi,30.0,87389.0,12.0,23.0,7282.416666666667,0
3869,2024-12-12,Islamabad,31.0,40467.0,7.0,57.0,5781.0,1
3870,2023-02-15,Multan,32.0,37234.0,8.0,34.0,4654.25,1
3871,2023-04-13,Lahore,38.0,51136.0,8.0,11.0,6392.0,1
3872,2025-05-14,Quetta,28.0,29649.0,5.0,61.0,5929.8,1
3873,2024-04-20,Islamabad,26.0,65185.0,7.0,123.0,9312.142857142857,1
3874,2024-09-12,Lahore,37.0,30151.0,7.0,24.0,4307.285714285715,1
3875,2024-08-26,Lahore,18.0,29959.0,4.0,52.0,7489.75,1
3876,2024-11-25,Lahore,28.0,9742.0,2.0,2.0,4871.0,1
3877,2023-09-03,Multan,23.0,27211.0,7.0,25.0,3887.285714285714,1
3878,2023-06-28,Lahore,44.0,68546.0,10.0,45.0,6854.6,0
3879,2023-02-12,Karachi,29.0,33129.0,7.0,188.0,4732.714285714285,1
3880,2025-05-14,Islamabad,28.0,59697.0,9.0,23.0,6633.0,0
3881,2023-08-12,Multan,33.0,50335.0,6.0,39.0,8389.166666666666,1
3882,2024-07-29,Islamabad,28.0,25747.0,4.0,56.0,6436.75,1
3883,2024-03-30,Islamabad,29.0,86760.0,13.0,24.0,6673.846153846154,0
3884,2023-06-12,Lahore,34.0,30333.0,6.0,29.0,5055.5,1
3885,2024-02-18,Multan,29.0,112445.0,10.0,25.0,11244.5,0
3886,2023-03-25,Lahore,29.0,93699.0,14.0,22.0,6692.785714285715,0
3887,2023-06-26,Lahore,24.0,36614.0,7.0,76.0,5230.571428571428,1
3888,2023-05-20,Quetta,23.0,57669.0,10.0,17.0,5766.9,0
3889,2025-04-04,Lahore,34.0,62118.0,7.0,78.0,8874.0,1
3890,2024-07-21,Lahore,36.0,75140.0,9.0,32.0,8348.888888888889,0
3891,2025-07-14,Islamabad,20.0,65595.0,9.0,65.0,7288.333333333333,0
3892,2024-03-11,Karachi,40.0,130432.0,13.0,42.0,10033.23076923077,0
3893,2023-07-21,Lahore,40.0,47143.0,7.0,16.0,6734.714285714285,1
3894,2024-08-31,Islamabad,42.0,45634.0,7.0,90.0,6519.142857142857,1
3895,2025-07-18,Islamabad,36.0,97906.0,11.0,13.0,8900.545454545454,0
3896,2024-06-16,Islamabad,39.0,36313.0,7.0,5.0,5187.571428571428,1
3897,2023-01-18,Lahore,53.0,83227.0,9.0,5.0,9247.444444444443,0
3898,2023-10-31,Karachi,30.0,110749.0,12.0,7.0,9229.083333333334,0
3899,2025-07-13,Multan,24.0,113769.0,12.0,36.0,9480.75,0
3900,2024-06-02,Lahore,19.0,77305.0,12.0,86.0,6442.083333333333,0
3901,2025-08-09,Lahore,49.0,78238.0,7.0,32.0,11176.857142857143,0
3902,2024-05-24,Lahore,49.0,99932.0,8.0,20.0,12491.5,0
3903,2023-01-13,Karachi,25.0,27028.0,7.0,63.0,3861.142857142857,1
3904,2025-05-23,Lahore,26.0,117868.0,11.0,12.0,10715.272727272728,0
3905,2025-02-02,Islamabad,30.0,80196.0,12.0,49.0,6683.0,0
3906,2024-12-16,Quetta,44.0,80856.0,8.0,16.0,10107.0,0
3907,2025-08-28,Lahore,21.0,32899.0,4.0,121.0,8224.75,1
3908,2023-07-16,Islamabad,18.0,57037.0,8.0,84.0,7129.625,1
3909,2025-06-24,Lahore,53.0,65088.0,12.0,30.0,5424.0,0
3910,2023-08-21,Lahore,36.0,88886.0,11.0,14.0,8080.545454545455,0
3911,2025-08-28,Islamabad,37.0,62152.0,7.0,0.0,8878.857142857143,0
3912,2023-07-11,Karachi,31.0,46518.0,8.0,11.0,5814.75,1
3913,2024-07-04,Quetta,37.0,87288.0,10.0,16.0,8728.8,0
3914,2025-02-28,Karachi,19.0,43359.0,9.0,32.0,4817.666666666667,1
3915,2023-03-20,Lahore,25.0,86074.0,12.0,11.0,7172.833333333333,0
3916,2023-03-08,Karachi,34.0,26656.0,5.0,11.0,5331.2,1
3917,2025-04-29,Lahore,18.0,27437.0,4.0,35.0,6859.25,1
3918,2023-03-02,Multan,30.0,26583.0,3.0,94.0,8861.0,1
3919,2024-09-05,Islamabad,30.0,93573.0,10.0,57.0,9357.3,0
3920,2025-07-27,Karachi,30.0,62048.0,7.0,34.0,8864.0,0
3921,2024-09-06,Karachi,28.0,35649.0,7.0,78.0,5092.714285714285,1
3922,2024-04-26,Islamabad,24.0,38057.0,7.0,16.0,5436.714285714285,1
3923,2024-02-22,Islamabad,18.0,30946.0,6.0,33.0,5157.666666666667,1
3924,2024-09-30,Lahore,34.0,76708.0,8.0,50.0,9588.5,0
3925,2024-07-25,Lahore,30.0,59966.0,8.0,23.0,7495.75,0
3926,2024-05-16,Lahore,21.0,21111.0,4.0,75.0,5277.75,1
3927,2023-06-03,Karachi,34.0,61678.0,13.0,42.0,4744.461538461538,0
3928,2024-10-24,Karachi,30.0,13420.0,4.0,44.0,3355.0,1
3929,2025-01-09,Lahore,29.0,54897.0,9.0,44.0,6099.666666666667,1
3930,2024-12-09,Karachi,18.0,42367.0,7.0,10.0,6052.428571428572,1
3931,2023-03-17,Karachi,39.0,39808.0,10.0,34.0,3980.8,1
3932,2024-12-03,Lahore,22.0,50573.0,7.0,22.0,7224.714285714285,1
3933,2024-12-30,Multan,34.0,89569.0,8.0,0.0,11196.125,0
3934,2023-07-03,Karachi,26.0,105887.0,9.0,0.0,11765.222222222224,0
3935,2025-04-28,Karachi,30.0,77044.0,11.0,19.0,7004.0,0
3936,2024-06-07,Karachi,43.0,68870.0,8.0,26.0,8608.75,0
3937,2024-04-17,Karachi,38.0,141443.0,17.0,8.0,8320.176470588236,0
3938,2024-12-23,Multan,43.0,54901.0,7.0,24.0,7843.0,1
3939,2024-05-24,Karachi,36.0,68879.0,10.0,23.0,6887.9,0
3940,2024-06-28,Karachi,37.0,50405.0,8.0,98.0,6300.625,1
3941,2023-11-09,Multan,18.0,59356.0,6.0,63.0,9892.666666666666,1
3942,2025-07-16,Multan,30.0,93531.0,6.0,60.0,15588.5,0
3943,2025-08-27,Multan,31.0,32511.0,7.0,54.0,4644.428571428572,1
3944,2023-05-11,Lahore,44.0,73497.0,9.0,26.0,8166.333333333333,0
3945,2025-01-03,Lahore,28.0,28871.0,4.0,11.0,7217.75,1
3946,2023-01-24,Islamabad,35.0,84677.0,7.0,94.0,12096.714285714286,0
3947,2024-01-04,Karachi,35.0,95200.0,8.0,7.0,11900.0,0
3948,2025-08-27,Islamabad,43.0,32194.0,4.0,157.0,8048.5,1
3949,2023-06-24,Islamabad,32.0,44235.0,7.0,0.0,6319.285714285715,1
3950,2024-01-12,Lahore,40.0,52146.0,11.0,6.0,4740.545454545455,0
3951,2023-08-08,Lahore,18.0,34206.0,7.0,105.0,4886.571428571428,1
3952,2024-12-29,Karachi,18.0,77169.0,10.0,11.0,7716.9,0
3953,2024-04-08,Lahore,18.0,10381.0,2.0,57.0,5190.5,1
3954,2024-08-16,Islamabad,40.0,87207.0,12.0,18.0,7267.25,0
3955,2025-07-31,Islamabad,39.0,43107.0,4.0,68.0,10776.75,1
3956,2024-06-05,Karachi,41.0,67521.0,11.0,72.0,6138.272727272727,0
3957,2025-01-04,Islamabad,27.0,33938.0,8.0,51.0,4242.25,1
3958,2023-04-08,Karachi,28.0,49480.0,9.0,133.0,5497.777777777777,1
3959,2023-08-04,Islamabad,32.0,51977.0,7.0,47.0,7425.285714285715,1
3960,2025-08-04,Lahore,46.0,41780.0,4.0,239.0,10445.0,1
3961,2025-05-09,Islamabad,48.0,13916.0,6.0,29.0,2319.333333333333,1
3962,2024-10-18,Islamabad,40.0,62782.0,9.0,5.0,6975.777777777777,0
3963,2024-01-14,Lahore,36.0,88345.0,6.0,58.0,14724.166666666666,0
3964,2023-07-19,Karachi,45.0,52317.0,6.0,118.0,8719.5,1
3965,2025-05-01,Multan,31.0,91221.0,12.0,19.0,7601.75,0
3966,2025-02-24,Lahore,29.0,72950.0,14.0,24.0,5210.714285714285,0
3967,2023-08-30,Islamabad,32.0,73861.0,12.0,2.0,6155.083333333333,0
3968,2024-08-12,Quetta,24.0,56798.0,5.0,107.0,11359.6,1
3969,2024-09-10,Multan,31.0,45663.0,10.0,54.0,4566.3,1
3970,2024-04-22,Karachi,23.0,45167.0,5.0,110.0,9033.4,1
3971,2025-07-15,Islamabad,42.0,104223.0,11.0,16.0,9474.818181818182,0
3972,2023-05-05,Quetta,38.0,51291.0,8.0,62.0,6411.375,1
3973,2023-09-15,Karachi,46.0,52388.0,5.0,48.0,10477.6,1
3974,2023-04-06,Lahore,18.0,44976.0,9.0,66.0,4997.333333333333,1
3975,2024-11-23,Lahore,50.0,42749.0,10.0,35.0,4274.9,1
3976,2024-10-06,Islamabad,19.0,68305.0,8.0,5.0,8538.125,0
3977,2025-09-14,Karachi,22.0,29473.0,5.0,60.0,5894.6,1
3978,2024-06-26,Lahore,27.0,81379.0,9.0,42.0,9042.111111111111,0
3979,2023-05-31,Karachi,45.0,44074.0,9.0,3.0,4897.111111111111,1
3980,2024-03-26,Islamabad,35.0,92238.0,12.0,51.0,7686.5,0
3981,2023-03-30,Karachi,31.0,80993.0,9.0,29.0,8999.222222222223,0
3982,2024-11-01,Multan,26.0,51962.0,7.0,97.0,7423.142857142857,1
3983,2024-11-05,Islamabad,21.0,23051.0,5.0,123.0,4610.2,1
3984,2025-05-07,Quetta,43.0,37225.0,6.0,121.0,6204.166666666667,1
3985,2023-12-06,Multan,40.0,91335.0,9.0,33.0,10148.333333333334,0
3986,2023-11-07,Lahore,45.0,55538.0,8.0,42.0,6942.25,1
3987,2023-03-13,Islamabad,37.0,43418.0,6.0,76.0,7236.333333333333,1
3988,2024-02-20,Lahore,18.0,44483.0,7.0,151.0,6354.714285714285,1
3989,2024-04-20,Quetta,22.0,65175.0,14.0,12.0,4655.357142857143,0
3990,2025-01-24,Lahore,37.0,40834.0,10.0,93.0,4083.4,1
3991,2025-01-23,Islamabad,30.0,67310.0,10.0,26.0,6731.0,0
3992,2023-05-21,Multan,28.0,67408.0,9.0,26.0,7489.777777777777,0
3993,2023-10-13,Lahore,23.0,41355.0,2.0,169.0,20677.5,1
3994,2024-05-26,Multan,42.0,100620.0,16.0,29.0,6288.75,0
3995,2023-12-02,Lahore,37.0,47332.0,8.0,15.0,5916.5,1
3996,2023-01-26,Karachi,38.0,66580.0,11.0,117.0,6052.727272727273,0
3997,2025-04-25,Karachi,27.0,40154.0,5.0,165.0,8030.8,1
3998,2025-01-01,Karachi,35.0,58496.0,8.0,4.0,7312.0,0
3999,2024-06-04,Karachi,21.0,79006.0,10.0,42.0,7900.6,0
4000,2023-11-14,Multan,32.0,113061.0,15.0,7.0,7537.4,0
4001,2025-04-22,Karachi,18.0,34127.0,8.0,47.0,4265.875,1
4002,2023-02-05,Karachi,19.0,32162.0,4.0,52.0,8040.5,1
4003,2024-03-22,Multan,30.0,49211.0,7.0,97.0,7030.142857142857,1
4004,2025-03-11,Islamabad,54.0,45055.0,10.0,46.0,4505.5,1
4005,2025-08-10,Lahore,18.0,42783.0,5.0,22.0,8556.6,1
4006,2023-09-09,Quetta,22.0,38767.0,7.0,8.0,5538.142857142857,1
4007,2024-10-12,Lahore,35.0,63089.0,7.0,192.0,9012.714285714286,1
4008,2023-07-09,Karachi,49.0,103369.0,10.0,100.0,10336.9,0
4009,2023-04-26,Karachi,35.0,40712.0,8.0,16.0,5089.0,1
4010,2023-12-20,Islamabad,39.0,69877.0,9.0,2.0,7764.111111111111,0
4011,2025-06-04,Lahore,30.0,67375.0,10.0,6.0,6737.5,0
4012,2024-11-20,Lahore,28.0,49393.0,9.0,45.0,5488.111111111111,1
4013,2024-05-04,Islamabad,34.0,40099.0,6.0,54.0,6683.166666666667,1
4014,2023-10-10,Lahore,27.0,44746.0,8.0,15.0,5593.25,1
4015,2023-05-22,Karachi,40.0,39232.0,6.0,18.0,6538.666666666667,1
4016,2023-09-28,Islamabad,19.0,77836.0,12.0,68.0,6486.333333333333,0
4017,2023-06-02,Islamabad,41.0,54334.0,10.0,91.0,5433.4,1
4018,2023-07-07,Lahore,33.0,70368.0,9.0,31.0,7818.666666666667,0
4019,2024-11-18,Karachi,31.0,84837.0,9.0,27.0,9426.333333333334,0
4020,2023-05-13,Quetta,18.0,65032.0,8.0,48.0,8129.0,0
4021,2023-02-17,Karachi,24.0,127760.0,12.0,61.0,10646.666666666666,0
4022,2024-06-26,Lahore,44.0,47831.0,5.0,51.0,9566.2,1
4023,2023-10-14,Lahore,31.0,65363.0,9.0,16.0,7262.555555555556,0
4024,2024-03-30,Karachi,36.0,50020.0,9.0,16.0,5557.777777777777,1
4025,2023-05-20,Quetta,25.0,75979.0,10.0,4.0,7597.9,0
4026,2023-07-29,Karachi,33.0,55253.0,9.0,32.0,6139.222222222223,0
4027,2024-03-17,Lahore,21.0,77627.0,11.0,122.0,7057.0,0
4028,2024-11-21,Karachi,34.0,48234.0,4.0,137.0,12058.5,1
4029,2024-02-19,Lahore,36.0,39430.0,6.0,16.0,6571.666666666667,1
4030,2024-06-25,Lahore,36.0,55617.0,8.0,2.0,6952.125,0
4031,2024-06-05,Quetta,25.0,48350.0,5.0,43.0,9670.0,1
4032,2023-09-26,Islamabad,30.0,24220.0,5.0,25.0,4844.0,1
4033,2023-10-07,Lahore,38.0,90480.0,12.0,53.0,7540.0,0
4034,2024-03-01,Karachi,31.0,55534.0,7.0,19.0,7933.428571428572,1
4035,2023-02-02,Lahore,30.0,32270.0,7.0,126.0,4610.0,1
4036,2024-11-16,Lahore,50.0,60822.0,9.0,46.0,6758.0,0
4037,2024-09-06,Karachi,24.0,60416.0,5.0,146.0,12083.2,1
4038,2023-11-03,Karachi,43.0,48736.0,10.0,109.0,4873.6,1
4039,2024-01-09,Islamabad,23.0,45750.0,7.0,0.0,6535.714285714285,1
4040,2023-11-25,Multan,39.0,93249.0,17.0,29.0,5485.235294117647,0
4041,2024-10-13,Lahore,39.0,97824.0,14.0,22.0,6987.428571428572,0
4042,2025-01-29,Quetta,28.0,73536.0,8.0,68.0,9192.0,0
4043,2023-04-19,Karachi,22.0,52838.0,9.0,18.0,5870.888888888889,1
4044,2024-02-18,Lahore,18.0,52254.0,4.0,168.0,13063.5,1
4045,2023-01-14,Multan,27.0,66852.0,9.0,24.0,7428.0,0
4046,2024-03-28,Lahore,38.0,89139.0,15.0,17.0,5942.6,0
4047,2023-09-06,Karachi,23.0,53456.0,7.0,5.0,7636.571428571428,1
4048,2023-12-02,Islamabad,34.0,79279.0,8.0,104.0,9909.875,0
4049,2024-04-01,Lahore,20.0,16572.0,3.0,267.0,5524.0,1
4050,2023-11-20,Multan,31.0,66071.0,6.0,13.0,11011.833333333334,0
4051,2024-01-30,Lahore,23.0,14285.0,4.0,8.0,3571.25,1
4052,2025-02-03,Multan,32.0,50419.0,7.0,23.0,7202.714285714285,1
4053,2025-03-21,Lahore,28.0,38317.0,5.0,89.0,7663.4,1
4054,2023-01-06,Lahore,22.0,79603.0,12.0,74.0,6633.583333333333,0
4055,2024-01-13,Karachi,27.0,37965.0,6.0,65.0,6327.5,1
4056,2025-04-26,Multan,25.0,48868.0,8.0,0.0,6108.5,1
4057,2024-06-14,Lahore,21.0,48429.0,7.0,111.0,6918.428571428572,1
4058,2023-07-25,Multan,43.0,87106.0,7.0,113.0,12443.714285714286,0
4059,2024-08-16,Lahore,30.0,37597.0,6.0,108.0,6266.166666666667,1
4060,2023-05-25,Karachi,18.0,104466.0,12.0,42.0,8705.5,0
4061,2023-01-22,Karachi,27.0,18862.0,5.0,5.0,3772.4,1
4062,2024-09-24,Lahore,41.0,71356.0,8.0,11.0,8919.5,0
4063,2024-05-30,Quetta,26.0,68922.0,9.0,72.0,7658.0,0
4064,2025-01-26,Karachi,46.0,78389.0,11.0,24.0,7126.272727272727,0
4065,2023-12-11,Islamabad,25.0,77658.0,9.0,16.0,8628.666666666666,0
4066,2025-05-04,Karachi,38.0,17077.0,5.0,87.0,3415.4,1
4067,2024-02-26,Karachi,42.0,22727.0,5.0,120.0,4545.4,1
4068,2025-01-08,Islamabad,37.0,38998.0,6.0,72.0,6499.666666666667,1
4069,2023-04-11,Multan,21.0,31896.0,6.0,83.0,5316.0,1
4070,2023-04-08,Islamabad,25.0,50780.0,7.0,23.0,7254.285714285715,1
4071,2025-02-21,Karachi,44.0,40048.0,9.0,1.0,4449.777777777777,1
4072,2025-04-13,Islamabad,26.0,80927.0,11.0,29.0,7357.0,0
4073,2025-07-31,Islamabad,42.0,100830.0,12.0,77.0,8402.5,0
4074,2023-11-21,Karachi,29.0,68136.0,10.0,8.0,6813.6,0
4075,2023-01-23,Islamabad,34.0,53126.0,10.0,17.0,5312.6,0
4076,2025-09-06,Karachi,21.0,78065.0,12.0,44.0,6505.416666666667,0
4077,2024-08-24,Islamabad,28.0,108120.0,11.0,25.0,9829.09090909091,0
4078,2023-09-05,Quetta,25.0,32991.0,6.0,23.0,5498.5,1
4079,2025-02-02,Quetta,35.0,83248.0,10.0,1.0,8324.8,0
4080,2025-06-22,Multan,34.0,64378.0,9.0,10.0,7153.111111111111,0
4081,2023-10-12,Islamabad,37.0,20461.0,4.0,15.0,5115.25,1
4082,2025-02-08,Islamabad,29.0,62168.0,10.0,95.0,6216.8,0
4083,2025-02-26,Lahore,25.0,55359.0,8.0,37.0,6919.875,1
4084,2024-05-16,Karachi,35.0,31750.0,6.0,21.0,5291.666666666667,1
4085,2024-09-24,Lahore,24.0,93444.0,13.0,15.0,7188.0,0
4086,2023-09-27,Lahore,43.0,115017.0,14.0,1.0,8215.5,0
4087,2025-07-18,Quetta,32.0,112376.0,12.0,55.0,9364.666666666666,0
4088,2025-09-10,Multan,30.0,41451.0,6.0,99.0,6908.5,1
4089,2025-09-08,Karachi,37.0,64659.0,8.0,36.0,8082.375,0
4090,2025-01-07,Lahore,32.0,83196.0,10.0,31.0,8319.6,0
4091,2023-02-12,Islamabad,18.0,52568.0,8.0,0.0,6571.0,0
4092,2024-01-02,Karachi,23.0,44605.0,6.0,14.0,7434.166666666667,1
4093,2024-03-20,Multan,43.0,62620.0,8.0,24.0,7827.5,0
4094,2025-08-17,Quetta,34.0,20082.0,4.0,59.0,5020.5,1
4095,2024-06-30,Karachi,18.0,55858.0,10.0,19.0,5585.8,0
4096,2024-06-20,Lahore,36.0,28564.0,4.0,133.0,7141.0,1
4097,2023-05-27,Lahore,28.0,67362.0,8.0,19.0,8420.25,0
4098,2025-03-04,Lahore,25.0,46053.0,6.0,11.0,7675.5,1
4099,2023-12-03,Karachi,23.0,127220.0,10.0,31.0,12722.0,0
4100,2023-04-02,Lahore,42.0,55150.0,7.0,94.0,7878.571428571428,1
4101,2025-09-14,Lahore,18.0,16716.0,4.0,52.0,4179.0,1
4102,2023-07-10,Lahore,25.0,48732.0,8.0,5.0,6091.5,1
4103,2023-01-17,Lahore,34.0,39821.0,6.0,24.0,6636.833333333333,1
4104,2023-03-19,Islamabad,47.0,50461.0,9.0,1.0,5606.777777777777,1
4105,2024-03-28,Lahore,38.0,40350.0,6.0,70.0,6725.0,1
4106,2023-04-13,Multan,25.0,28674.0,6.0,6.0,4779.0,1
4107,2025-04-22,Lahore,47.0,22947.0,3.0,50.0,7649.0,1
4108,2024-05-27,Lahore,21.0,65700.0,12.0,53.0,5475.0,0
4109,2023-11-20,Lahore,35.0,41171.0,8.0,22.0,5146.375,1
4110,2023-01-04,Islamabad,37.0,61838.0,8.0,52.0,7729.75,0
4111,2024-04-24,Lahore,25.0,55117.0,8.0,10.0,6889.625,0
4112,2023-06-01,Karachi,39.0,113340.0,12.0,14.0,9445.0,0
4113,2025-09-05,Lahore,28.0,27128.0,4.0,206.0,6782.0,1
4114,2023-10-19,Quetta,39.0,29194.0,7.0,13.0,4170.571428571428,1
4115,2024-04-19,Lahore,18.0,64588.0,9.0,18.0,7176.444444444444,0
4116,2023-01-19,Karachi,36.0,42430.0,6.0,68.0,7071.666666666667,1
4117,2023-05-11,Multan,29.0,62575.0,7.0,43.0,8939.285714285714,0
4118,2023-07-27,Lahore,43.0,60872.0,6.0,23.0,10145.333333333334,0
4119,2023-02-21,Lahore,33.0,16365.0,4.0,75.0,4091.25,1
4120,2024-12-26,Multan,44.0,43296.0,9.0,48.0,4810.666666666667,1
4121,2025-08-03,Lahore,38.0,94123.0,9.0,47.0,10458.111111111111,0
4122,2025-09-12,Lahore,32.0,105134.0,12.0,27.0,8761.166666666666,0
4123,2023-09-23,Karachi,40.0,68299.0,8.0,7.0,8537.375,0
4124,2025-02-27,Lahore,40.0,40379.0,4.0,28.0,10094.75,1
4125,2024-05-19,Multan,37.0,50419.0,7.0,44.0,7202.714285714285,1
4126,2023-02-15,Islamabad,18.0,47640.0,6.0,28.0,7940.0,1
4127,2023-04-01,Karachi,24.0,37736.0,5.0,10.0,7547.2,1
4128,2024-07-01,Lahore,45.0,29865.0,4.0,14.0,7466.25,1
4129,2024-02-28,Islamabad,22.0,56846.0,8.0,0.0,7105.75,0
4130,2023-01-09,Islamabad,41.0,19694.0,3.0,31.0,6564.666666666667,1
4131,2025-07-19,Lahore,39.0,36679.0,10.0,15.0,3667.9,1
4132,2024-12-31,Multan,26.0,83820.0,13.0,66.0,6447.692307692308,0
4133,2024-05-17,Karachi,18.0,48182.0,10.0,11.0,4818.2,1
4134,2025-09-13,Islamabad,28.0,40907.0,7.0,112.0,5843.857142857143,1
4135,2025-08-29,Lahore,52.0,51411.0,7.0,21.0,7344.428571428572,1
4136,2025-08-31,Lahore,25.0,89075.0,11.0,6.0,8097.727272727273,0
4137,2023-09-16,Islamabad,26.0,76923.0,8.0,15.0,9615.375,0
4138,2025-05-30,Islamabad,24.0,22704.0,5.0,74.0,4540.8,1
4139,2024-05-19,Karachi,44.0,52260.0,8.0,144.0,6532.5,1
4140,2024-12-27,Lahore,31.0,34954.0,8.0,9.0,4369.25,1
4141,2025-05-09,Multan,27.0,71602.0,13.0,39.0,5507.846153846154,0
4142,2023-06-13,Lahore,46.0,41000.0,9.0,33.0,4555.555555555556,1
4143,2024-03-24,Karachi,38.0,86015.0,10.0,46.0,8601.5,0
4144,2023-05-09,Islamabad,25.0,55167.0,9.0,113.0,6129.666666666667,1
4145,2023-10-07,Lahore,22.0,79371.0,15.0,27.0,5291.4,0
4146,2024-02-18,Lahore,43.0,92212.0,10.0,42.0,9221.2,0
4147,2025-05-05,Lahore,33.0,51367.0,8.0,8.0,6420.875,1
4148,2025-05-12,Multan,19.0,54966.0,7.0,69.0,7852.285714285715,1
4149,2024-01-25,Karachi,18.0,96285.0,12.0,39.0,8023.75,0
4150,2023-11-26,Islamabad,23.0,18707.0,5.0,21.0,3741.4,1
4151,2024-06-14,Quetta,22.0,42161.0,5.0,38.0,8432.2,1
4152,2025-06-30,Islamabad,18.0,60638.0,10.0,19.0,6063.8,0
4153,2025-09-03,Karachi,23.0,71219.0,7.0,92.0,10174.142857142857,0
4154,2023-08-15,Karachi,25.0,48666.0,8.0,7.0,6083.25,1
4155,2023-07-06,Karachi,29.0,81558.0,10.0,5.0,8155.8,0
4156,2024-12-07,Karachi,48.0,61480.0,8.0,10.0,7685.0,0
4157,2023-10-29,Quetta,31.0,65033.0,6.0,35.0,10838.833333333334,0
4158,2023-07-19,Islamabad,31.0,58846.0,8.0,29.0,7355.75,0
4159,2023-02-01,Karachi,38.0,51951.0,8.0,80.0,6493.875,1
4160,2024-02-08,Karachi,31.0,41215.0,7.0,23.0,5887.857142857143,1
4161,2024-01-27,Multan,37.0,55200.0,9.0,10.0,6133.333333333333,0
4162,2024-07-17,Lahore,36.0,85096.0,11.0,1.0,7736.0,0
4163,2023-07-20,Multan,34.0,50449.0,8.0,28.0,6306.125,1
4164,2024-12-15,Lahore,58.0,44816.0,8.0,88.0,5602.0,1
4165,2024-11-11,Islamabad,41.0,81633.0,8.0,14.0,10204.125,0
4166,2024-04-07,Multan,23.0,100954.0,12.0,115.0,8412.833333333334,0
4167,2023-07-01,Karachi,36.0,72391.0,8.0,2.0,9048.875,0
4168,2024-05-21,Lahore,26.0,43114.0,6.0,45.0,7185.666666666667,1
4169,2024-11-05,Multan,37.0,64873.0,10.0,46.0,6487.3,0
4170,2024-01-08,Karachi,21.0,64388.0,10.0,17.0,6438.8,0
4171,2023-09-21,Karachi,23.0,23112.0,6.0,119.0,3852.0,1
4172,2024-05-21,Karachi,36.0,25421.0,7.0,11.0,3631.571428571429,1
4173,2023-12-22,Karachi,42.0,44266.0,10.0,16.0,4426.6,1
4174,2024-02-05,Islamabad,38.0,65327.0,9.0,39.0,7258.555555555556,0
4175,2023-12-15,Lahore,41.0,12070.0,4.0,265.0,3017.5,1
4176,2023-10-31,Karachi,36.0,53963.0,8.0,60.0,6745.375,1
4177,2024-12-17,Multan,35.0,57111.0,6.0,27.0,9518.5,0
4178,2024-04-05,Lahore,28.0,73813.0,15.0,14.0,4920.866666666667,0
4179,2024-04-11,Karachi,40.0,79406.0,8.0,5.0,9925.75,0
4180,2024-10-15,Islamabad,42.0,47924.0,5.0,31.0,9584.8,1
4181,2023-12-28,Multan,32.0,106805.0,11.0,3.0,9709.545454545454,0
4182,2023-04-12,Karachi,32.0,46973.0,7.0,65.0,6710.428571428572,1
4183,2025-05-02,Multan,47.0,87303.0,11.0,28.0,7936.636363636364,0
4184,2023-02-25,Lahore,33.0,117504.0,11.0,34.0,10682.181818181818,0
4185,2024-07-25,Karachi,34.0,79637.0,11.0,15.0,7239.727272727273,0
4186,2023-09-23,Quetta,37.0,21117.0,3.0,20.0,7039.0,1
4187,2023-08-02,Multan,32.0,53669.0,11.0,56.0,4879.0,0
4188,2023-02-11,Karachi,26.0,92586.0,10.0,1.0,9258.6,0
4189,2025-06-19,Karachi,36.0,35209.0,9.0,66.0,3912.1111111111113,1
4190,2024-03-05,Karachi,33.0,58231.0,9.0,3.0,6470.111111111111,0
4191,2023-12-09,Lahore,50.0,34890.0,8.0,2.0,4361.25,1
4192,2025-01-11,Multan,40.0,57902.0,9.0,25.0,6433.555555555556,0
4193,2023-02-08,Multan,28.0,53909.0,9.0,1.0,5989.888888888889,0
4194,2024-07-18,Karachi,40.0,107401.0,12.0,2.0,8950.083333333334,0
4195,2024-05-09,Lahore,36.0,75081.0,10.0,24.0,7508.1,0
4196,2024-07-07,Karachi,45.0,32628.0,6.0,83.0,5438.0,1
4197,2023-05-04,Lahore,28.0,104667.0,14.0,1.0,7476.214285714285,0
4198,2025-08-10,Islamabad,35.0,38045.0,4.0,12.0,9511.25,1
4199,2023-08-27,Karachi,32.0,49096.0,6.0,43.0,8182.666666666667,1
4200,2024-11-09,Lahore,34.0,81191.0,10.0,14.0,8119.1,0
4201,2025-01-17,Islamabad,25.0,83316.0,9.0,36.0,9257.333333333334,0
4202,2023-12-10,Quetta,38.0,95432.0,17.0,1.0,5613.64705882353,0
4203,2023-05-11,Lahore,37.0,96778.0,9.0,56.0,10753.111111111111,0
4204,2023-10-24,Karachi,45.0,111530.0,8.0,27.0,13941.25,0
4205,2025-03-17,Karachi,33.0,79701.0,6.0,44.0,13283.5,0
4206,2025-06-25,Lahore,29.0,97396.0,11.0,42.0,8854.181818181818,0
4207,2025-07-25,Karachi,40.0,31632.0,7.0,51.0,4518.857142857143,1
4208,2023-08-15,Islamabad,26.0,51875.0,6.0,34.0,8645.833333333334,1
4209,2024-08-29,Lahore,43.0,71896.0,8.0,17.0,8987.0,0
4210,2023-06-01,Lahore,43.0,48392.0,7.0,5.0,6913.142857142857,1
4211,2024-12-11,Multan,44.0,48942.0,7.0,62.0,6991.714285714285,1
4212,2024-02-20,Karachi,36.0,90388.0,10.0,55.0,9038.8,0
4213,2024-12-14,Islamabad,29.0,17724.0,3.0,85.0,5908.0,1
4214,2024-11-16,Islamabad,34.0,39805.0,7.0,14.0,5686.428571428572,1
4215,2025-09-19,Multan,36.0,24131.0,7.0,57.0,3447.285714285714,1
4216,2024-05-03,Islamabad,28.0,31223.0,7.0,60.0,4460.428571428572,1
4217,2023-12-08,Multan,45.0,75772.0,8.0,2.0,9471.5,0
4218,2024-06-10,Islamabad,38.0,58554.0,10.0,37.0,5855.4,0
4219,2023-06-12,Karachi,25.0,40183.0,8.0,84.0,5022.875,1
4220,2023-04-22,Karachi,50.0,66903.0,8.0,2.0,8362.875,0
4221,2024-06-03,Karachi,34.0,53294.0,8.0,26.0,6661.75,1
4222,2025-04-05,Karachi,23.0,48827.0,8.0,14.0,6103.375,1
4223,2024-06-17,Lahore,26.0,99747.0,11.0,79.0,9067.90909090909,0
4224,2025-02-20,Karachi,46.0,30195.0,7.0,48.0,4313.571428571428,1
4225,2023-06-27,Karachi,49.0,3876.0,2.0,237.0,1938.0,1
4226,2024-03-25,Lahore,42.0,64792.0,8.0,81.0,8099.0,0
4227,2024-09-05,Lahore,45.0,57440.0,9.0,35.0,6382.222222222223,0
4228,2023-12-14,Islamabad,44.0,36850.0,6.0,66.0,6141.666666666667,1
4229,2023-01-15,Karachi,38.0,65744.0,10.0,18.0,6574.4,0
4230,2023-03-15,Multan,36.0,71718.0,8.0,54.0,8964.75,0
4231,2025-07-16,Karachi,38.0,60588.0,7.0,20.0,8655.42857142857,0
4232,2024-08-28,Multan,40.0,67443.0,9.0,56.0,7493.666666666667,0
4233,2023-09-22,Islamabad,26.0,50641.0,8.0,4.0,6330.125,1
4234,2023-09-16,Lahore,40.0,68979.0,11.0,129.0,6270.818181818182,0
4235,2023-02-09,Quetta,46.0,61630.0,11.0,0.0,5602.727272727273,0
4236,2025-08-02,Lahore,31.0,50699.0,8.0,109.0,6337.375,1
4237,2023-04-19,Karachi,30.0,49118.0,10.0,3.0,4911.8,0
4238,2025-01-29,Islamabad,37.0,69013.0,10.0,43.0,6901.3,0
4239,2023-08-29,Karachi,27.0,37620.0,4.0,178.0,9405.0,1
4240,2023-12-02,Karachi,21.0,46610.0,5.0,9.0,9322.0,1
4241,2023-10-01,Karachi,43.0,66711.0,10.0,15.0,6671.1,0
4242,2025-04-04,Lahore,29.0,36857.0,6.0,2.0,6142.833333333333,1
4243,2023-02-02,Lahore,33.0,34116.0,6.0,124.0,5686.0,1
4244,2023-12-19,Lahore,28.0,29852.0,4.0,21.0,7463.0,1
4245,2023-10-07,Lahore,44.0,43538.0,8.0,24.0,5442.25,1
4246,2023-09-30,Islamabad,41.0,55689.0,8.0,28.0,6961.125,1
4247,2023-07-12,Karachi,31.0,82935.0,11.0,46.0,7539.545454545455,0
4248,2025-07-01,Karachi,22.0,60134.0,8.0,103.0,7516.75,1
4249,2024-01-14,Islamabad,30.0,43030.0,7.0,14.0,6147.142857142857,1
4250,2024-02-23,Lahore,38.0,50577.0,4.0,14.0,12644.25,0
4251,2024-01-21,Lahore,35.0,64611.0,6.0,82.0,10768.5,0
4252,2025-09-07,Islamabad,34.0,34978.0,9.0,85.0,3886.444444444444,1
4253,2023-12-06,Multan,35.0,47661.0,8.0,31.0,5957.625,1
4254,2023-12-08,Karachi,40.0,20080.0,4.0,185.0,5020.0,1
4255,2023-11-24,Lahore,33.0,59158.0,8.0,1.0,7394.75,0
4256,2023-11-23,Islamabad,37.0,92642.0,12.0,15.0,7720.166666666667,0
4257,2023-03-31,Multan,24.0,43769.0,8.0,39.0,5471.125,1
4258,2024-08-27,Karachi,56.0,21589.0,5.0,55.0,4317.8,1
4259,2023-01-26,Lahore,30.0,49886.0,7.0,127.0,7126.571428571428,1
4260,2023-08-14,Lahore,35.0,64219.0,9.0,4.0,7135.444444444444,0
4261,2023-07-22,Karachi,38.0,35937.0,7.0,21.0,5133.857142857143,1
4262,2023-10-19,Multan,29.0,58648.0,6.0,28.0,9774.666666666666,0
4263,2025-01-26,Islamabad,33.0,43723.0,6.0,291.0,7287.166666666667,1
4264,2024-08-22,Karachi,33.0,48409.0,6.0,112.0,8068.166666666667,1
4265,2025-09-17,Islamabad,25.0,86988.0,10.0,1.0,8698.8,0
4266,2023-12-18,Multan,37.0,103333.0,11.0,41.0,9393.90909090909,0
4267,2025-07-17,Karachi,18.0,8233.0,2.0,126.0,4116.5,1
4268,2023-02-14,Multan,49.0,72479.0,5.0,114.0,14495.8,0
4269,2024-05-19,Karachi,40.0,51783.0,7.0,63.0,7397.571428571428,1
4270,2025-03-09,Karachi,39.0,24489.0,6.0,35.0,4081.5,1
4271,2024-06-15,Karachi,18.0,97490.0,9.0,19.0,10832.222222222224,0
4272,2025-07-22,Karachi,26.0,65633.0,9.0,19.0,7292.555555555556,0
4273,2023-11-11,Quetta,46.0,35629.0,3.0,130.0,11876.333333333334,1
4274,2023-02-03,Karachi,70.0,62166.0,11.0,33.0,5651.454545454545,0
4275,2025-02-12,Karachi,44.0,10345.0,4.0,153.0,2586.25,1
4276,2023-03-10,Karachi,42.0,38906.0,7.0,27.0,5558.0,1
4277,2025-02-03,Karachi,38.0,82836.0,10.0,23.0,8283.6,0
4278,2025-01-03,Karachi,25.0,38640.0,7.0,10.0,5520.0,1
4279,2025-04-24,Islamabad,42.0,82644.0,12.0,1.0,6887.0,0
4280,2024-04-23,Karachi,23.0,73743.0,12.0,22.0,6145.25,0
4281,2025-06-14,Karachi,22.0,28188.0,2.0,35.0,14094.0,1
4282,2023-06-19,Islamabad,22.0,15290.0,2.0,159.0,7645.0,1
4283,2024-03-10,Lahore,42.0,59452.0,10.0,45.0,5945.2,0
4284,2023-05-02,Islamabad,32.0,34943.0,5.0,192.0,6988.6,1
4285,2025-02-05,Karachi,34.0,28022.0,7.0,1.0,4003.142857142857,1
4286,2024-12-15,Karachi,33.0,68921.0,11.0,12.0,6265.545454545455,0
4287,2025-03-17,Islamabad,23.0,83584.0,9.0,6.0,9287.111111111111,0
4288,2025-02-03,Islamabad,27.0,65458.0,9.0,50.0,7273.111111111111,0
4289,2023-11-05,Multan,27.0,65074.0,10.0,85.0,6507.4,0
4290,2023-03-10,Karachi,20.0,48192.0,8.0,41.0,6024.0,1
4291,2025-07-18,Karachi,28.0,44464.0,8.0,68.0,5558.0,1
4292,2024-05-07,Islamabad,23.0,81190.0,10.0,102.0,8119.0,0
4293,2023-04-05,Karachi,38.0,33816.0,3.0,75.0,11272.0,1
4294,2025-07-16,Islamabad,39.0,74531.0,11.0,5.0,6775.545454545455,0
4295,2025-09-21,Karachi,21.0,17496.0,3.0,58.0,5832.0,1
4296,2024-03-21,Islamabad,30.0,121445.0,10.0,5.0,12144.5,0
4297,2025-02-09,Lahore,50.0,76344.0,7.0,67.0,10906.285714285714,0
4298,2023-02-06,Karachi,24.0,93071.0,14.0,23.0,6647.928571428572,0
4299,2023-04-04,Lahore,37.0,56719.0,8.0,12.0,7089.875,0
4300,2023-10-04,Karachi,34.0,71714.0,9.0,14.0,7968.222222222223,0
4301,2024-10-18,Islamabad,43.0,51636.0,11.0,58.0,4694.181818181818,1
4302,2023-05-14,Karachi,36.0,40647.0,3.0,80.0,13549.0,1
4303,2023-02-04,Karachi,29.0,32271.0,5.0,46.0,6454.2,1
4304,2024-10-30,Multan,34.0,54563.0,9.0,10.0,6062.555555555556,0
4305,2025-02-09,Islamabad,34.0,25877.0,7.0,9.0,3696.714285714286,1
4306,2025-01-09,Karachi,32.0,32013.0,8.0,24.0,4001.625,1
4307,2025-03-10,Quetta,21.0,63417.0,8.0,18.0,7927.125,0
4308,2025-03-13,Karachi,44.0,52641.0,8.0,146.0,6580.125,1
4309,2024-08-25,Islamabad,43.0,11898.0,4.0,53.0,2974.5,1
4310,2024-06-03,Lahore,24.0,9190.0,4.0,124.0,2297.5,1
4311,2025-05-06,Lahore,30.0,93594.0,9.0,30.0,10399.333333333334,0
4312,2023-12-15,Karachi,31.0,33382.0,5.0,42.0,6676.4,1
4313,2023-04-08,Lahore,23.0,30692.0,5.0,156.0,6138.4,1
4314,2025-01-21,Karachi,18.0,104686.0,13.0,23.0,8052.7692307692305,0
4315,2023-10-03,Lahore,27.0,97221.0,7.0,36.0,13888.714285714286,0
4316,2025-09-05,Islamabad,30.0,80865.0,8.0,60.0,10108.125,0
4317,2024-02-19,Lahore,20.0,29829.0,7.0,21.0,4261.285714285715,1
4318,2025-05-01,Lahore,35.0,112149.0,12.0,11.0,9345.75,0
4319,2023-02-12,Quetta,43.0,72577.0,11.0,78.0,6597.909090909091,0
4320,2024-10-21,Islamabad,41.0,26200.0,5.0,112.0,5240.0,1
4321,2024-03-24,Quetta,32.0,96239.0,17.0,16.0,5661.117647058823,0
4322,2024-04-07,Karachi,18.0,18335.0,2.0,167.0,9167.5,1
4323,2023-09-23,Lahore,39.0,37484.0,5.0,77.0,7496.8,1
4324,2025-08-29,Karachi,34.0,13995.0,4.0,59.0,3498.75,1
4325,2024-01-28,Karachi,37.0,40948.0,6.0,2.0,6824.666666666667,1
4326,2025-04-30,Lahore,50.0,38072.0,7.0,15.0,5438.857142857143,1
4327,2024-03-01,Multan,26.0,43453.0,7.0,125.0,6207.571428571428,1
4328,2023-02-18,Islamabad,18.0,64402.0,7.0,41.0,9200.285714285714,0
4329,2025-05-29,Islamabad,24.0,78056.0,11.0,2.0,7096.0,0
4330,2023-07-05,Karachi,37.0,20273.0,5.0,17.0,4054.6,1
4331,2023-09-28,Islamabad,33.0,86701.0,9.0,4.0,9633.444444444443,0
4332,2025-05-11,Lahore,22.0,32679.0,4.0,18.0,8169.75,1
4333,2025-06-12,Quetta,20.0,59429.0,10.0,41.0,5942.9,0
4334,2025-07-05,Karachi,30.0,60259.0,10.0,0.0,6025.9,0
4335,2024-03-01,Lahore,22.0,79367.0,10.0,9.0,7936.7,0
4336,2025-01-26,Lahore,38.0,59955.0,7.0,26.0,8565.0,0
4337,2023-11-24,Islamabad,29.0,56885.0,10.0,18.0,5688.5,0
4338,2025-01-10,Quetta,27.0,58261.0,8.0,41.0,7282.625,0
4339,2024-05-17,Multan,26.0,82657.0,13.0,29.0,6358.2307692307695,0
4340,2023-02-21,Islamabad,35.0,82317.0,14.0,13.0,5879.785714285715,0
4341,2024-02-22,Quetta,33.0,27356.0,7.0,25.0,3908.0,1
4342,2024-04-12,Islamabad,35.0,61371.0,8.0,27.0,7671.375,0
4343,2023-09-15,Karachi,35.0,24068.0,5.0,8.0,4813.6,1
4344,2024-01-10,Islamabad,32.0,60129.0,10.0,43.0,6012.9,0
4345,2024-05-17,Lahore,24.0,27529.0,7.0,39.0,3932.714285714286,1
4346,2023-02-19,Lahore,26.0,44186.0,5.0,68.0,8837.2,1
4347,2023-06-01,Karachi,29.0,16119.0,4.0,129.0,4029.75,1
4348,2025-02-05,Lahore,52.0,78777.0,7.0,125.0,11253.857142857143,0
4349,2023-12-18,Quetta,21.0,33573.0,7.0,4.0,4796.142857142857,1
4350,2024-08-31,Quetta,29.0,17842.0,4.0,1.0,4460.5,1
4351,2024-07-19,Karachi,34.0,86040.0,7.0,39.0,12291.42857142857,0
4352,2024-07-05,Islamabad,30.0,121968.0,14.0,7.0,8712.0,0
4353,2024-02-18,Karachi,43.0,68478.0,11.0,5.0,6225.272727272727,0
4354,2024-04-28,Lahore,30.0,93311.0,14.0,36.0,6665.071428571428,0
4355,2025-04-03,Karachi,31.0,35750.0,7.0,17.0,5107.142857142857,1
4356,2025-08-23,Lahore,40.0,49864.0,8.0,43.0,6233.0,1
4357,2023-09-14,Karachi,49.0,93011.0,12.0,37.0,7750.916666666667,0
4358,2024-10-31,Lahore,46.0,45813.0,6.0,110.0,7635.5,1
4359,2025-08-27,Lahore,32.0,28680.0,4.0,15.0,7170.0,1
4360,2023-01-08,Lahore,33.0,34795.0,3.0,112.0,11598.333333333334,1
4361,2025-02-23,Multan,33.0,92879.0,12.0,19.0,7739.916666666667,0
4362,2024-05-11,Lahore,34.0,46469.0,11.0,39.0,4224.454545454545,1
4363,2025-08-25,Karachi,25.0,65793.0,6.0,52.0,10965.5,0
4364,2024-08-01,Karachi,41.0,48715.0,5.0,43.0,9743.0,1
4365,2025-04-18,Karachi,35.0,69550.0,11.0,14.0,6322.727272727273,0
4366,2023-06-16,Karachi,33.0,67175.0,11.0,1.0,6106.818181818182,0
4367,2023-05-23,Lahore,22.0,26658.0,7.0,39.0,3808.285714285714,1
4368,2025-07-15,Islamabad,34.0,36530.0,6.0,18.0,6088.333333333333,1
4369,2024-06-10,Karachi,18.0,84636.0,9.0,2.0,9404.0,0
4370,2024-07-12,Islamabad,28.0,54252.0,6.0,218.0,9042.0,1
4371,2023-06-19,Karachi,28.0,57931.0,7.0,72.0,8275.857142857143,1
4372,2023-08-15,Karachi,36.0,47121.0,8.0,10.0,5890.125,1
4373,2025-03-29,Karachi,50.0,15929.0,4.0,50.0,3982.25,1
4374,2023-10-31,Lahore,38.0,66499.0,7.0,54.0,9499.857142857143,0
4375,2024-08-07,Karachi,46.0,39337.0,8.0,81.0,4917.125,1
4376,2023-11-13,Lahore,39.0,82088.0,12.0,20.0,6840.666666666667,0
4377,2023-09-21,Karachi,43.0,73228.0,10.0,2.0,7322.8,0
4378,2023-06-16,Islamabad,50.0,44171.0,5.0,50.0,8834.2,1
4379,2025-07-18,Lahore,26.0,40118.0,8.0,8.0,5014.75,1
4380,2025-07-29,Lahore,26.0,90822.0,11.0,16.0,8256.545454545454,0
4381,2023-04-26,Islamabad,39.0,54677.0,8.0,4.0,6834.625,0
4382,2023-12-20,Karachi,33.0,14043.0,3.0,101.0,4681.0,1
4383,2024-07-17,Multan,35.0,101901.0,9.0,34.0,11322.333333333334,0
4384,2024-01-19,Quetta,31.0,71406.0,7.0,2.0,10200.857142857143,0
4385,2024-12-22,Quetta,28.0,41057.0,6.0,97.0,6842.833333333333,1
4386,2023-09-18,Karachi,48.0,43461.0,7.0,29.0,6208.714285714285,1
4387,2023-02-28,Lahore,23.0,78249.0,9.0,28.0,8694.333333333334,0
4388,2023-12-03,Islamabad,39.0,69566.0,8.0,24.0,8695.75,0
4389,2024-08-20,Islamabad,38.0,101604.0,12.0,26.0,8467.0,0
4390,2023-06-30,Islamabad,19.0,59556.0,9.0,20.0,6617.333333333333,0
4391,2025-03-26,Karachi,26.0,68607.0,8.0,43.0,8575.875,0
4392,2023-01-13,Lahore,27.0,46406.0,8.0,4.0,5800.75,1
4393,2023-03-09,Lahore,38.0,40228.0,7.0,20.0,5746.857142857143,1
4394,2024-05-23,Lahore,30.0,109341.0,13.0,52.0,8410.846153846154,0
4395,2024-05-27,Lahore,32.0,65223.0,10.0,54.0,6522.3,0
4396,2023-10-22,Quetta,20.0,74824.0,9.0,10.0,8313.777777777777,0
4397,2023-09-16,Lahore,54.0,80140.0,12.0,3.0,6678.333333333333,0
4398,2023-03-11,Islamabad,34.0,45479.0,6.0,19.0,7579.833333333333,1
4399,2024-10-24,Quetta,37.0,137541.0,15.0,25.0,9169.4,0
4400,2024-01-15,Karachi,28.0,68565.0,9.0,54.0,7618.333333333333,0
4401,2023-04-29,Karachi,27.0,88290.0,12.0,26.0,7357.5,0
4402,2024-02-04,Islamabad,50.0,109424.0,13.0,14.0,8417.23076923077,0
4403,2025-07-26,Karachi,18.0,107343.0,12.0,2.0,8945.25,0
4404,2023-09-19,Karachi,36.0,43464.0,8.0,53.0,5433.0,1
4405,2025-06-13,Multan,22.0,19409.0,5.0,37.0,3881.8,1
4406,2023-09-16,Islamabad,29.0,36581.0,6.0,86.0,6096.833333333333,1
4407,2023-07-05,Multan,27.0,58889.0,6.0,178.0,9814.833333333334,1
4408,2023-09-18,Quetta,24.0,59392.0,8.0,94.0,7424.0,1
4409,2023-11-20,Karachi,33.0,60761.0,11.0,0.0,5523.727272727273,0
4410,2023-05-01,Islamabad,18.0,50894.0,6.0,32.0,8482.333333333334,1
4411,2024-08-10,Islamabad,30.0,33189.0,5.0,96.0,6637.8,1
4412,2023-11-30,Islamabad,32.0,57860.0,8.0,4.0,7232.5,0
4413,2024-12-19,Islamabad,21.0,44525.0,8.0,8.0,5565.625,1
4414,2024-05-05,Islamabad,47.0,23118.0,5.0,8.0,4623.6,1
4415,2024-03-18,Multan,28.0,31703.0,5.0,54.0,6340.6,1
4416,2024-04-15,Karachi,31.0,15595.0,5.0,86.0,3119.0,1
4417,2023-06-06,Islamabad,28.0,91808.0,10.0,38.0,9180.8,0
4418,2024-12-13,Lahore,32.0,79755.0,9.0,22.0,8861.666666666666,0
4419,2023-04-15,Karachi,45.0,64838.0,8.0,26.0,8104.75,0
4420,2024-12-22,Islamabad,55.0,56240.0,7.0,67.0,8034.285714285715,1
4421,2025-09-26,Islamabad,40.0,41846.0,6.0,29.0,6974.333333333333,1
4422,2025-02-02,Karachi,43.0,59505.0,7.0,54.0,8500.714285714286,1
4423,2024-03-31,Karachi,48.0,64214.0,9.0,37.0,7134.888888888889,0
4424,2023-11-11,Karachi,35.0,23503.0,5.0,50.0,4700.6,1
4425,2025-05-22,Lahore,47.0,47521.0,9.0,4.0,5280.111111111111,1
4426,2023-09-15,Lahore,40.0,41355.0,7.0,30.0,5907.857142857143,1
4427,2024-04-27,Multan,34.0,33487.0,7.0,33.0,4783.857142857143,1
4428,2025-02-09,Karachi,36.0,129564.0,11.0,24.0,11778.545454545454,0
4429,2025-07-11,Quetta,18.0,86192.0,14.0,3.0,6156.571428571428,0
4430,2025-07-09,Lahore,36.0,65677.0,6.0,4.0,10946.166666666666,0
4431,2023-03-29,Islamabad,19.0,53831.0,8.0,52.0,6728.875,1
4432,2025-06-17,Karachi,18.0,31135.0,5.0,25.0,6227.0,1
4433,2023-04-25,Islamabad,35.0,39917.0,8.0,5.0,4989.625,1
4434,2024-08-07,Islamabad,23.0,22606.0,6.0,8.0,3767.6666666666665,1
4435,2025-07-18,Islamabad,33.0,67867.0,8.0,42.0,8483.375,0
4436,2024-10-16,Multan,34.0,37967.0,7.0,52.0,5423.857142857143,1
4437,2025-08-05,Karachi,35.0,49150.0,5.0,3.0,9830.0,1
4438,2023-12-11,Lahore,25.0,75578.0,11.0,42.0,6870.727272727273,0
4439,2023-11-11,Lahore,41.0,46894.0,9.0,2.0,5210.444444444444,1
4440,2023-11-23,Islamabad,32.0,86266.0,14.0,29.0,6161.857142857143,0
4441,2023-12-22,Karachi,37.0,84526.0,8.0,10.0,10565.75,0
4442,2024-11-13,Karachi,22.0,67231.0,7.0,18.0,9604.42857142857,0
4443,2024-03-28,Karachi,31.0,25323.0,8.0,3.0,3165.375,1
4444,2025-01-07,Karachi,43.0,54876.0,9.0,37.0,6097.333333333333,1
4445,2024-02-21,Islamabad,42.0,49768.0,8.0,67.0,6221.0,1
4446,2023-11-04,Islamabad,26.0,58090.0,8.0,58.0,7261.25,1
4447,2023-07-10,Islamabad,28.0,93271.0,11.0,31.0,8479.181818181818,0
4448,2024-07-05,Islamabad,24.0,42214.0,6.0,28.0,7035.666666666667,1
4449,2025-06-17,Multan,27.0,49221.0,8.0,12.0,6152.625,1
4450,2025-05-08,Karachi,20.0,51585.0,5.0,13.0,10317.0,1
4451,2023-09-11,Quetta,32.0,72337.0,9.0,4.0,8037.444444444444,0
4452,2024-04-22,Lahore,39.0,47847.0,8.0,38.0,5980.875,1
4453,2024-12-06,Islamabad,26.0,70967.0,9.0,92.0,7885.222222222223,0
4454,2024-09-04,Islamabad,32.0,60911.0,7.0,0.0,8701.57142857143,0
4455,2023-03-09,Karachi,31.0,49999.0,7.0,2.0,7142.714285714285,1
4456,2024-08-14,Lahore,42.0,70452.0,8.0,108.0,8806.5,0
4457,2023-02-08,Karachi,27.0,76082.0,9.0,4.0,8453.555555555555,0
4458,2023-04-27,Karachi,28.0,82712.0,9.0,21.0,9190.222222222224,0
4459,2024-10-15,Multan,25.0,133167.0,14.0,10.0,9511.92857142857,0
4460,2023-04-13,Karachi,23.0,40880.0,5.0,54.0,8176.0,1
4461,2023-12-06,Lahore,38.0,102105.0,9.0,21.0,11345.0,0
4462,2024-08-11,Karachi,32.0,61697.0,10.0,12.0,6169.7,0
4463,2024-10-17,Karachi,33.0,100186.0,9.0,25.0,11131.777777777776,0
4464,2024-03-21,Lahore,44.0,56706.0,10.0,0.0,5670.6,0
4465,2023-04-05,Karachi,45.0,57054.0,10.0,29.0,5705.4,0
4466,2025-03-10,Karachi,18.0,53287.0,8.0,2.0,6660.875,0
4467,2025-08-07,Lahore,39.0,74337.0,11.0,0.0,6757.909090909091,0
4468,2025-06-07,Karachi,35.0,96688.0,10.0,1.0,9668.8,0
4469,2025-01-18,Karachi,29.0,77230.0,6.0,100.0,12871.666666666666,0
4470,2024-02-07,Islamabad,36.0,48679.0,5.0,41.0,9735.8,1
4471,2025-05-26,Karachi,18.0,66270.0,8.0,14.0,8283.75,0
4472,2024-05-03,Lahore,46.0,68631.0,13.0,0.0,5279.307692307692,0
4473,2023-05-17,Quetta,38.0,55138.0,7.0,115.0,7876.857142857143,1
4474,2025-04-30,Karachi,25.0,39295.0,7.0,148.0,5613.571428571428,1
4475,2023-11-17,Lahore,28.0,49481.0,6.0,28.0,8246.833333333334,1
4476,2025-07-27,Multan,18.0,53463.0,9.0,53.0,5940.333333333333,1
4477,2024-01-04,Lahore,30.0,41016.0,8.0,21.0,5127.0,1
4478,2025-05-19,Islamabad,29.0,98473.0,15.0,13.0,6564.866666666667,0
4479,2024-06-21,Islamabad,21.0,46685.0,9.0,24.0,5187.222222222223,1
4480,2024-04-12,Quetta,40.0,7958.0,2.0,143.0,3979.0,1
4481,2023-10-24,Quetta,44.0,67134.0,11.0,13.0,6103.090909090909,0
4482,2025-04-15,Lahore,33.0,22040.0,4.0,25.0,5510.0,1
4483,2023-03-02,Islamabad,30.0,39587.0,6.0,0.0,6597.833333333333,1
4484,2024-04-13,Karachi,37.0,80171.0,9.0,32.0,8907.888888888889,0
4485,2024-01-04,Islamabad,33.0,33265.0,4.0,295.0,8316.25,1
4486,2024-06-27,Karachi,23.0,88579.0,11.0,46.0,8052.636363636364,0
4487,2023-09-12,Lahore,27.0,25704.0,6.0,22.0,4284.0,1
4488,2024-10-26,Lahore,30.0,45341.0,5.0,158.0,9068.2,1
4489,2024-01-21,Lahore,35.0,62003.0,5.0,43.0,12400.6,0
4490,2023-07-08,Lahore,33.0,65370.0,12.0,20.0,5447.5,0
4491,2023-07-16,Lahore,35.0,11659.0,3.0,109.0,3886.3333333333335,1
4492,2024-11-27,Multan,19.0,47809.0,8.0,16.0,5976.125,1
4493,2023-09-19,Karachi,39.0,13933.0,4.0,118.0,3483.25,1
4494,2023-11-04,Islamabad,33.0,61600.0,8.0,104.0,7700.0,1
4495,2024-09-18,Multan,56.0,69023.0,8.0,33.0,8627.875,0
4496,2023-11-26,Islamabad,30.0,17379.0,5.0,40.0,3475.8,1
4497,2024-01-24,Karachi,36.0,33202.0,7.0,86.0,4743.142857142857,1
4498,2023-09-02,Multan,58.0,66930.0,7.0,115.0,9561.42857142857,1
4499,2023-12-12,Islamabad,35.0,54135.0,8.0,149.0,6766.875,1
4500,2024-11-23,Islamabad,32.0,77634.0,8.0,13.0,9704.25,0
4501,2024-06-17,Multan,24.0,115211.0,10.0,20.0,11521.1,0
4502,2025-09-24,Karachi,47.0,86206.0,7.0,7.0,12315.142857142857,0
4503,2025-02-10,Karachi,23.0,83653.0,9.0,45.0,9294.777777777776,0
4504,2023-01-17,Multan,37.0,53007.0,7.0,20.0,7572.428571428572,1
4505,2024-01-14,Karachi,29.0,90466.0,9.0,3.0,10051.777777777776,0
4506,2023-10-17,Multan,31.0,30545.0,8.0,5.0,3818.125,1
4507,2024-08-10,Lahore,20.0,80433.0,13.0,19.0,6187.153846153846,0
4508,2023-09-23,Lahore,45.0,65607.0,12.0,26.0,5467.25,0
4509,2025-08-24,Karachi,30.0,47438.0,7.0,11.0,6776.857142857143,1
4510,2023-10-27,Lahore,22.0,41027.0,7.0,18.0,5861.0,1
4511,2024-06-05,Quetta,44.0,31224.0,10.0,102.0,3122.4,1
4512,2023-05-03,Lahore,28.0,58704.0,7.0,37.0,8386.285714285714,0
4513,2025-06-28,Islamabad,36.0,59916.0,8.0,26.0,7489.5,0
4514,2025-06-30,Lahore,41.0,58854.0,7.0,34.0,8407.714285714286,0
4515,2025-03-04,Quetta,37.0,75198.0,6.0,51.0,12533.0,0
4516,2023-12-18,Karachi,18.0,49734.0,8.0,3.0,6216.75,1
4517,2023-02-28,Lahore,39.0,42306.0,7.0,58.0,6043.714285714285,1
4518,2024-12-11,Lahore,32.0,66545.0,9.0,13.0,7393.888888888889,0
4519,2024-03-05,Karachi,30.0,38424.0,4.0,70.0,9606.0,1
4520,2025-09-17,Quetta,32.0,109462.0,14.0,11.0,7818.714285714285,0
4521,2024-11-29,Quetta,19.0,44309.0,5.0,61.0,8861.8,1
4522,2024-06-22,Karachi,35.0,49232.0,5.0,23.0,9846.4,1
4523,2025-09-13,Karachi,21.0,71941.0,8.0,120.0,8992.625,0
4524,2025-03-11,Lahore,30.0,37363.0,8.0,14.0,4670.375,1
4525,2024-04-03,Karachi,34.0,32797.0,8.0,51.0,4099.625,1
4526,2023-01-19,Karachi,43.0,71428.0,9.0,29.0,7936.444444444444,0
4527,2023-04-03,Lahore,26.0,72201.0,8.0,50.0,9025.125,0
4528,2024-03-19,Islamabad,46.0,33930.0,7.0,23.0,4847.142857142857,1
4529,2024-07-16,Multan,42.0,42705.0,8.0,22.0,5338.125,1
4530,2023-01-31,Lahore,29.0,49786.0,7.0,25.0,7112.285714285715,1
4531,2023-05-07,Lahore,23.0,24716.0,5.0,107.0,4943.2,1
4532,2024-12-05,Lahore,20.0,88554.0,12.0,3.0,7379.5,0
4533,2025-01-21,Lahore,35.0,55750.0,6.0,108.0,9291.666666666666,1
4534,2023-01-30,Lahore,26.0,28082.0,3.0,64.0,9360.666666666666,1
4535,2024-05-22,Islamabad,44.0,70950.0,9.0,31.0,7883.333333333333,0
4536,2023-03-22,Lahore,27.0,38821.0,7.0,22.0,5545.857142857143,1
4537,2024-12-24,Islamabad,25.0,46768.0,7.0,76.0,6681.142857142857,1
4538,2025-04-14,Multan,35.0,75924.0,11.0,9.0,6902.181818181818,0
4539,2025-05-19,Quetta,27.0,16723.0,5.0,69.0,3344.6,1
4540,2024-08-21,Islamabad,33.0,57583.0,10.0,22.0,5758.3,0
4541,2024-09-20,Lahore,42.0,58191.0,7.0,108.0,8313.0,1
4542,2025-07-15,Lahore,34.0,44737.0,7.0,8.0,6391.0,1
4543,2024-09-04,Lahore,34.0,112230.0,9.0,184.0,12470.0,0
4544,2024-03-22,Quetta,35.0,44544.0,7.0,9.0,6363.428571428572,1
4545,2025-01-24,Quetta,18.0,123759.0,12.0,19.0,10313.25,0
4546,2024-08-13,Karachi,37.0,18115.0,4.0,13.0,4528.75,1
4547,2025-04-22,Karachi,34.0,96460.0,12.0,14.0,8038.333333333333,0
4548,2024-06-08,Karachi,41.0,13063.0,1.0,90.0,13063.0,1
4549,2025-05-19,Lahore,38.0,49076.0,7.0,33.0,7010.857142857143,1
4550,2023-02-14,Quetta,31.0,61071.0,11.0,25.0,5551.909090909091,0
4551,2023-02-06,Lahore,42.0,74386.0,9.0,1.0,8265.111111111111,0
4552,2023-04-10,Karachi,30.0,28056.0,3.0,0.0,9352.0,1
4553,2024-07-10,Karachi,35.0,86651.0,9.0,34.0,9627.888888888889,0
4554,2024-12-09,Lahore,30.0,10673.0,2.0,178.0,5336.5,1
4555,2023-08-05,Karachi,37.0,16915.0,5.0,47.0,3383.0,1
4556,2023-06-05,Multan,30.0,67074.0,11.0,8.0,6097.636363636364,0
4557,2025-05-10,Lahore,48.0,54572.0,8.0,11.0,6821.5,0
4558,2025-01-20,Karachi,51.0,22581.0,3.0,196.0,7527.0,1
4559,2024-10-10,Karachi,41.0,50504.0,7.0,23.0,7214.857142857143,1
4560,2024-05-03,Lahore,47.0,52066.0,6.0,34.0,8677.666666666666,1
4561,2024-02-25,Lahore,19.0,5838.0,2.0,139.0,2919.0,1
4562,2023-01-21,Lahore,20.0,49347.0,8.0,26.0,6168.375,1
4563,2023-07-08,Lahore,30.0,95327.0,4.0,118.0,23831.75,0
4564,2025-06-15,Karachi,33.0,63739.0,11.0,80.0,5794.454545454545,0
4565,2023-12-06,Multan,31.0,44611.0,9.0,28.0,4956.777777777777,1
4566,2024-12-05,Islamabad,18.0,33774.0,7.0,59.0,4824.857142857143,1
4567,2024-12-04,Quetta,43.0,19333.0,3.0,111.0,6444.333333333333,1
4568,2023-11-06,Karachi,52.0,79955.0,11.0,26.0,7268.636363636364,0
4569,2023-07-24,Islamabad,45.0,83469.0,8.0,60.0,10433.625,0
4570,2024-11-22,Islamabad,43.0,103033.0,11.0,16.0,9366.636363636364,0
4571,2023-04-04,Lahore,35.0,21352.0,4.0,6.0,5338.0,1
4572,2024-05-09,Karachi,25.0,18128.0,4.0,5.0,4532.0,1
4573,2025-06-07,Karachi,34.0,33962.0,3.0,18.0,11320.666666666666,1
4574,2024-12-12,Islamabad,52.0,5221.0,2.0,86.0,2610.5,1
4575,2025-02-03,Karachi,30.0,90972.0,10.0,12.0,9097.2,0
4576,2023-03-25,Lahore,29.0,29426.0,6.0,5.0,4904.333333333333,1
4577,2023-07-19,Quetta,43.0,76782.0,8.0,0.0,9597.75,0
4578,2023-10-03,Lahore,44.0,79198.0,12.0,28.0,6599.833333333333,0
4579,2023-10-20,Quetta,25.0,56849.0,9.0,44.0,6316.555555555556,0
4580,2023-07-14,Multan,31.0,7235.0,2.0,142.0,3617.5,1
4581,2025-08-30,Multan,28.0,66952.0,8.0,64.0,8369.0,0
4582,2023-06-14,Islamabad,34.0,23853.0,4.0,48.0,5963.25,1
4583,2024-12-09,Lahore,43.0,78898.0,12.0,4.0,6574.833333333333,0
4584,2024-08-09,Islamabad,26.0,32444.0,5.0,2.0,6488.8,1
4585,2024-09-02,Islamabad,43.0,68110.0,9.0,15.0,7567.777777777777,0
4586,2023-08-03,Islamabad,34.0,36690.0,7.0,75.0,5241.428571428572,1
4587,2023-11-04,Lahore,54.0,47161.0,6.0,35.0,7860.166666666667,1
4588,2024-08-29,Lahore,36.0,57690.0,7.0,1.0,8241.42857142857,0
4589,2023-10-27,Karachi,32.0,40810.0,7.0,108.0,5830.0,1
4590,2024-11-25,Karachi,38.0,52863.0,7.0,90.0,7551.857142857143,1
4591,2023-02-09,Karachi,30.0,68196.0,10.0,3.0,6819.6,0
4592,2023-03-14,Multan,18.0,75214.0,11.0,61.0,6837.636363636364,0
4593,2024-12-29,Islamabad,31.0,40797.0,9.0,79.0,4533.0,1
4594,2024-09-08,Islamabad,31.0,68208.0,10.0,127.0,6820.8,0
4595,2023-02-13,Lahore,19.0,67817.0,7.0,24.0,9688.142857142857,0
4596,2025-06-18,Karachi,32.0,25736.0,7.0,20.0,3676.571428571429,1
4597,2023-01-05,Karachi,18.0,52814.0,8.0,18.0,6601.75,1
4598,2025-08-13,Lahore,30.0,32877.0,8.0,18.0,4109.625,1
4599,2024-12-30,Lahore,35.0,69146.0,12.0,15.0,5762.166666666667,0
4600,2025-09-15,Karachi,34.0,71875.0,10.0,24.0,7187.5,0
4601,2025-08-06,Lahore,29.0,41515.0,9.0,27.0,4612.777777777777,1
4602,2023-11-10,Karachi,32.0,84934.0,7.0,19.0,12133.42857142857,0
4603,2025-01-26,Lahore,26.0,73677.0,14.0,44.0,5262.642857142857,0
4604,2023-07-30,Lahore,33.0,90646.0,10.0,46.0,9064.6,0
4605,2024-04-16,Lahore,34.0,51320.0,8.0,6.0,6415.0,1
4606,2023-08-29,Islamabad,25.0,54813.0,9.0,9.0,6090.333333333333,0
4607,2024-05-01,Karachi,35.0,43376.0,8.0,58.0,5422.0,1
4608,2025-05-22,Karachi,35.0,98827.0,14.0,30.0,7059.071428571428,0
4609,2024-03-12,Lahore,32.0,42687.0,7.0,6.0,6098.142857142857,1
4610,2023-04-03,Quetta,55.0,40082.0,5.0,126.0,8016.4,1
4611,2023-11-21,Karachi,32.0,27550.0,3.0,227.0,9183.333333333334,1
4612,2025-02-25,Islamabad,30.0,71369.0,10.0,118.0,7136.9,0
4613,2024-06-05,Karachi,29.0,39362.0,6.0,25.0,6560.333333333333,1
4614,2024-07-14,Multan,24.0,35360.0,4.0,19.0,8840.0,1
4615,2024-03-07,Multan,39.0,78286.0,9.0,4.0,8698.444444444445,0
4616,2023-10-20,Karachi,27.0,40847.0,5.0,26.0,8169.4,1
4617,2024-08-21,Islamabad,28.0,24025.0,4.0,121.0,6006.25,1
4618,2024-09-25,Lahore,28.0,87506.0,15.0,8.0,5833.733333333334,0
4619,2025-06-17,Islamabad,24.0,31565.0,8.0,14.0,3945.625,1
4620,2024-09-09,Karachi,18.0,41740.0,8.0,11.0,5217.5,1
4621,2025-09-22,Lahore,29.0,80062.0,7.0,78.0,11437.42857142857,0
4622,2025-04-06,Quetta,41.0,11527.0,3.0,99.0,3842.3333333333335,1
4623,2023-03-20,Multan,35.0,23353.0,4.0,21.0,5838.25,1
4624,2024-01-28,Lahore,47.0,63199.0,9.0,79.0,7022.111111111111,0
4625,2024-01-20,Quetta,40.0,56322.0,8.0,25.0,7040.25,0
4626,2023-01-04,Karachi,38.0,47215.0,8.0,69.0,5901.875,1
4627,2023-06-30,Karachi,50.0,77412.0,7.0,62.0,11058.857142857143,0
4628,2025-02-01,Multan,32.0,55720.0,8.0,97.0,6965.0,1
4629,2023-12-19,Karachi,34.0,86813.0,11.0,31.0,7892.090909090909,0
4630,2023-05-28,Karachi,33.0,34036.0,6.0,25.0,5672.666666666667,1
4631,2023-10-15,Islamabad,47.0,67909.0,7.0,7.0,9701.285714285714,0
4632,2023-10-02,Lahore,33.0,41656.0,6.0,59.0,6942.666666666667,1
4633,2023-06-24,Karachi,27.0,30684.0,7.0,26.0,4383.428571428572,1
4634,2023-04-12,Karachi,38.0,86943.0,9.0,11.0,9660.333333333334,0
4635,2025-02-03,Islamabad,26.0,53217.0,9.0,61.0,5913.0,1
4636,2025-04-04,Lahore,38.0,76094.0,10.0,63.0,7609.4,0
4637,2024-05-11,Lahore,37.0,76099.0,12.0,156.0,6341.583333333333,0
4638,2024-09-07,Islamabad,31.0,11891.0,2.0,267.0,5945.5,1
4639,2025-07-08,Lahore,38.0,61670.0,7.0,9.0,8810.0,0
4640,2025-04-22,Karachi,20.0,65604.0,7.0,25.0,9372.0,0
4641,2023-02-02,Islamabad,34.0,95106.0,11.0,7.0,8646.0,0
4642,2025-08-10,Islamabad,29.0,46281.0,8.0,92.0,5785.125,1
4643,2023-03-08,Lahore,59.0,44726.0,9.0,56.0,4969.555555555556,1
4644,2023-01-27,Multan,34.0,111929.0,18.0,1.0,6218.277777777777,0
4645,2024-02-08,Islamabad,28.0,76208.0,9.0,40.0,8467.555555555555,0
4646,2025-01-15,Karachi,21.0,62168.0,8.0,99.0,7771.0,1
4647,2023-03-22,Islamabad,45.0,38058.0,7.0,8.0,5436.857142857143,1
4648,2023-10-20,Islamabad,30.0,38673.0,9.0,6.0,4297.0,1
4649,2023-09-20,Islamabad,26.0,73373.0,8.0,82.0,9171.625,0
4650,2024-02-02,Karachi,36.0,59137.0,7.0,1.0,8448.142857142857,0
4651,2025-09-13,Islamabad,39.0,47748.0,7.0,9.0,6821.142857142857,1
4652,2023-11-28,Quetta,39.0,65551.0,8.0,82.0,8193.875,0
4653,2023-07-28,Karachi,33.0,42585.0,8.0,114.0,5323.125,1
4654,2023-05-03,Multan,34.0,72988.0,8.0,18.0,9123.5,0
4655,2023-07-18,Islamabad,35.0,38549.0,8.0,13.0,4818.625,1
4656,2023-05-14,Multan,36.0,56147.0,8.0,41.0,7018.375,1
4657,2024-07-27,Quetta,37.0,35742.0,6.0,19.0,5957.0,1
4658,2024-02-25,Lahore,43.0,56470.0,6.0,55.0,9411.666666666666,1
4659,2024-05-12,Lahore,34.0,58514.0,9.0,77.0,6501.555555555556,1
4660,2025-04-12,Karachi,26.0,62741.0,8.0,18.0,7842.625,0
4661,2024-08-03,Karachi,32.0,60686.0,7.0,22.0,8669.42857142857,0
4662,2023-06-05,Karachi,40.0,71124.0,10.0,80.0,7112.4,0
4663,2024-01-12,Islamabad,18.0,86421.0,8.0,44.0,10802.625,0
4664,2023-11-09,Quetta,18.0,83814.0,13.0,39.0,6447.2307692307695,0
4665,2025-04-06,Karachi,41.0,66539.0,11.0,3.0,6049.0,0
4666,2023-11-04,Islamabad,47.0,33583.0,3.0,30.0,11194.333333333334,1
4667,2023-05-19,Lahore,22.0,48770.0,10.0,4.0,4877.0,0
4668,2025-01-06,Karachi,34.0,62466.0,6.0,89.0,10411.0,1
4669,2024-03-04,Lahore,29.0,48937.0,9.0,7.0,5437.444444444444,1
4670,2023-04-06,Karachi,31.0,31912.0,7.0,27.0,4558.857142857143,1
4671,2024-11-20,Karachi,36.0,28793.0,4.0,103.0,7198.25,1
4672,2023-07-30,Islamabad,21.0,77306.0,9.0,7.0,8589.555555555555,0
4673,2025-05-18,Islamabad,23.0,18812.0,5.0,103.0,3762.4,1
4674,2025-04-12,Karachi,30.0,101839.0,12.0,3.0,8486.583333333334,0
4675,2024-01-05,Lahore,32.0,81245.0,14.0,22.0,5803.214285714285,0
4676,2024-07-09,Lahore,23.0,92311.0,14.0,3.0,6593.642857142857,0
4677,2024-07-21,Quetta,40.0,35746.0,7.0,49.0,5106.571428571428,1
4678,2024-10-15,Quetta,29.0,79905.0,11.0,34.0,7264.090909090909,0
4679,2023-03-11,Karachi,29.0,43280.0,8.0,41.0,5410.0,1
4680,2023-11-21,Lahore,36.0,30874.0,8.0,131.0,3859.25,1
4681,2023-06-20,Karachi,32.0,94081.0,13.0,14.0,7237.0,0
4682,2024-11-28,Islamabad,41.0,56734.0,12.0,14.0,4727.833333333333,0
4683,2023-03-11,Karachi,25.0,38027.0,4.0,35.0,9506.75,1
4684,2024-05-31,Lahore,20.0,52985.0,8.0,21.0,6623.125,1
4685,2024-12-28,Karachi,30.0,47702.0,8.0,56.0,5962.75,1
4686,2025-08-06,Lahore,34.0,52554.0,7.0,19.0,7507.714285714285,1
4687,2023-10-16,Karachi,22.0,48049.0,8.0,95.0,6006.125,1
4688,2023-01-08,Lahore,21.0,32104.0,5.0,39.0,6420.8,1
4689,2024-12-24,Islamabad,35.0,50813.0,3.0,81.0,16937.666666666668,0
4690,2023-01-02,Karachi,26.0,47560.0,8.0,4.0,5945.0,1
4691,2023-03-08,Lahore,20.0,46741.0,5.0,122.0,9348.2,1
4692,2025-09-17,Karachi,42.0,53306.0,8.0,30.0,6663.25,1
4693,2025-05-12,Karachi,27.0,38259.0,8.0,18.0,4782.375,1
4694,2024-12-08,Islamabad,43.0,61126.0,7.0,0.0,8732.285714285714,0
4695,2025-04-15,Quetta,33.0,31665.0,4.0,125.0,7916.25,1
4696,2023-03-17,Lahore,36.0,16177.0,4.0,100.0,4044.25,1
4697,2023-03-30,Multan,31.0,18090.0,3.0,9.0,6030.0,1
4698,2023-10-28,Islamabad,18.0,71196.0,9.0,21.0,7910.666666666667,0
4699,2023-01-24,Islamabad,23.0,64283.0,6.0,21.0,10713.833333333334,0
4700,2025-06-07,Karachi,32.0,62087.0,10.0,21.0,6208.7,0
4701,2023-02-26,Karachi,36.0,86624.0,10.0,27.0,8662.4,0
4702,2024-06-28,Lahore,18.0,41626.0,8.0,148.0,5203.25,1
4703,2025-05-03,Quetta,33.0,83817.0,8.0,36.0,10477.125,0
4704,2025-01-04,Islamabad,23.0,67051.0,6.0,72.0,11175.166666666666,0
4705,2023-08-23,Karachi,35.0,44377.0,8.0,46.0,5547.125,1
4706,2024-04-15,Karachi,33.0,69357.0,9.0,8.0,7706.333333333333,0
4707,2024-07-02,Lahore,40.0,79363.0,13.0,7.0,6104.846153846154,0
4708,2025-02-06,Lahore,43.0,11003.0,1.0,224.0,11003.0,1
4709,2024-03-02,Islamabad,37.0,16566.0,5.0,1.0,3313.2,1
4710,2023-10-13,Karachi,41.0,58429.0,9.0,71.0,6492.111111111111,1
4711,2025-03-06,Islamabad,30.0,40447.0,7.0,46.0,5778.142857142857,1
4712,2025-06-05,Islamabad,58.0,67074.0,11.0,43.0,6097.636363636364,0
4713,2024-05-03,Islamabad,22.0,98925.0,9.0,53.0,10991.666666666666,0
4714,2023-01-29,Multan,28.0,53167.0,8.0,91.0,6645.875,1
4715,2024-05-15,Lahore,41.0,77916.0,13.0,68.0,5993.538461538462,0
4716,2025-06-08,Islamabad,40.0,15527.0,3.0,148.0,5175.666666666667,1
4717,2025-09-16,Islamabad,37.0,31245.0,4.0,73.0,7811.25,1
4718,2024-02-06,Lahore,39.0,64700.0,7.0,43.0,9242.857142857143,0
4719,2023-05-31,Lahore,18.0,54189.0,9.0,25.0,6021.0,0
4720,2024-07-26,Lahore,47.0,54720.0,10.0,67.0,5472.0,1
4721,2025-04-10,Lahore,31.0,69483.0,9.0,8.0,7720.333333333333,0
4722,2025-08-03,Karachi,44.0,50642.0,8.0,5.0,6330.25,1
4723,2023-02-21,Lahore,18.0,39904.0,8.0,18.0,4988.0,1
4724,2023-10-18,Islamabad,35.0,127991.0,15.0,34.0,8532.733333333334,0
4725,2024-04-22,Lahore,28.0,76736.0,8.0,3.0,9592.0,0
4726,2023-04-09,Lahore,38.0,10986.0,3.0,56.0,3662.0,1
4727,2025-06-05,Karachi,36.0,70145.0,10.0,89.0,7014.5,0
4728,2023-04-23,Lahore,36.0,21427.0,4.0,26.0,5356.75,1
4729,2024-10-27,Quetta,23.0,42134.0,7.0,76.0,6019.142857142857,1
4730,2025-07-07,Karachi,32.0,63080.0,11.0,70.0,5734.545454545455,0
4731,2024-11-16,Lahore,31.0,41354.0,6.0,110.0,6892.333333333333,1
4732,2025-02-02,Lahore,37.0,7187.0,3.0,150.0,2395.6666666666665,1
4733,2023-09-21,Karachi,42.0,58957.0,9.0,58.0,6550.777777777777,0
4734,2025-04-07,Islamabad,34.0,71453.0,12.0,20.0,5954.416666666667,0
4735,2024-02-23,Islamabad,22.0,65279.0,7.0,6.0,9325.57142857143,0
4736,2023-03-03,Karachi,34.0,44716.0,6.0,68.0,7452.666666666667,1
4737,2024-01-02,Islamabad,56.0,98189.0,10.0,58.0,9818.9,0
4738,2023-12-16,Karachi,48.0,93254.0,13.0,47.0,7173.384615384615,0
4739,2024-06-05,Multan,18.0,72517.0,6.0,77.0,12086.166666666666,0
4740,2023-09-22,Karachi,34.0,70051.0,6.0,6.0,11675.166666666666,0
4741,2024-04-07,Lahore,41.0,181565.0,20.0,44.0,9078.25,0
4742,2024-03-03,Islamabad,31.0,37836.0,10.0,11.0,3783.6,1
4743,2023-11-23,Multan,29.0,88751.0,11.0,11.0,8068.272727272727,0
4744,2024-11-27,Karachi,31.0,18620.0,4.0,18.0,4655.0,1
4745,2023-11-02,Quetta,38.0,41178.0,5.0,38.0,8235.6,1
4746,2025-02-04,Multan,23.0,78166.0,9.0,23.0,8685.111111111111,0
4747,2023-09-08,Lahore,44.0,14857.0,3.0,61.0,4952.333333333333,1
4748,2025-05-14,Islamabad,32.0,53953.0,10.0,8.0,5395.3,0
4749,2024-01-01,Islamabad,25.0,45125.0,9.0,26.0,5013.888888888889,1
4750,2023-02-10,Karachi,43.0,58772.0,9.0,27.0,6530.222222222223,0
4751,2023-05-30,Karachi,19.0,62483.0,8.0,10.0,7810.375,0
4752,2025-03-17,Multan,28.0,42848.0,6.0,175.0,7141.333333333333,1
4753,2025-05-22,Islamabad,28.0,65078.0,11.0,78.0,5916.181818181818,0
4754,2023-07-31,Karachi,52.0,41158.0,8.0,23.0,5144.75,1
4755,2024-08-25,Lahore,27.0,34675.0,5.0,2.0,6935.0,1
4756,2024-07-28,Karachi,18.0,44368.0,7.0,11.0,6338.285714285715,1
4757,2023-05-14,Multan,28.0,62618.0,6.0,43.0,10436.333333333334,0
4758,2024-03-27,Islamabad,37.0,30929.0,7.0,96.0,4418.428571428572,1
4759,2024-11-24,Lahore,40.0,58917.0,8.0,81.0,7364.625,1
4760,2025-08-25,Multan,53.0,57038.0,9.0,7.0,6337.555555555556,0
4761,2025-04-27,Multan,46.0,31239.0,3.0,309.0,10413.0,1
4762,2023-04-08,Karachi,35.0,64331.0,11.0,24.0,5848.272727272727,0
4763,2023-08-26,Lahore,25.0,59147.0,8.0,42.0,7393.375,0
4764,2024-03-12,Karachi,48.0,62699.0,13.0,5.0,4823.0,0
4765,2023-05-31,Lahore,30.0,85751.0,11.0,36.0,7795.545454545455,0
4766,2024-07-24,Karachi,27.0,31769.0,8.0,18.0,3971.125,1
4767,2023-01-09,Islamabad,29.0,51357.0,11.0,23.0,4668.818181818182,0
4768,2023-04-24,Multan,22.0,64464.0,6.0,63.0,10744.0,0
4769,2023-02-17,Karachi,29.0,70513.0,11.0,2.0,6410.272727272727,0
4770,2023-10-23,Multan,31.0,76491.0,11.0,2.0,6953.727272727273,0
4771,2025-02-01,Multan,40.0,76018.0,13.0,33.0,5847.538461538462,0
4772,2023-06-27,Lahore,30.0,92993.0,9.0,46.0,10332.555555555557,0
4773,2025-09-14,Lahore,22.0,50061.0,9.0,63.0,5562.333333333333,1
4774,2023-09-27,Islamabad,19.0,55418.0,6.0,49.0,9236.333333333334,1
4775,2023-02-14,Islamabad,35.0,23205.0,3.0,56.0,7735.0,1
4776,2023-12-02,Karachi,34.0,6944.0,2.0,48.0,3472.0,1
4777,2025-01-18,Islamabad,28.0,61468.0,11.0,20.0,5588.0,0
4778,2023-04-17,Islamabad,29.0,67572.0,12.0,42.0,5631.0,0
4779,2023-03-13,Islamabad,36.0,25586.0,5.0,28.0,5117.2,1
4780,2025-04-29,Islamabad,46.0,52576.0,7.0,12.0,7510.857142857143,1
4781,2024-08-15,Lahore,26.0,50043.0,7.0,1.0,7149.0,1
4782,2023-12-10,Lahore,34.0,53251.0,10.0,23.0,5325.1,0
4783,2025-01-26,Lahore,42.0,65624.0,9.0,1.0,7291.555555555556,0
4784,2025-04-24,Quetta,26.0,77266.0,10.0,9.0,7726.6,0
4785,2023-12-26,Multan,33.0,97317.0,9.0,54.0,10813.0,0
4786,2024-07-15,Islamabad,33.0,41831.0,10.0,14.0,4183.1,1
4787,2023-01-11,Lahore,21.0,70389.0,8.0,30.0,8798.625,0
4788,2023-11-03,Karachi,35.0,75205.0,12.0,42.0,6267.083333333333,0
4789,2024-08-18,Lahore,33.0,41092.0,5.0,42.0,8218.4,1
4790,2023-07-17,Karachi,38.0,86467.0,12.0,30.0,7205.583333333333,0
4791,2025-09-18,Lahore,22.0,61306.0,7.0,110.0,8758.0,1
4792,2025-08-29,Multan,33.0,19031.0,4.0,42.0,4757.75,1
4793,2023-09-15,Lahore,45.0,16333.0,3.0,30.0,5444.333333333333,1
4794,2024-02-01,Islamabad,52.0,27176.0,6.0,54.0,4529.333333333333,1
4795,2023-07-09,Quetta,45.0,45710.0,8.0,0.0,5713.75,1
4796,2024-05-18,Islamabad,22.0,75285.0,8.0,79.0,9410.625,0
4797,2023-05-04,Lahore,37.0,25292.0,6.0,173.0,4215.333333333333,1
4798,2024-01-26,Multan,29.0,56288.0,7.0,79.0,8041.142857142857,1
4799,2024-07-09,Islamabad,36.0,72351.0,10.0,69.0,7235.1,0
4800,2024-09-03,Karachi,26.0,52448.0,8.0,167.0,6556.0,1
4801,2024-08-19,Islamabad,18.0,56230.0,9.0,11.0,6247.777777777777,0
4802,2023-08-10,Multan,30.0,105659.0,16.0,8.0,6603.6875,0
4803,2025-03-03,Karachi,40.0,88045.0,9.0,10.0,9782.777777777776,0
4804,2024-11-22,Karachi,36.0,57984.0,11.0,3.0,5271.272727272727,0
4805,2025-01-23,Karachi,37.0,21783.0,7.0,4.0,3111.8571428571427,1
4806,2024-04-12,Lahore,35.0,88590.0,10.0,1.0,8859.0,0
4807,2025-06-11,Islamabad,37.0,58207.0,11.0,89.0,5291.545454545455,0
4808,2024-01-25,Lahore,38.0,50674.0,8.0,10.0,6334.25,1
4809,2025-03-16,Karachi,31.0,71730.0,8.0,80.0,8966.25,0
4810,2023-07-23,Karachi,34.0,47972.0,10.0,39.0,4797.2,1
4811,2023-09-05,Lahore,49.0,29600.0,6.0,128.0,4933.333333333333,1
4812,2024-06-10,Karachi,34.0,14700.0,4.0,4.0,3675.0,1
4813,2024-07-09,Islamabad,33.0,63898.0,7.0,39.0,9128.285714285714,0
4814,2025-01-16,Karachi,34.0,53567.0,7.0,85.0,7652.428571428572,1
4815,2023-10-25,Lahore,31.0,73067.0,6.0,54.0,12177.833333333334,0
4816,2025-05-22,Multan,29.0,78527.0,7.0,6.0,11218.142857142857,0
4817,2023-11-26,Quetta,35.0,49684.0,9.0,58.0,5520.444444444444,1
4818,2024-06-18,Karachi,28.0,100422.0,9.0,47.0,11158.0,0
4819,2025-07-20,Karachi,32.0,139627.0,14.0,7.0,9973.357142857143,0
4820,2024-06-23,Lahore,26.0,45846.0,6.0,35.0,7641.0,1
4821,2024-11-12,Lahore,34.0,81847.0,15.0,0.0,5456.466666666666,0
4822,2025-06-27,Karachi,38.0,54358.0,10.0,13.0,5435.8,0
4823,2025-09-01,Quetta,31.0,86911.0,7.0,46.0,12415.857142857143,0
4824,2024-05-14,Islamabad,18.0,36108.0,6.0,67.0,6018.0,1
4825,2024-02-21,Karachi,38.0,39122.0,5.0,96.0,7824.4,1
4826,2023-07-16,Quetta,34.0,118433.0,12.0,40.0,9869.416666666666,0
4827,2024-06-21,Karachi,24.0,66660.0,7.0,23.0,9522.857142857143,0
4828,2025-07-07,Lahore,40.0,108760.0,12.0,113.0,9063.333333333334,0
4829,2024-05-02,Karachi,20.0,87111.0,13.0,4.0,6700.846153846154,0
4830,2023-12-15,Lahore,42.0,26560.0,8.0,55.0,3320.0,1
4831,2023-04-18,Multan,32.0,80638.0,8.0,8.0,10079.75,0
4832,2024-01-25,Karachi,18.0,21585.0,6.0,26.0,3597.5,1
4833,2023-08-25,Islamabad,35.0,49226.0,8.0,46.0,6153.25,1
4834,2025-09-03,Karachi,29.0,65922.0,7.0,85.0,9417.42857142857,0
4835,2024-06-11,Multan,28.0,68222.0,11.0,98.0,6202.0,0
4836,2023-05-17,Islamabad,26.0,60961.0,6.0,89.0,10160.166666666666,1
4837,2023-03-09,Karachi,32.0,132472.0,10.0,19.0,13247.2,0
4838,2025-04-30,Lahore,29.0,114904.0,21.0,18.0,5471.619047619048,0
4839,2025-07-20,Multan,18.0,71247.0,12.0,8.0,5937.25,0
4840,2025-02-02,Karachi,44.0,76017.0,12.0,38.0,6334.75,0
4841,2023-05-04,Lahore,31.0,44045.0,6.0,96.0,7340.833333333333,1
4842,2023-04-09,Multan,26.0,40430.0,9.0,51.0,4492.222222222223,1
4843,2023-07-17,Lahore,23.0,45303.0,8.0,2.0,5662.875,1
4844,2025-01-21,Karachi,40.0,47550.0,5.0,5.0,9510.0,1
4845,2025-02-04,Karachi,21.0,67774.0,9.0,30.0,7530.444444444444,0
4846,2025-04-17,Karachi,34.0,112231.0,12.0,16.0,9352.583333333334,0
4847,2023-04-07,Karachi,28.0,76472.0,9.0,30.0,8496.888888888889,0
4848,2023-06-03,Lahore,28.0,61661.0,7.0,118.0,8808.714285714286,1
4849,2025-06-19,Lahore,23.0,42107.0,8.0,23.0,5263.375,1
4850,2025-07-17,Lahore,27.0,27422.0,4.0,14.0,6855.5,1
4851,2024-12-26,Lahore,33.0,62638.0,10.0,9.0,6263.8,0
4852,2023-04-17,Quetta,35.0,40071.0,7.0,5.0,5724.428571428572,1
4853,2023-03-10,Karachi,26.0,66537.0,11.0,6.0,6048.818181818182,0
4854,2023-02-25,Karachi,32.0,35061.0,6.0,49.0,5843.5,1
4855,2024-11-22,Karachi,41.0,42750.0,5.0,11.0,8550.0,1
4856,2025-04-25,Islamabad,18.0,48816.0,4.0,75.0,12204.0,1
4857,2024-09-23,Lahore,33.0,33689.0,8.0,91.0,4211.125,1
4858,2023-09-20,Lahore,24.0,54820.0,5.0,103.0,10964.0,1
4859,2025-01-27,Islamabad,24.0,82909.0,10.0,22.0,8290.9,0
4860,2023-03-01,Karachi,35.0,20286.0,3.0,323.0,6762.0,1
4861,2025-04-08,Islamabad,28.0,66538.0,7.0,67.0,9505.42857142857,0
4862,2025-06-10,Multan,22.0,62064.0,8.0,34.0,7758.0,0
4863,2024-12-19,Multan,45.0,26130.0,2.0,236.0,13065.0,1
4864,2025-05-29,Lahore,41.0,34954.0,9.0,96.0,3883.777777777778,1
4865,2024-08-09,Lahore,18.0,37764.0,11.0,18.0,3433.090909090909,1
4866,2024-04-13,Lahore,20.0,30810.0,6.0,69.0,5135.0,1
4867,2023-11-19,Islamabad,38.0,27210.0,5.0,183.0,5442.0,1
4868,2025-07-10,Multan,30.0,37002.0,4.0,19.0,9250.5,1
4869,2024-11-28,Quetta,47.0,53193.0,6.0,75.0,8865.5,1
4870,2023-07-10,Lahore,39.0,46866.0,6.0,132.0,7811.0,1
4871,2025-08-14,Multan,36.0,68613.0,5.0,106.0,13722.6,0
4872,2023-03-01,Karachi,24.0,43662.0,9.0,43.0,4851.333333333333,1
4873,2024-08-10,Multan,37.0,13437.0,4.0,76.0,3359.25,1
4874,2023-07-10,Karachi,22.0,35363.0,4.0,34.0,8840.75,1
4875,2024-10-26,Lahore,45.0,112797.0,11.0,6.0,10254.272727272728,0
4876,2024-02-17,Lahore,37.0,68787.0,11.0,2.0,6253.363636363636,0
4877,2024-03-13,Quetta,26.0,76441.0,10.0,113.0,7644.1,0
4878,2024-11-02,Karachi,40.0,105542.0,12.0,65.0,8795.166666666666,0
4879,2025-01-26,Karachi,53.0,8739.0,3.0,39.0,2913.0,1
4880,2024-01-16,Karachi,31.0,83364.0,9.0,14.0,9262.666666666666,0
4881,2025-09-24,Karachi,38.0,9187.0,2.0,12.0,4593.5,1
4882,2024-05-13,Quetta,29.0,54833.0,10.0,43.0,5483.3,0
4883,2023-06-10,Lahore,34.0,32795.0,6.0,3.0,5465.833333333333,1
4884,2023-01-07,Lahore,19.0,72477.0,10.0,0.0,7247.7,0
4885,2023-07-22,Islamabad,33.0,11932.0,2.0,208.0,5966.0,1
4886,2024-11-22,Karachi,33.0,53068.0,8.0,2.0,6633.5,0
4887,2024-06-23,Lahore,49.0,4882.0,3.0,20.0,1627.3333333333333,1
4888,2023-12-04,Lahore,18.0,37542.0,8.0,3.0,4692.75,1
4889,2024-04-26,Lahore,30.0,95516.0,11.0,26.0,8683.272727272728,0
4890,2025-04-18,Lahore,45.0,38916.0,7.0,21.0,5559.428571428572,1
4891,2024-07-25,Lahore,31.0,28760.0,9.0,14.0,3195.555555555556,1
4892,2023-02-28,Lahore,31.0,79194.0,11.0,15.0,7199.454545454545,0
4893,2023-02-19,Islamabad,26.0,97892.0,14.0,55.0,6992.285714285715,0
4894,2024-04-27,Multan,25.0,73087.0,10.0,9.0,7308.7,0
4895,2024-02-09,Multan,18.0,29103.0,6.0,57.0,4850.5,1
4896,2025-04-30,Karachi,27.0,97168.0,14.0,4.0,6940.571428571428,0
4897,2024-08-05,Karachi,24.0,69899.0,6.0,114.0,11649.833333333334,0
4898,2025-01-26,Quetta,34.0,85746.0,10.0,38.0,8574.6,0
4899,2024-08-08,Islamabad,26.0,80413.0,15.0,25.0,5360.866666666667,0
4900,2023-12-12,Karachi,29.0,70584.0,7.0,45.0,10083.42857142857,0
4901,2024-10-19,Lahore,29.0,13203.0,2.0,168.0,6601.5,1
4902,2024-09-13,Karachi,33.0,25667.0,2.0,153.0,12833.5,1
4903,2024-12-21,Karachi,28.0,67350.0,10.0,6.0,6735.0,0
4904,2023-07-09,Karachi,23.0,46501.0,10.0,4.0,4650.1,1
4905,2024-10-03,Lahore,34.0,62787.0,6.0,4.0,10464.5,0
4906,2023-10-13,Quetta,43.0,108877.0,13.0,1.0,8375.153846153846,0
4907,2025-03-01,Karachi,34.0,69191.0,9.0,3.0,7687.888888888889,0
4908,2025-03-09,Karachi,28.0,74736.0,11.0,33.0,6794.181818181818,0
4909,2024-09-16,Lahore,32.0,49403.0,7.0,17.0,7057.571428571428,1
4910,2025-08-04,Islamabad,18.0,25661.0,5.0,67.0,5132.2,1
4911,2024-06-21,Islamabad,32.0,44771.0,7.0,19.0,6395.857142857143,1
4912,2023-01-26,Lahore,29.0,45374.0,6.0,67.0,7562.333333333333,1
4913,2024-08-29,Karachi,25.0,53811.0,7.0,33.0,7687.285714285715,1
4914,2025-02-16,Islamabad,26.0,40472.0,6.0,22.0,6745.333333333333,1
4915,2023-04-12,Multan,29.0,31821.0,6.0,3.0,5303.5,1
4916,2023-04-15,Lahore,42.0,36400.0,6.0,47.0,6066.666666666667,1
4917,2023-10-01,Multan,43.0,59650.0,7.0,7.0,8521.42857142857,0
4918,2025-04-24,Karachi,25.0,67009.0,9.0,12.0,7445.444444444444,0
4919,2024-06-11,Lahore,28.0,118013.0,14.0,11.0,8429.5,0
4920,2025-09-03,Lahore,29.0,73413.0,7.0,29.0,10487.57142857143,0
4921,2025-05-22,Lahore,40.0,45801.0,6.0,6.0,7633.5,1
4922,2024-07-08,Lahore,34.0,14427.0,3.0,8.0,4809.0,1
4923,2024-11-10,Karachi,34.0,48654.0,13.0,19.0,3742.6153846153848,0
4924,2023-11-28,Islamabad,38.0,67745.0,10.0,33.0,6774.5,0
4925,2023-04-01,Lahore,28.0,41574.0,8.0,26.0,5196.75,1
4926,2024-02-03,Quetta,45.0,18537.0,5.0,18.0,3707.4,1
4927,2024-08-15,Lahore,33.0,51106.0,8.0,94.0,6388.25,1
4928,2023-07-02,Karachi,25.0,111734.0,12.0,11.0,9311.166666666666,0
4929,2023-08-10,Quetta,31.0,40959.0,8.0,68.0,5119.875,1
4930,2023-01-15,Multan,44.0,19623.0,3.0,55.0,6541.0,1
4931,2025-01-04,Islamabad,29.0,7909.0,3.0,7.0,2636.333333333333,1
4932,2025-06-18,Islamabad,42.0,26028.0,9.0,54.0,2892.0,1
4933,2025-04-07,Lahore,27.0,21386.0,6.0,3.0,3564.333333333333,1
4934,2024-01-15,Lahore,26.0,25058.0,6.0,59.0,4176.333333333333,1
4935,2024-08-16,Karachi,39.0,51891.0,10.0,81.0,5189.1,1
4936,2025-08-18,Lahore,25.0,86839.0,10.0,69.0,8683.9,0
4937,2024-08-14,Karachi,40.0,130387.0,12.0,16.0,10865.583333333334,0
4938,2023-10-23,Lahore,36.0,51893.0,6.0,205.0,8648.833333333334,1
4939,2023-12-05,Multan,25.0,91146.0,8.0,10.0,11393.25,0
4940,2024-12-28,Multan,32.0,64467.0,13.0,6.0,4959.0,0
4941,2024-03-22,Multan,28.0,39497.0,7.0,21.0,5642.428571428572,1
4942,2025-04-17,Islamabad,36.0,71370.0,6.0,123.0,11895.0,0
4943,2025-05-14,Lahore,50.0,23814.0,7.0,13.0,3402.0,1
4944,2023-02-05,Lahore,30.0,43177.0,8.0,20.0,5397.125,1
4945,2024-12-24,Islamabad,38.0,30093.0,5.0,106.0,6018.6,1
4946,2024-01-05,Islamabad,33.0,27620.0,8.0,66.0,3452.5,1
4947,2024-06-03,Karachi,33.0,59933.0,9.0,9.0,6659.222222222223,0
4948,2023-09-22,Karachi,32.0,66423.0,14.0,1.0,4744.5,0
4949,2024-01-04,Karachi,25.0,25513.0,4.0,43.0,6378.25,1
4950,2023-11-27,Lahore,36.0,63255.0,11.0,3.0,5750.454545454545,0
4951,2023-02-20,Karachi,30.0,48676.0,8.0,22.0,6084.5,1
4952,2025-02-21,Karachi,25.0,86082.0,12.0,2.0,7173.5,0
4953,2023-05-24,Islamabad,42.0,39174.0,5.0,10.0,7834.8,1
4954,2024-01-11,Quetta,34.0,35525.0,6.0,54.0,5920.833333333333,1
4955,2023-07-13,Karachi,31.0,40605.0,10.0,73.0,4060.5,1
4956,2023-06-10,Islamabad,45.0,117627.0,10.0,80.0,11762.7,0
4957,2024-01-09,Multan,18.0,71907.0,11.0,19.0,6537.0,0
4958,2025-07-07,Lahore,44.0,74100.0,8.0,49.0,9262.5,0
4959,2025-08-02,Islamabad,25.0,97327.0,9.0,15.0,10814.111111111111,0
4960,2024-01-17,Karachi,35.0,86122.0,8.0,11.0,10765.25,0
4961,2024-05-20,Karachi,28.0,60806.0,12.0,25.0,5067.166666666667,0
4962,2025-09-12,Lahore,25.0,87137.0,12.0,50.0,7261.416666666667,0
4963,2023-08-23,Multan,45.0,91270.0,9.0,109.0,10141.111111111111,0
4964,2025-08-02,Quetta,50.0,50722.0,8.0,217.0,6340.25,1
4965,2023-04-16,Lahore,31.0,35883.0,7.0,79.0,5126.142857142857,1
4966,2023-08-14,Lahore,36.0,71845.0,7.0,2.0,10263.57142857143,0
4967,2023-12-05,Lahore,34.0,71071.0,10.0,63.0,7107.1,0
4968,2023-02-07,Islamabad,49.0,94462.0,12.0,0.0,7871.833333333333,0
4969,2025-03-26,Karachi,18.0,60769.0,8.0,30.0,7596.125,0
4970,2025-05-05,Lahore,36.0,39226.0,6.0,56.0,6537.666666666667,1
4971,2024-01-19,Multan,26.0,35851.0,6.0,38.0,5975.166666666667,1
4972,2025-04-16,Karachi,18.0,90457.0,10.0,13.0,9045.7,0
4973,2025-02-11,Karachi,30.0,32805.0,6.0,5.0,5467.5,1
4974,2025-03-12,Karachi,50.0,32114.0,4.0,33.0,8028.5,1
4975,2025-03-13,Karachi,27.0,43364.0,5.0,60.0,8672.8,1
4976,2024-07-27,Karachi,40.0,61155.0,9.0,4.0,6795.0,0
4977,2023-04-21,Lahore,44.0,68512.0,9.0,45.0,7612.444444444444,0
4978,2025-07-12,Karachi,33.0,76732.0,13.0,29.0,5902.461538461538,0
4979,2024-08-31,Multan,34.0,77393.0,11.0,28.0,7035.727272727273,0
4980,2025-06-20,Karachi,18.0,32275.0,8.0,1.0,4034.375,1
4981,2025-08-17,Multan,27.0,36850.0,7.0,121.0,5264.285714285715,1
4982,2023-07-07,Karachi,41.0,103548.0,13.0,24.0,7965.2307692307695,0
4983,2024-02-07,Islamabad,34.0,68746.0,9.0,4.0,7638.444444444444,0
4984,2023-07-12,Lahore,36.0,36230.0,10.0,16.0,3623.0,1
4985,2023-02-20,Islamabad,34.0,63207.0,7.0,136.0,9029.57142857143,1
4986,2025-08-24,Lahore,53.0,75013.0,15.0,30.0,5000.866666666667,0
4987,2025-07-12,Lahore,29.0,108629.0,11.0,1.0,9875.363636363636,0
4988,2025-07-20,Lahore,47.0,31388.0,6.0,32.0,5231.333333333333,1
4989,2025-06-02,Lahore,34.0,32944.0,4.0,117.0,8236.0,1
4990,2024-10-10,Quetta,48.0,57977.0,10.0,3.0,5797.7,0
4991,2024-06-06,Quetta,22.0,20726.0,5.0,169.0,4145.2,1
4992,2025-09-18,Islamabad,35.0,49289.0,6.0,1.0,8214.833333333334,1
4993,2024-07-06,Lahore,29.0,66581.0,7.0,60.0,9511.57142857143,0
4994,2024-10-04,Multan,34.0,43018.0,6.0,98.0,7169.666666666667,1
4995,2023-07-31,Islamabad,44.0,50308.0,7.0,31.0,7186.857142857143,1
4996,2025-01-16,Karachi,36.0,16666.0,6.0,84.0,2777.6666666666665,1
4997,2025-03-30,Karachi,44.0,47690.0,7.0,159.0,6812.857142857143,1
4998,2024-11-09,Islamabad,27.0,72336.0,10.0,19.0,7233.6,0
4999,2024-05-13,Lahore,26.0,84216.0,14.0,14.0,6015.428571428572,0
